solid OpenSCAD_Model
  facet normal 0.998803 0.0489135 -5.36234e-20
    outer loop
      vertex 31 8 10
      vertex 30.9904 8.19603 5
      vertex 30.9904 8.19603 10
    endloop
  endfacet
  facet normal 0.998803 0.0489135 -5.36234e-20
    outer loop
      vertex 30.9904 8.19603 5
      vertex 31 8 10
      vertex 31 8 5
    endloop
  endfacet
  facet normal -0.0490735 0.998795 0
    outer loop
      vertex 29 10 5
      vertex 28.804 9.99037 10
      vertex 29 10 10
    endloop
  endfacet
  facet normal -0.0490735 0.998795 0
    outer loop
      vertex 28.804 9.99037 10
      vertex 29 10 5
      vertex 28.804 9.99037 5
    endloop
  endfacet
  facet normal 0.671635 0.740882 -0
    outer loop
      vertex 30.4142 9.41421 5
      vertex 30.2688 9.54602 10
      vertex 30.4142 9.41421 10
    endloop
  endfacet
  facet normal 0.671635 0.740882 0
    outer loop
      vertex 30.2688 9.54602 10
      vertex 30.4142 9.41421 5
      vertex 30.2688 9.54602 5
    endloop
  endfacet
  facet normal 0.336879 0.941548 -0
    outer loop
      vertex 29.7654 9.84776 5
      vertex 29.5806 9.91388 10
      vertex 29.7654 9.84776 10
    endloop
  endfacet
  facet normal 0.336879 0.941548 0
    outer loop
      vertex 29.5806 9.91388 10
      vertex 29.7654 9.84776 5
      vertex 29.5806 9.91388 5
    endloop
  endfacet
  facet normal -0.336879 0.941548 0
    outer loop
      vertex 28.4194 9.91388 5
      vertex 28.2346 9.84776 10
      vertex 28.4194 9.91388 10
    endloop
  endfacet
  facet normal -0.336879 0.941548 0
    outer loop
      vertex 28.2346 9.84776 10
      vertex 28.4194 9.91388 5
      vertex 28.2346 9.84776 5
    endloop
  endfacet
  facet normal -0.242967 0.970035 0
    outer loop
      vertex 28.6098 9.96157 5
      vertex 28.4194 9.91388 10
      vertex 28.6098 9.96157 10
    endloop
  endfacet
  facet normal -0.242967 0.970035 0
    outer loop
      vertex 28.4194 9.91388 10
      vertex 28.6098 9.96157 5
      vertex 28.4194 9.91388 5
    endloop
  endfacet
  facet normal -0.514196 0.857673 0
    outer loop
      vertex 28.0572 9.76384 5
      vertex 27.8889 9.66294 10
      vertex 28.0572 9.76384 10
    endloop
  endfacet
  facet normal -0.514196 0.857673 0
    outer loop
      vertex 27.8889 9.66294 10
      vertex 28.0572 9.76384 5
      vertex 27.8889 9.66294 5
    endloop
  endfacet
  facet normal 0.903819 0.427916 6.27398e-19
    outer loop
      vertex 30.8478 8.76537 10
      vertex 30.7638 8.94279 5
      vertex 30.7638 8.94279 10
    endloop
  endfacet
  facet normal 0.903819 0.427916 6.27398e-19
    outer loop
      vertex 30.7638 8.94279 5
      vertex 30.8478 8.76537 10
      vertex 30.8478 8.76537 5
    endloop
  endfacet
  facet normal 0.146696 0.989182 -0
    outer loop
      vertex 29.3902 9.96157 5
      vertex 29.196 9.99037 10
      vertex 29.3902 9.96157 10
    endloop
  endfacet
  facet normal 0.146696 0.989182 0
    outer loop
      vertex 29.196 9.99037 10
      vertex 29.3902 9.96157 5
      vertex 29.196 9.99037 5
    endloop
  endfacet
  facet normal 0 0 1
    outer loop
      vertex 35.7164 4.30248 5
      vertex 30.8478 7.23463 5
      vertex 35.6676 4.24098 5
    endloop
  endfacet
  facet normal 0 0 1
    outer loop
      vertex 35.5196 12.2773 5
      vertex 35.1841 13.0751 5
      vertex 35.5183 12.1988 5
    endloop
  endfacet
  facet normal 0 0 1
    outer loop
      vertex 35.5286 12.3553 5
      vertex 35.1841 13.0751 5
      vertex 35.5196 12.2773 5
    endloop
  endfacet
  facet normal 0 0 1
    outer loop
      vertex 35.5452 12.4321 5
      vertex 35.1841 13.0751 5
      vertex 35.5286 12.3553 5
    endloop
  endfacet
  facet normal 0 0 1
    outer loop
      vertex 35.5692 12.5068 5
      vertex 35.1841 13.0751 5
      vertex 35.5452 12.4321 5
    endloop
  endfacet
  facet normal 0 0 1
    outer loop
      vertex 35.1841 13.0751 5
      vertex 35.5692 12.5068 5
      vertex 35.5826 12.5378 5
    endloop
  endfacet
  facet normal 0 0 1
    outer loop
      vertex 36.9615 8.78414 5
      vertex 36.9425 8.61841 5
      vertex 36.9687 8.63783 5
    endloop
  endfacet
  facet normal 0 0 1
    outer loop
      vertex 36.9615 8.78414 5
      vertex 36.8843 8.56569 5
      vertex 36.9425 8.61841 5
    endloop
  endfacet
  facet normal 0 0 1
    outer loop
      vertex 36.8316 8.50751 5
      vertex 36.9615 8.78414 5
      vertex 36.8463 9.56072 5
    endloop
  endfacet
  facet normal 0 0 1
    outer loop
      vertex 36.9615 8.78414 5
      vertex 36.8316 8.50751 5
      vertex 36.8843 8.56569 5
    endloop
  endfacet
  facet normal 0 0 1
    outer loop
      vertex 36.8463 9.56072 5
      vertex 36.7848 8.44446 5
      vertex 36.8316 8.50751 5
    endloop
  endfacet
  facet normal 0 0 1
    outer loop
      vertex 36.8463 9.56072 5
      vertex 36.7445 8.37712 5
      vertex 36.7848 8.44446 5
    endloop
  endfacet
  facet normal 0 0 1
    outer loop
      vertex 36.8463 9.56072 5
      vertex 36.7109 8.30615 5
      vertex 36.7445 8.37712 5
    endloop
  endfacet
  facet normal 0 0 1
    outer loop
      vertex 36.8463 9.56072 5
      vertex 36.6844 8.23223 5
      vertex 36.7109 8.30615 5
    endloop
  endfacet
  facet normal 0 0 1
    outer loop
      vertex 36.6555 10.3223 5
      vertex 36.6844 8.23223 5
      vertex 36.8463 9.56072 5
    endloop
  endfacet
  facet normal 0 0 1
    outer loop
      vertex 30.9904 8.19603 5
      vertex 36.6555 10.3223 5
      vertex 35.771 11.6411 5
    endloop
  endfacet
  facet normal 0 0 1
    outer loop
      vertex 36.6555 10.3223 5
      vertex 30.9904 8.19603 5
      vertex 36.6844 8.23223 5
    endloop
  endfacet
  facet normal 0 0 1
    outer loop
      vertex 30.9904 8.19603 5
      vertex 35.771 11.6411 5
      vertex 35.7164 11.6975 5
    endloop
  endfacet
  facet normal 0 0 1
    outer loop
      vertex 35.8955 11.5456 5
      vertex 36.6555 10.3223 5
      vertex 36.391 11.0615 5
    endloop
  endfacet
  facet normal 0 0 1
    outer loop
      vertex 36.9425 7.38159 5
      vertex 36.9615 7.21586 5
      vertex 36.9687 7.36218 5
    endloop
  endfacet
  facet normal 0 0 1
    outer loop
      vertex 36.8843 7.43431 5
      vertex 36.9615 7.21586 5
      vertex 36.9425 7.38159 5
    endloop
  endfacet
  facet normal 0 0 1
    outer loop
      vertex 36.8316 7.49249 5
      vertex 36.9615 7.21586 5
      vertex 36.8843 7.43431 5
    endloop
  endfacet
  facet normal 0 0 1
    outer loop
      vertex 36.9615 7.21586 5
      vertex 36.8316 7.49249 5
      vertex 36.8463 6.43928 5
    endloop
  endfacet
  facet normal 0 0 1
    outer loop
      vertex 36.7848 7.55554 5
      vertex 36.8463 6.43928 5
      vertex 36.8316 7.49249 5
    endloop
  endfacet
  facet normal 0 0 1
    outer loop
      vertex 36.7445 7.62288 5
      vertex 36.8463 6.43928 5
      vertex 36.7848 7.55554 5
    endloop
  endfacet
  facet normal 0 0 1
    outer loop
      vertex 36.7109 7.69385 5
      vertex 36.8463 6.43928 5
      vertex 36.7445 7.62288 5
    endloop
  endfacet
  facet normal 0 0 1
    outer loop
      vertex 36.6844 7.76777 5
      vertex 36.8463 6.43928 5
      vertex 36.7109 7.69385 5
    endloop
  endfacet
  facet normal 0 0 1
    outer loop
      vertex 30.9904 7.80397 5
      vertex 36.6539 7.92159 5
      vertex 31 8 5
    endloop
  endfacet
  facet normal 0 0 1
    outer loop
      vertex 36.6844 7.76777 5
      vertex 36.6555 5.67772 5
      vertex 36.8463 6.43928 5
    endloop
  endfacet
  facet normal 0 0 1
    outer loop
      vertex 36.65 8 5
      vertex 31 8 5
      vertex 36.6539 7.92159 5
    endloop
  endfacet
  facet normal 0 0 1
    outer loop
      vertex 36.6539 8.07841 5
      vertex 31 8 5
      vertex 36.65 8 5
    endloop
  endfacet
  facet normal 0 0 1
    outer loop
      vertex 35.771 11.6411 5
      vertex 36.6555 10.3223 5
      vertex 35.8309 11.5903 5
    endloop
  endfacet
  facet normal 0 0 1
    outer loop
      vertex 36.6844 8.23223 5
      vertex 30.9904 8.19603 5
      vertex 36.6654 8.15607 5
    endloop
  endfacet
  facet normal 0 0 1
    outer loop
      vertex 36.1876 11.4357 5
      vertex 36.391 11.0615 5
      vertex 36.2156 11.4325 5
    endloop
  endfacet
  facet normal 0 0 1
    outer loop
      vertex 36.1109 11.4523 5
      vertex 36.391 11.0615 5
      vertex 36.1876 11.4357 5
    endloop
  endfacet
  facet normal 0 0 1
    outer loop
      vertex 36.0361 11.4763 5
      vertex 36.391 11.0615 5
      vertex 36.1109 11.4523 5
    endloop
  endfacet
  facet normal 0 0 1
    outer loop
      vertex 36.391 4.93853 5
      vertex 36.1876 4.56431 5
      vertex 36.2156 4.56753 5
    endloop
  endfacet
  facet normal 0 0 1
    outer loop
      vertex 35.9641 11.5075 5
      vertex 36.391 11.0615 5
      vertex 36.0361 11.4763 5
    endloop
  endfacet
  facet normal 0 0 1
    outer loop
      vertex 36.391 4.93853 5
      vertex 36.1109 4.54774 5
      vertex 36.1876 4.56431 5
    endloop
  endfacet
  facet normal 0 0 1
    outer loop
      vertex 35.8955 11.5456 5
      vertex 36.391 11.0615 5
      vertex 35.9641 11.5075 5
    endloop
  endfacet
  facet normal 0 0 1
    outer loop
      vertex 36.391 4.93853 5
      vertex 36.0361 4.52373 5
      vertex 36.1109 4.54774 5
    endloop
  endfacet
  facet normal 0 0 1
    outer loop
      vertex 36.6555 10.3223 5
      vertex 35.8955 11.5456 5
      vertex 35.8309 11.5903 5
    endloop
  endfacet
  facet normal 0 0 1
    outer loop
      vertex 36.391 4.93853 5
      vertex 35.9641 4.4925 5
      vertex 36.0361 4.52373 5
    endloop
  endfacet
  facet normal 0 0 1
    outer loop
      vertex 30.9904 8.19603 5
      vertex 35.7164 11.6975 5
      vertex 35.6676 11.759 5
    endloop
  endfacet
  facet normal 0 0 1
    outer loop
      vertex 36.391 4.93853 5
      vertex 35.8955 4.45436 5
      vertex 35.9641 4.4925 5
    endloop
  endfacet
  facet normal 0 -0 1
    outer loop
      vertex 35.8955 4.45436 5
      vertex 36.6555 5.67772 5
      vertex 35.8309 4.40968 5
    endloop
  endfacet
  facet normal 0 0 1
    outer loop
      vertex 36.6555 5.67772 5
      vertex 35.8955 4.45436 5
      vertex 36.391 4.93853 5
    endloop
  endfacet
  facet normal 0 0 1
    outer loop
      vertex 36.6654 8.15607 5
      vertex 30.9904 8.19603 5
      vertex 36.6539 8.07841 5
    endloop
  endfacet
  facet normal 0 0 1
    outer loop
      vertex 36.6555 5.67772 5
      vertex 35.771 4.35889 5
      vertex 35.8309 4.40968 5
    endloop
  endfacet
  facet normal 0 0 1
    outer loop
      vertex 30.9616 7.60982 5
      vertex 36.6654 7.84393 5
      vertex 30.9904 7.80397 5
    endloop
  endfacet
  facet normal 0 0 1
    outer loop
      vertex 36.6539 7.92159 5
      vertex 30.9904 7.80397 5
      vertex 36.6654 7.84393 5
    endloop
  endfacet
  facet normal 0 0 1
    outer loop
      vertex 30.9904 8.19603 5
      vertex 35.6676 11.759 5
      vertex 35.6251 11.825 5
    endloop
  endfacet
  facet normal 0 0 1
    outer loop
      vertex 36.6654 7.84393 5
      vertex 30.9616 7.60982 5
      vertex 36.6844 7.76777 5
    endloop
  endfacet
  facet normal 0 -0 1
    outer loop
      vertex 31 8 5
      vertex 36.6539 8.07841 5
      vertex 30.9904 8.19603 5
    endloop
  endfacet
  facet normal 0 0 1
    outer loop
      vertex 36.6844 7.76777 5
      vertex 30.9616 7.60982 5
      vertex 36.6555 5.67772 5
    endloop
  endfacet
  facet normal 0 0 1
    outer loop
      vertex 30.9904 8.19603 5
      vertex 35.6251 11.825 5
      vertex 35.5892 11.8948 5
    endloop
  endfacet
  facet normal -0 0 1
    outer loop
      vertex 30.9139 7.41943 5
      vertex 36.6555 5.67772 5
      vertex 30.9616 7.60982 5
    endloop
  endfacet
  facet normal 0 0 1
    outer loop
      vertex 30.9904 8.19603 5
      vertex 35.5892 11.8948 5
      vertex 35.5604 11.9678 5
    endloop
  endfacet
  facet normal 0 0 1
    outer loop
      vertex 36.6555 5.67772 5
      vertex 30.9139 7.41943 5
      vertex 35.771 4.35889 5
    endloop
  endfacet
  facet normal 0 0 1
    outer loop
      vertex 30.9904 8.19603 5
      vertex 35.5388 12.0433 5
      vertex 35.1841 13.0751 5
    endloop
  endfacet
  facet normal 0 0 1
    outer loop
      vertex 35.5388 12.0433 5
      vertex 30.9904 8.19603 5
      vertex 35.5604 11.9678 5
    endloop
  endfacet
  facet normal 0 0 1
    outer loop
      vertex 35.1841 13.0751 5
      vertex 35.5388 12.0433 5
      vertex 35.5248 12.1206 5
    endloop
  endfacet
  facet normal 0 0 1
    outer loop
      vertex 35.771 4.35889 5
      vertex 30.9139 7.41943 5
      vertex 35.7164 4.30248 5
    endloop
  endfacet
  facet normal 0 0 1
    outer loop
      vertex 35.1841 13.0751 5
      vertex 35.5248 12.1206 5
      vertex 35.5183 12.1988 5
    endloop
  endfacet
  facet normal -0 0 1
    outer loop
      vertex 30.8478 7.23463 5
      vertex 35.7164 4.30248 5
      vertex 30.9139 7.41943 5
    endloop
  endfacet
  facet normal -0 0 1
    outer loop
      vertex 30.7638 7.05721 5
      vertex 35.6676 4.24098 5
      vertex 30.8478 7.23463 5
    endloop
  endfacet
  facet normal 0 0 1
    outer loop
      vertex 35.5692 3.4932 5
      vertex 35.1841 2.92485 5
      vertex 35.5826 3.46222 5
    endloop
  endfacet
  facet normal 0 0 1
    outer loop
      vertex 35.5452 3.56795 5
      vertex 35.1841 2.92485 5
      vertex 35.5692 3.4932 5
    endloop
  endfacet
  facet normal 0 0 1
    outer loop
      vertex 35.5286 3.64468 5
      vertex 35.1841 2.92485 5
      vertex 35.5452 3.56795 5
    endloop
  endfacet
  facet normal 0 0 1
    outer loop
      vertex 35.5196 3.72268 5
      vertex 35.1841 2.92485 5
      vertex 35.5286 3.64468 5
    endloop
  endfacet
  facet normal 0 0 1
    outer loop
      vertex 35.6676 4.24098 5
      vertex 30.7638 7.05721 5
      vertex 35.6251 4.175 5
    endloop
  endfacet
  facet normal 0 0 1
    outer loop
      vertex 30.546 9.26879 5
      vertex 35.1841 13.0751 5
      vertex 34.6569 13.6569 5
    endloop
  endfacet
  facet normal 0 0 1
    outer loop
      vertex 35.6251 4.175 5
      vertex 30.6629 6.88886 5
      vertex 35.5892 4.10517 5
    endloop
  endfacet
  facet normal 0 0 1
    outer loop
      vertex 33.1206 14.5248 5
      vertex 34.6569 13.6569 5
      vertex 34.0751 14.1841 5
    endloop
  endfacet
  facet normal 0 0 1
    outer loop
      vertex 35.5892 4.10517 5
      vertex 30.6629 6.88886 5
      vertex 35.5604 4.03215 5
    endloop
  endfacet
  facet normal -0 0 1
    outer loop
      vertex 33.5068 14.5692 5
      vertex 34.0751 14.1841 5
      vertex 33.5378 14.5826 5
    endloop
  endfacet
  facet normal -0 0 1
    outer loop
      vertex 30.546 6.73121 5
      vertex 35.5604 4.03215 5
      vertex 30.6629 6.88886 5
    endloop
  endfacet
  facet normal -0 0 1
    outer loop
      vertex 33.4321 14.5452 5
      vertex 34.0751 14.1841 5
      vertex 33.5068 14.5692 5
    endloop
  endfacet
  facet normal 0 0 1
    outer loop
      vertex 35.5604 4.03215 5
      vertex 30.546 6.73121 5
      vertex 35.5388 3.95666 5
    endloop
  endfacet
  facet normal -0 0 1
    outer loop
      vertex 33.3553 14.5286 5
      vertex 34.0751 14.1841 5
      vertex 33.4321 14.5452 5
    endloop
  endfacet
  facet normal -0 0 1
    outer loop
      vertex 30.4142 6.58579 5
      vertex 35.5388 3.95666 5
      vertex 30.546 6.73121 5
    endloop
  endfacet
  facet normal -0 0 1
    outer loop
      vertex 33.2773 14.5196 5
      vertex 34.0751 14.1841 5
      vertex 33.3553 14.5286 5
    endloop
  endfacet
  facet normal 0 -0 1
    outer loop
      vertex 34.6569 2.34315 5
      vertex 35.5388 3.95666 5
      vertex 30.4142 6.58579 5
    endloop
  endfacet
  facet normal -0 0 1
    outer loop
      vertex 33.1988 14.5183 5
      vertex 34.0751 14.1841 5
      vertex 33.2773 14.5196 5
    endloop
  endfacet
  facet normal 0 0 1
    outer loop
      vertex 35.5388 3.95666 5
      vertex 34.6569 2.34315 5
      vertex 35.5248 3.87942 5
    endloop
  endfacet
  facet normal 0 0 1
    outer loop
      vertex 33.1206 14.5248 5
      vertex 34.0751 14.1841 5
      vertex 33.1988 14.5183 5
    endloop
  endfacet
  facet normal 0 0 1
    outer loop
      vertex 34.0751 1.81592 5
      vertex 33.5068 1.43081 5
      vertex 33.5378 1.41738 5
    endloop
  endfacet
  facet normal 0 0 1
    outer loop
      vertex 33.0433 14.5388 5
      vertex 34.6569 13.6569 5
      vertex 33.1206 14.5248 5
    endloop
  endfacet
  facet normal 0 -0 1
    outer loop
      vertex 35.1841 2.92485 5
      vertex 35.5248 3.87942 5
      vertex 34.6569 2.34315 5
    endloop
  endfacet
  facet normal 0 0 1
    outer loop
      vertex 34.6569 13.6569 5
      vertex 33.0433 14.5388 5
      vertex 30.4142 9.41421 5
    endloop
  endfacet
  facet normal 0 0 1
    outer loop
      vertex 34.0751 1.81592 5
      vertex 33.4321 1.45483 5
      vertex 33.5068 1.43081 5
    endloop
  endfacet
  facet normal 0 0 1
    outer loop
      vertex 30.2688 9.54602 5
      vertex 33.0433 14.5388 5
      vertex 32.9678 14.5604 5
    endloop
  endfacet
  facet normal 0 0 1
    outer loop
      vertex 35.5183 3.80118 5
      vertex 35.1841 2.92485 5
      vertex 35.5196 3.72268 5
    endloop
  endfacet
  facet normal 0 0 1
    outer loop
      vertex 30.2688 9.54602 5
      vertex 32.9678 14.5604 5
      vertex 32.8948 14.5892 5
    endloop
  endfacet
  facet normal 0 0 1
    outer loop
      vertex 34.0751 1.81592 5
      vertex 33.3553 1.4714 5
      vertex 33.4321 1.45483 5
    endloop
  endfacet
  facet normal 0 0 1
    outer loop
      vertex 30.1111 9.66294 5
      vertex 32.8948 14.5892 5
      vertex 32.825 14.6251 5
    endloop
  endfacet
  facet normal 0 0 1
    outer loop
      vertex 35.5248 3.87942 5
      vertex 35.1841 2.92485 5
      vertex 35.5183 3.80118 5
    endloop
  endfacet
  facet normal 0 0 1
    outer loop
      vertex 29.9428 9.76384 5
      vertex 32.825 14.6251 5
      vertex 32.759 14.6676 5
    endloop
  endfacet
  facet normal 0 0 1
    outer loop
      vertex 34.0751 1.81592 5
      vertex 33.2773 1.48037 5
      vertex 33.3553 1.4714 5
    endloop
  endfacet
  facet normal 0 0 1
    outer loop
      vertex 29.7654 9.84776 5
      vertex 32.759 14.6676 5
      vertex 32.6975 14.7164 5
    endloop
  endfacet
  facet normal 0 0 1
    outer loop
      vertex 34.0751 1.81592 5
      vertex 33.1988 1.48166 5
      vertex 33.2773 1.48037 5
    endloop
  endfacet
  facet normal 0 0 1
    outer loop
      vertex 29.7654 9.84776 5
      vertex 32.6975 14.7164 5
      vertex 32.6411 14.771 5
    endloop
  endfacet
  facet normal 0 -0 1
    outer loop
      vertex 33.0433 1.46119 5
      vertex 34.6569 2.34315 5
      vertex 30.4142 6.58579 5
    endloop
  endfacet
  facet normal 0 0 1
    outer loop
      vertex 31.3223 15.6555 5
      vertex 32.6411 14.771 5
      vertex 32.5903 14.8309 5
    endloop
  endfacet
  facet normal 0 0 1
    outer loop
      vertex 34.0751 1.81592 5
      vertex 33.1206 1.47524 5
      vertex 33.1988 1.48166 5
    endloop
  endfacet
  facet normal 0 0 1
    outer loop
      vertex 31.3223 15.6555 5
      vertex 32.5903 14.8309 5
      vertex 32.5456 14.8955 5
    endloop
  endfacet
  facet normal 0 0 1
    outer loop
      vertex 34.6569 2.34315 5
      vertex 33.1206 1.47524 5
      vertex 34.0751 1.81592 5
    endloop
  endfacet
  facet normal 0 0 1
    outer loop
      vertex 32.0615 15.391 5
      vertex 32.5456 14.8955 5
      vertex 32.5075 14.9641 5
    endloop
  endfacet
  facet normal 0 0 1
    outer loop
      vertex 34.6569 2.34315 5
      vertex 33.0433 1.46119 5
      vertex 33.1206 1.47524 5
    endloop
  endfacet
  facet normal 0 0 1
    outer loop
      vertex 32.0615 15.391 5
      vertex 32.5075 14.9641 5
      vertex 32.4763 15.0361 5
    endloop
  endfacet
  facet normal -0 0 1
    outer loop
      vertex 30.2688 6.45398 5
      vertex 33.0433 1.46119 5
      vertex 30.4142 6.58579 5
    endloop
  endfacet
  facet normal 0 0 1
    outer loop
      vertex 32.0615 15.391 5
      vertex 32.4763 15.0361 5
      vertex 32.4523 15.1109 5
    endloop
  endfacet
  facet normal 0 0 1
    outer loop
      vertex 33.0433 1.46119 5
      vertex 30.2688 6.45398 5
      vertex 32.9678 1.43963 5
    endloop
  endfacet
  facet normal 0 0 1
    outer loop
      vertex 32.0615 15.391 5
      vertex 32.4523 15.1109 5
      vertex 32.4357 15.1876 5
    endloop
  endfacet
  facet normal 0 0 1
    outer loop
      vertex 32.9678 1.43963 5
      vertex 30.2688 6.45398 5
      vertex 32.8948 1.41078 5
    endloop
  endfacet
  facet normal 0 0 1
    outer loop
      vertex 32.0615 15.391 5
      vertex 32.4357 15.1876 5
      vertex 32.4325 15.2156 5
    endloop
  endfacet
  facet normal -0 0 1
    outer loop
      vertex 30.1111 6.33706 5
      vertex 32.8948 1.41078 5
      vertex 30.2688 6.45398 5
    endloop
  endfacet
  facet normal 0 0 1
    outer loop
      vertex 32.5456 14.8955 5
      vertex 32.0615 15.391 5
      vertex 31.3223 15.6555 5
    endloop
  endfacet
  facet normal 0 0 1
    outer loop
      vertex 32.8948 1.41078 5
      vertex 30.1111 6.33706 5
      vertex 32.825 1.37491 5
    endloop
  endfacet
  facet normal 0 0 1
    outer loop
      vertex 32.6411 14.771 5
      vertex 31.3223 15.6555 5
      vertex 29.5806 9.91388 5
    endloop
  endfacet
  facet normal -0 0 1
    outer loop
      vertex 29.9428 6.23616 5
      vertex 32.825 1.37491 5
      vertex 30.1111 6.33706 5
    endloop
  endfacet
  facet normal 0 0 1
    outer loop
      vertex 32.825 1.37491 5
      vertex 29.9428 6.23616 5
      vertex 32.759 1.33236 5
    endloop
  endfacet
  facet normal -0 0 1
    outer loop
      vertex 30.6629 6.88886 5
      vertex 35.6251 4.175 5
      vertex 30.7638 7.05721 5
    endloop
  endfacet
  facet normal 0 0 1
    outer loop
      vertex 35.1841 13.0751 5
      vertex 30.9616 8.39018 5
      vertex 30.9904 8.19603 5
    endloop
  endfacet
  facet normal 0 0 1
    outer loop
      vertex 35.1841 13.0751 5
      vertex 30.9139 8.58057 5
      vertex 30.9616 8.39018 5
    endloop
  endfacet
  facet normal 0 0 1
    outer loop
      vertex 35.1841 13.0751 5
      vertex 30.8478 8.76537 5
      vertex 30.9139 8.58057 5
    endloop
  endfacet
  facet normal 0 0 1
    outer loop
      vertex 35.1841 13.0751 5
      vertex 30.7638 8.94279 5
      vertex 30.8478 8.76537 5
    endloop
  endfacet
  facet normal 0 0 1
    outer loop
      vertex 35.1841 13.0751 5
      vertex 30.6629 9.11114 5
      vertex 30.7638 8.94279 5
    endloop
  endfacet
  facet normal -0 0 1
    outer loop
      vertex 29.2322 15.6844 5
      vertex 31.3223 15.6555 5
      vertex 30.5607 15.8463 5
    endloop
  endfacet
  facet normal 0 0 1
    outer loop
      vertex 35.1841 13.0751 5
      vertex 30.546 9.26879 5
      vertex 30.6629 9.11114 5
    endloop
  endfacet
  facet normal 0 0 1
    outer loop
      vertex 34.6569 13.6569 5
      vertex 30.4142 9.41421 5
      vertex 30.546 9.26879 5
    endloop
  endfacet
  facet normal 0 0 1
    outer loop
      vertex 33.0433 14.5388 5
      vertex 30.2688 9.54602 5
      vertex 30.4142 9.41421 5
    endloop
  endfacet
  facet normal 0 0 1
    outer loop
      vertex 32.8948 14.5892 5
      vertex 30.1111 9.66294 5
      vertex 30.2688 9.54602 5
    endloop
  endfacet
  facet normal 0 0 1
    outer loop
      vertex 32.825 14.6251 5
      vertex 29.9428 9.76384 5
      vertex 30.1111 9.66294 5
    endloop
  endfacet
  facet normal 0 0 1
    outer loop
      vertex 29.4445 15.7848 5
      vertex 30.5607 15.8463 5
      vertex 29.7841 15.9615 5
    endloop
  endfacet
  facet normal 0 0 1
    outer loop
      vertex 32.759 14.6676 5
      vertex 29.7654 9.84776 5
      vertex 29.9428 9.76384 5
    endloop
  endfacet
  facet normal 0 0 1
    outer loop
      vertex 29.6184 15.9425 5
      vertex 29.7841 15.9615 5
      vertex 29.6378 15.9687 5
    endloop
  endfacet
  facet normal 0 0 1
    outer loop
      vertex 29.5657 15.8843 5
      vertex 29.7841 15.9615 5
      vertex 29.6184 15.9425 5
    endloop
  endfacet
  facet normal 0 0 1
    outer loop
      vertex 29.5075 15.8316 5
      vertex 29.7841 15.9615 5
      vertex 29.5657 15.8843 5
    endloop
  endfacet
  facet normal 0 0 1
    outer loop
      vertex 29.4445 15.7848 5
      vertex 29.7841 15.9615 5
      vertex 29.5075 15.8316 5
    endloop
  endfacet
  facet normal 0 0 1
    outer loop
      vertex 29.3771 15.7445 5
      vertex 30.5607 15.8463 5
      vertex 29.4445 15.7848 5
    endloop
  endfacet
  facet normal 0 0 1
    outer loop
      vertex 29.3061 15.7109 5
      vertex 30.5607 15.8463 5
      vertex 29.3771 15.7445 5
    endloop
  endfacet
  facet normal 0 0 1
    outer loop
      vertex 32.6411 14.771 5
      vertex 29.5806 9.91388 5
      vertex 29.7654 9.84776 5
    endloop
  endfacet
  facet normal 0 0 1
    outer loop
      vertex 29.2322 15.6844 5
      vertex 30.5607 15.8463 5
      vertex 29.3061 15.7109 5
    endloop
  endfacet
  facet normal 0 0 1
    outer loop
      vertex 31.3223 15.6555 5
      vertex 29.2322 15.6844 5
      vertex 29.5806 9.91388 5
    endloop
  endfacet
  facet normal 0 0 1
    outer loop
      vertex 29.5806 9.91388 5
      vertex 29.2322 15.6844 5
      vertex 29.3902 9.96157 5
    endloop
  endfacet
  facet normal -0 0 1
    outer loop
      vertex 29.1561 15.6654 5
      vertex 29.3902 9.96157 5
      vertex 29.2322 15.6844 5
    endloop
  endfacet
  facet normal 0 0 1
    outer loop
      vertex 29.3902 9.96157 5
      vertex 29.1561 15.6654 5
      vertex 29.196 9.99037 5
    endloop
  endfacet
  facet normal -0 0 1
    outer loop
      vertex 29.0784 15.6539 5
      vertex 29.196 9.99037 5
      vertex 29.1561 15.6654 5
    endloop
  endfacet
  facet normal 0 0 1
    outer loop
      vertex 29 10 5
      vertex 29.0784 15.6539 5
      vertex 29 15.65 5
    endloop
  endfacet
  facet normal 0 0 1
    outer loop
      vertex 29.0784 15.6539 5
      vertex 29 10 5
      vertex 29.196 9.99037 5
    endloop
  endfacet
  facet normal 0 0 1
    outer loop
      vertex 28.9216 15.6539 5
      vertex 29 10 5
      vertex 29 15.65 5
    endloop
  endfacet
  facet normal 0 0 1
    outer loop
      vertex 28.804 9.99037 5
      vertex 28.9216 15.6539 5
      vertex 28.8439 15.6654 5
    endloop
  endfacet
  facet normal 0 0 1
    outer loop
      vertex 28.9216 15.6539 5
      vertex 28.804 9.99037 5
      vertex 29 10 5
    endloop
  endfacet
  facet normal 0 0 1
    outer loop
      vertex 28.6098 9.96157 5
      vertex 28.8439 15.6654 5
      vertex 28.7678 15.6844 5
    endloop
  endfacet
  facet normal 0 0 1
    outer loop
      vertex 26.6777 15.6555 5
      vertex 28.7678 15.6844 5
      vertex 28.6939 15.7109 5
    endloop
  endfacet
  facet normal 0 0 1
    outer loop
      vertex 27.4393 15.8463 5
      vertex 28.6939 15.7109 5
      vertex 28.6229 15.7445 5
    endloop
  endfacet
  facet normal 0 0 1
    outer loop
      vertex 28.8439 15.6654 5
      vertex 28.6098 9.96157 5
      vertex 28.804 9.99037 5
    endloop
  endfacet
  facet normal 0 0 1
    outer loop
      vertex 27.4393 15.8463 5
      vertex 28.6229 15.7445 5
      vertex 28.5555 15.7848 5
    endloop
  endfacet
  facet normal 0 0 1
    outer loop
      vertex 27.4393 15.8463 5
      vertex 28.5555 15.7848 5
      vertex 28.4925 15.8316 5
    endloop
  endfacet
  facet normal 0 0 1
    outer loop
      vertex 28.2159 15.9615 5
      vertex 28.4925 15.8316 5
      vertex 28.4343 15.8843 5
    endloop
  endfacet
  facet normal 0 0 1
    outer loop
      vertex 26.6777 15.6555 5
      vertex 28.6939 15.7109 5
      vertex 27.4393 15.8463 5
    endloop
  endfacet
  facet normal 0 0 1
    outer loop
      vertex 28.2159 15.9615 5
      vertex 28.4343 15.8843 5
      vertex 28.3816 15.9425 5
    endloop
  endfacet
  facet normal -0 0 1
    outer loop
      vertex 28.2159 15.9615 5
      vertex 28.3816 15.9425 5
      vertex 28.3622 15.9687 5
    endloop
  endfacet
  facet normal 0 0 1
    outer loop
      vertex 28.4925 15.8316 5
      vertex 28.2159 15.9615 5
      vertex 27.4393 15.8463 5
    endloop
  endfacet
  facet normal 0 0 1
    outer loop
      vertex 28.7678 15.6844 5
      vertex 28.4194 9.91388 5
      vertex 28.6098 9.96157 5
    endloop
  endfacet
  facet normal 0 0 1
    outer loop
      vertex 28.7678 15.6844 5
      vertex 26.6777 15.6555 5
      vertex 28.4194 9.91388 5
    endloop
  endfacet
  facet normal -0 0 1
    outer loop
      vertex 25.3589 14.771 5
      vertex 28.4194 9.91388 5
      vertex 26.6777 15.6555 5
    endloop
  endfacet
  facet normal 0 0 1
    outer loop
      vertex 28.4194 9.91388 5
      vertex 25.3589 14.771 5
      vertex 28.2346 9.84776 5
    endloop
  endfacet
  facet normal -0 0 1
    outer loop
      vertex 25.241 14.6676 5
      vertex 28.2346 9.84776 5
      vertex 25.3025 14.7164 5
    endloop
  endfacet
  facet normal -0 0 1
    outer loop
      vertex 25.3025 14.7164 5
      vertex 28.2346 9.84776 5
      vertex 25.3589 14.771 5
    endloop
  endfacet
  facet normal 0 0 1
    outer loop
      vertex 27.75 9.55995 5
      vertex 22.4612 12.0433 5
      vertex 22.4396 11.9678 5
    endloop
  endfacet
  facet normal 0 0 1
    outer loop
      vertex 27.75 6.44005 5
      vertex 22.4752 3.87942 5
      vertex 22.4817 3.80118 5
    endloop
  endfacet
  facet normal -0 0 1
    outer loop
      vertex 22.4108 11.8948 5
      vertex 27.75 9.55995 5
      vertex 22.4396 11.9678 5
    endloop
  endfacet
  facet normal 0 0 1
    outer loop
      vertex 27.75 6.44005 5
      vertex 22.4612 3.95666 5
      vertex 22.4752 3.87942 5
    endloop
  endfacet
  facet normal -0 0 1
    outer loop
      vertex 22.3749 11.825 5
      vertex 27.75 9.55995 5
      vertex 22.4108 11.8948 5
    endloop
  endfacet
  facet normal 0 0 1
    outer loop
      vertex 27.75 6.44005 5
      vertex 22.4396 4.03215 5
      vertex 22.4612 3.95666 5
    endloop
  endfacet
  facet normal -0 0 1
    outer loop
      vertex 22.3324 11.759 5
      vertex 27.75 9.55995 5
      vertex 22.3749 11.825 5
    endloop
  endfacet
  facet normal 0 0 1
    outer loop
      vertex 27.75 6.44005 5
      vertex 22.4108 4.10517 5
      vertex 22.4396 4.03215 5
    endloop
  endfacet
  facet normal -0 0 1
    outer loop
      vertex 22.2836 11.6975 5
      vertex 27.75 9.55995 5
      vertex 22.3324 11.759 5
    endloop
  endfacet
  facet normal 0 0 1
    outer loop
      vertex 27.75 6.44005 5
      vertex 22.3749 4.175 5
      vertex 22.4108 4.10517 5
    endloop
  endfacet
  facet normal -0 0 1
    outer loop
      vertex 22.229 11.6411 5
      vertex 27.75 9.55995 5
      vertex 22.2836 11.6975 5
    endloop
  endfacet
  facet normal -0 0 1
    outer loop
      vertex 21.3461 7.92159 5
      vertex 27.75 6.44005 5
      vertex 21.35 8 5
    endloop
  endfacet
  facet normal 0 -0 1
    outer loop
      vertex 21.3461 8.07841 5
      vertex 27.75 9.55995 5
      vertex 21.3346 8.15607 5
    endloop
  endfacet
  facet normal 0 0 1
    outer loop
      vertex 27.75 6.44005 5
      vertex 22.3324 4.24098 5
      vertex 22.3749 4.175 5
    endloop
  endfacet
  facet normal 0 0 1
    outer loop
      vertex 21.3156 8.23223 5
      vertex 27.75 9.55995 5
      vertex 22.229 11.6411 5
    endloop
  endfacet
  facet normal -0 0 1
    outer loop
      vertex 21.3346 7.84393 5
      vertex 27.75 6.44005 5
      vertex 21.3461 7.92159 5
    endloop
  endfacet
  facet normal 0 0 1
    outer loop
      vertex 21.3445 10.3223 5
      vertex 22.229 11.6411 5
      vertex 22.1691 11.5903 5
    endloop
  endfacet
  facet normal 0 0 1
    outer loop
      vertex 27.75 6.44005 5
      vertex 22.2836 4.30248 5
      vertex 22.3324 4.24098 5
    endloop
  endfacet
  facet normal 0 0 1
    outer loop
      vertex 21.3445 10.3223 5
      vertex 22.1691 11.5903 5
      vertex 22.1045 11.5456 5
    endloop
  endfacet
  facet normal -0 0 1
    outer loop
      vertex 21.3156 7.76777 5
      vertex 27.75 6.44005 5
      vertex 21.3346 7.84393 5
    endloop
  endfacet
  facet normal 0 0 1
    outer loop
      vertex 21.609 11.0615 5
      vertex 22.1045 11.5456 5
      vertex 22.0359 11.5075 5
    endloop
  endfacet
  facet normal 0 0 1
    outer loop
      vertex 27.75 6.44005 5
      vertex 22.229 4.35889 5
      vertex 22.2836 4.30248 5
    endloop
  endfacet
  facet normal 0 0 1
    outer loop
      vertex 21.609 11.0615 5
      vertex 22.0359 11.5075 5
      vertex 21.9639 11.4763 5
    endloop
  endfacet
  facet normal 0 0 1
    outer loop
      vertex 27.75 6.44005 5
      vertex 21.3156 7.76777 5
      vertex 22.229 4.35889 5
    endloop
  endfacet
  facet normal 0 0 1
    outer loop
      vertex 21.609 11.0615 5
      vertex 21.9639 11.4763 5
      vertex 21.8891 11.4523 5
    endloop
  endfacet
  facet normal -0 -0 1
    outer loop
      vertex 21.3445 5.67772 5
      vertex 22.229 4.35889 5
      vertex 21.3156 7.76777 5
    endloop
  endfacet
  facet normal 0 0 1
    outer loop
      vertex 21.609 11.0615 5
      vertex 21.8891 11.4523 5
      vertex 21.8124 11.4357 5
    endloop
  endfacet
  facet normal 0 0 1
    outer loop
      vertex 22.229 4.35889 5
      vertex 21.3445 5.67772 5
      vertex 22.1691 4.40968 5
    endloop
  endfacet
  facet normal 0 0 1
    outer loop
      vertex 21.609 11.0615 5
      vertex 21.8124 11.4357 5
      vertex 21.7844 11.4325 5
    endloop
  endfacet
  facet normal 0 0 1
    outer loop
      vertex 22.1691 4.40968 5
      vertex 21.3445 5.67772 5
      vertex 22.1045 4.45436 5
    endloop
  endfacet
  facet normal 0 0 1
    outer loop
      vertex 22.1045 11.5456 5
      vertex 21.609 11.0615 5
      vertex 21.3445 10.3223 5
    endloop
  endfacet
  facet normal -0 -0 1
    outer loop
      vertex 21.609 4.93853 5
      vertex 22.1045 4.45436 5
      vertex 21.3445 5.67772 5
    endloop
  endfacet
  facet normal 0 0 1
    outer loop
      vertex 22.1045 4.45436 5
      vertex 21.609 4.93853 5
      vertex 22.0359 4.4925 5
    endloop
  endfacet
  facet normal 0 0 1
    outer loop
      vertex 27.75 9.55995 5
      vertex 21.35 8 5
      vertex 27.75 6.44005 5
    endloop
  endfacet
  facet normal 0 0 1
    outer loop
      vertex 22.229 11.6411 5
      vertex 21.3445 10.3223 5
      vertex 21.3156 8.23223 5
    endloop
  endfacet
  facet normal 0 -0 1
    outer loop
      vertex 21.35 8 5
      vertex 27.75 9.55995 5
      vertex 21.3461 8.07841 5
    endloop
  endfacet
  facet normal 0 0 1
    outer loop
      vertex 27.75 9.55995 5
      vertex 21.3156 8.23223 5
      vertex 21.3346 8.15607 5
    endloop
  endfacet
  facet normal 0 0 1
    outer loop
      vertex 21.3445 10.3223 5
      vertex 21.2891 8.30615 5
      vertex 21.3156 8.23223 5
    endloop
  endfacet
  facet normal -0 0 1
    outer loop
      vertex 21.1537 9.56072 5
      vertex 21.2891 8.30615 5
      vertex 21.3445 10.3223 5
    endloop
  endfacet
  facet normal 0 0 1
    outer loop
      vertex 21.2891 8.30615 5
      vertex 21.1537 9.56072 5
      vertex 21.2555 8.37712 5
    endloop
  endfacet
  facet normal 0 0 1
    outer loop
      vertex 21.2555 8.37712 5
      vertex 21.1537 9.56072 5
      vertex 21.2152 8.44446 5
    endloop
  endfacet
  facet normal 0 0 1
    outer loop
      vertex 21.2152 8.44446 5
      vertex 21.1537 9.56072 5
      vertex 21.1684 8.50751 5
    endloop
  endfacet
  facet normal -0 0 1
    outer loop
      vertex 21.0385 8.78414 5
      vertex 21.1684 8.50751 5
      vertex 21.1537 9.56072 5
    endloop
  endfacet
  facet normal 0 0 1
    outer loop
      vertex 21.1684 8.50751 5
      vertex 21.0385 8.78414 5
      vertex 21.1157 8.56569 5
    endloop
  endfacet
  facet normal 0 0 1
    outer loop
      vertex 21.1157 8.56569 5
      vertex 21.0385 8.78414 5
      vertex 21.0575 8.61841 5
    endloop
  endfacet
  facet normal 0 0 1
    outer loop
      vertex 21.0575 8.61841 5
      vertex 21.0385 8.78414 5
      vertex 21.0313 8.63783 5
    endloop
  endfacet
  facet normal 0 0 1
    outer loop
      vertex 23.3431 2.34315 5
      vertex 22.4817 3.80118 5
      vertex 22.8159 2.92485 5
    endloop
  endfacet
  facet normal -0 0 1
    outer loop
      vertex 22.4804 3.72268 5
      vertex 22.8159 2.92485 5
      vertex 22.4817 3.80118 5
    endloop
  endfacet
  facet normal -0 0 1
    outer loop
      vertex 22.4714 3.64468 5
      vertex 22.8159 2.92485 5
      vertex 22.4804 3.72268 5
    endloop
  endfacet
  facet normal -0 0 1
    outer loop
      vertex 22.4548 3.56795 5
      vertex 22.8159 2.92485 5
      vertex 22.4714 3.64468 5
    endloop
  endfacet
  facet normal -0 0 1
    outer loop
      vertex 22.4308 3.4932 5
      vertex 22.8159 2.92485 5
      vertex 22.4548 3.56795 5
    endloop
  endfacet
  facet normal 0 0 1
    outer loop
      vertex 22.8159 2.92485 5
      vertex 22.4308 3.4932 5
      vertex 22.4174 3.46222 5
    endloop
  endfacet
  facet normal 0 0 1
    outer loop
      vertex 21.9639 4.52373 5
      vertex 21.609 4.93853 5
      vertex 21.8891 4.54774 5
    endloop
  endfacet
  facet normal 0 0 1
    outer loop
      vertex 21.8124 4.56431 5
      vertex 21.609 4.93853 5
      vertex 21.7844 4.56753 5
    endloop
  endfacet
  facet normal 0 0 1
    outer loop
      vertex 21.8891 4.54774 5
      vertex 21.609 4.93853 5
      vertex 21.8124 4.56431 5
    endloop
  endfacet
  facet normal 0 0 1
    outer loop
      vertex 22.0359 4.4925 5
      vertex 21.609 4.93853 5
      vertex 21.9639 4.52373 5
    endloop
  endfacet
  facet normal -0 0 1
    outer loop
      vertex 21.2891 7.69385 5
      vertex 21.3445 5.67772 5
      vertex 21.3156 7.76777 5
    endloop
  endfacet
  facet normal 0 0 1
    outer loop
      vertex 21.1537 6.43928 5
      vertex 21.2891 7.69385 5
      vertex 21.2555 7.62288 5
    endloop
  endfacet
  facet normal 0 0 1
    outer loop
      vertex 21.1537 6.43928 5
      vertex 21.2555 7.62288 5
      vertex 21.2152 7.55554 5
    endloop
  endfacet
  facet normal 0 0 1
    outer loop
      vertex 21.1537 6.43928 5
      vertex 21.2152 7.55554 5
      vertex 21.1684 7.49249 5
    endloop
  endfacet
  facet normal 0 0 1
    outer loop
      vertex 21.2891 7.69385 5
      vertex 21.1537 6.43928 5
      vertex 21.3445 5.67772 5
    endloop
  endfacet
  facet normal 0 0 1
    outer loop
      vertex 21.0385 7.21586 5
      vertex 21.1684 7.49249 5
      vertex 21.1157 7.43431 5
    endloop
  endfacet
  facet normal 0 0 1
    outer loop
      vertex 21.0385 7.21586 5
      vertex 21.1157 7.43431 5
      vertex 21.0575 7.38159 5
    endloop
  endfacet
  facet normal 0 0 1
    outer loop
      vertex 21.1684 7.49249 5
      vertex 21.0385 7.21586 5
      vertex 21.1537 6.43928 5
    endloop
  endfacet
  facet normal 0 -0 1
    outer loop
      vertex 21.0385 7.21586 5
      vertex 21.0575 7.38159 5
      vertex 21.0313 7.36218 5
    endloop
  endfacet
  facet normal -0 0 1
    outer loop
      vertex 29.7654 6.15224 5
      vertex 32.759 1.33236 5
      vertex 29.9428 6.23616 5
    endloop
  endfacet
  facet normal 0 0 1
    outer loop
      vertex 32.759 1.33236 5
      vertex 29.7654 6.15224 5
      vertex 32.6975 1.28356 5
    endloop
  endfacet
  facet normal 0 0 1
    outer loop
      vertex 32.6975 1.28356 5
      vertex 29.7654 6.15224 5
      vertex 32.6411 1.22896 5
    endloop
  endfacet
  facet normal -0 0 1
    outer loop
      vertex 29.5806 6.08612 5
      vertex 32.6411 1.22896 5
      vertex 29.7654 6.15224 5
    endloop
  endfacet
  facet normal 0 -0 1
    outer loop
      vertex 31.3223 0.344478 5
      vertex 32.6411 1.22896 5
      vertex 29.5806 6.08612 5
    endloop
  endfacet
  facet normal 0 0 1
    outer loop
      vertex 32.6411 1.22896 5
      vertex 31.3223 0.344478 5
      vertex 32.5903 1.1691 5
    endloop
  endfacet
  facet normal 0 0 1
    outer loop
      vertex 32.5903 1.1691 5
      vertex 31.3223 0.344478 5
      vertex 32.5456 1.10454 5
    endloop
  endfacet
  facet normal 0 -0 1
    outer loop
      vertex 32.0615 0.608964 5
      vertex 32.5456 1.10454 5
      vertex 31.3223 0.344478 5
    endloop
  endfacet
  facet normal 0 0 1
    outer loop
      vertex 32.5456 1.10454 5
      vertex 32.0615 0.608964 5
      vertex 32.5075 1.03592 5
    endloop
  endfacet
  facet normal 0 0 1
    outer loop
      vertex 32.4523 0.889141 5
      vertex 32.0615 0.608964 5
      vertex 32.4357 0.812402 5
    endloop
  endfacet
  facet normal 0 0 1
    outer loop
      vertex 32.4357 0.812402 5
      vertex 32.0615 0.608964 5
      vertex 32.4325 0.784434 5
    endloop
  endfacet
  facet normal 0 0 1
    outer loop
      vertex 32.4763 0.963886 5
      vertex 32.0615 0.608964 5
      vertex 32.4523 0.889141 5
    endloop
  endfacet
  facet normal 0 0 1
    outer loop
      vertex 32.5075 1.03592 5
      vertex 32.0615 0.608964 5
      vertex 32.4763 0.963886 5
    endloop
  endfacet
  facet normal 0 0 1
    outer loop
      vertex 29.2322 0.315553 5
      vertex 31.3223 0.344478 5
      vertex 29.5806 6.08612 5
    endloop
  endfacet
  facet normal 0 0 1
    outer loop
      vertex 30.5607 0.153718 5
      vertex 29.4445 0.215177 5
      vertex 29.7841 0.0385227 5
    endloop
  endfacet
  facet normal 0 0 1
    outer loop
      vertex 29.7841 0.0385227 5
      vertex 29.6184 0.0575151 5
      vertex 29.6378 0.0313348 5
    endloop
  endfacet
  facet normal 0 0 1
    outer loop
      vertex 31.3223 0.344478 5
      vertex 29.2322 0.315553 5
      vertex 30.5607 0.153718 5
    endloop
  endfacet
  facet normal 0 0 1
    outer loop
      vertex 29.7841 0.0385227 5
      vertex 29.5657 0.115685 5
      vertex 29.6184 0.0575151 5
    endloop
  endfacet
  facet normal 0 0 1
    outer loop
      vertex 29.7841 0.0385227 5
      vertex 29.5075 0.168408 5
      vertex 29.5657 0.115685 5
    endloop
  endfacet
  facet normal 0 0 1
    outer loop
      vertex 29.7841 0.0385227 5
      vertex 29.4445 0.215177 5
      vertex 29.5075 0.168408 5
    endloop
  endfacet
  facet normal 0 0 1
    outer loop
      vertex 29.2322 0.315553 5
      vertex 29.5806 6.08612 5
      vertex 29.3902 6.03843 5
    endloop
  endfacet
  facet normal 0 0 1
    outer loop
      vertex 30.5607 0.153718 5
      vertex 29.3771 0.255537 5
      vertex 29.4445 0.215177 5
    endloop
  endfacet
  facet normal 0 0 1
    outer loop
      vertex 30.5607 0.153718 5
      vertex 29.3061 0.289104 5
      vertex 29.3771 0.255537 5
    endloop
  endfacet
  facet normal 0 0 1
    outer loop
      vertex 30.5607 0.153718 5
      vertex 29.2322 0.315553 5
      vertex 29.3061 0.289104 5
    endloop
  endfacet
  facet normal 0 0 1
    outer loop
      vertex 29.1561 0.334629 5
      vertex 29.3902 6.03843 5
      vertex 29.196 6.00963 5
    endloop
  endfacet
  facet normal 0 0 1
    outer loop
      vertex 29.3902 6.03843 5
      vertex 29.1561 0.334629 5
      vertex 29.2322 0.315553 5
    endloop
  endfacet
  facet normal 0 0 1
    outer loop
      vertex 29.196 6.00963 5
      vertex 29.0784 0.346148 5
      vertex 29.1561 0.334629 5
    endloop
  endfacet
  facet normal -0 0 1
    outer loop
      vertex 29 6 5
      vertex 29.0784 0.346148 5
      vertex 29.196 6.00963 5
    endloop
  endfacet
  facet normal 0 0 1
    outer loop
      vertex 29 6 5
      vertex 29 0.35 5
      vertex 29.0784 0.346148 5
    endloop
  endfacet
  facet normal 0 0 1
    outer loop
      vertex 29 6 5
      vertex 28.9216 0.346148 5
      vertex 29 0.35 5
    endloop
  endfacet
  facet normal 0 0 1
    outer loop
      vertex 28.804 6.00963 5
      vertex 28.9216 0.346148 5
      vertex 29 6 5
    endloop
  endfacet
  facet normal 0 0 1
    outer loop
      vertex 28.9216 0.346148 5
      vertex 28.804 6.00963 5
      vertex 28.8439 0.334629 5
    endloop
  endfacet
  facet normal 0 0 1
    outer loop
      vertex 28.6098 6.03843 5
      vertex 28.8439 0.334629 5
      vertex 28.804 6.00963 5
    endloop
  endfacet
  facet normal 0 0 1
    outer loop
      vertex 28.8439 0.334629 5
      vertex 28.6098 6.03843 5
      vertex 28.7678 0.315553 5
    endloop
  endfacet
  facet normal 0 0 1
    outer loop
      vertex 28.4194 6.08612 5
      vertex 28.7678 0.315553 5
      vertex 28.6098 6.03843 5
    endloop
  endfacet
  facet normal -0 0 1
    outer loop
      vertex 26.6777 0.344478 5
      vertex 28.7678 0.315553 5
      vertex 28.4194 6.08612 5
    endloop
  endfacet
  facet normal 0 0 1
    outer loop
      vertex 28.6939 0.289104 5
      vertex 27.4393 0.153718 5
      vertex 28.6229 0.255537 5
    endloop
  endfacet
  facet normal 0 0 1
    outer loop
      vertex 28.6229 0.255537 5
      vertex 27.4393 0.153718 5
      vertex 28.5555 0.215177 5
    endloop
  endfacet
  facet normal 0 0 1
    outer loop
      vertex 28.5555 0.215177 5
      vertex 27.4393 0.153718 5
      vertex 28.4925 0.168408 5
    endloop
  endfacet
  facet normal 0 0 1
    outer loop
      vertex 28.7678 0.315553 5
      vertex 26.6777 0.344478 5
      vertex 28.6939 0.289104 5
    endloop
  endfacet
  facet normal 0 -0 1
    outer loop
      vertex 28.2159 0.0385227 5
      vertex 28.4925 0.168408 5
      vertex 27.4393 0.153718 5
    endloop
  endfacet
  facet normal 0 0 1
    outer loop
      vertex 28.4925 0.168408 5
      vertex 28.2159 0.0385227 5
      vertex 28.4343 0.115685 5
    endloop
  endfacet
  facet normal 0 0 1
    outer loop
      vertex 25.3589 1.22896 5
      vertex 28.4194 6.08612 5
      vertex 28.2346 6.15224 5
    endloop
  endfacet
  facet normal 0 0 1
    outer loop
      vertex 28.3816 0.0575151 5
      vertex 28.2159 0.0385227 5
      vertex 28.3622 0.0313348 5
    endloop
  endfacet
  facet normal 0 0 1
    outer loop
      vertex 25.241 1.33236 5
      vertex 28.2346 6.15224 5
      vertex 28.0572 6.23616 5
    endloop
  endfacet
  facet normal 0 0 1
    outer loop
      vertex 25.175 1.37491 5
      vertex 28.0572 6.23616 5
      vertex 27.8889 6.33706 5
    endloop
  endfacet
  facet normal 0 0 1
    outer loop
      vertex 25.1052 1.41078 5
      vertex 27.8889 6.33706 5
      vertex 27.75 6.44005 5
    endloop
  endfacet
  facet normal 0 0 1
    outer loop
      vertex 28.4343 0.115685 5
      vertex 28.2159 0.0385227 5
      vertex 28.3816 0.0575151 5
    endloop
  endfacet
  facet normal 0 0 1
    outer loop
      vertex 28.0572 9.76384 5
      vertex 25.175 14.6251 5
      vertex 27.8889 9.66294 5
    endloop
  endfacet
  facet normal 0 0 1
    outer loop
      vertex 28.2346 9.84776 5
      vertex 25.241 14.6676 5
      vertex 28.0572 9.76384 5
    endloop
  endfacet
  facet normal -0 0 1
    outer loop
      vertex 25.1052 14.5892 5
      vertex 27.8889 9.66294 5
      vertex 25.175 14.6251 5
    endloop
  endfacet
  facet normal 0 0 1
    outer loop
      vertex 25.4544 14.8955 5
      vertex 26.6777 15.6555 5
      vertex 25.9385 15.391 5
    endloop
  endfacet
  facet normal -0 0 1
    outer loop
      vertex 25.175 14.6251 5
      vertex 28.0572 9.76384 5
      vertex 25.241 14.6676 5
    endloop
  endfacet
  facet normal 0 0 1
    outer loop
      vertex 25.5643 15.1876 5
      vertex 25.9385 15.391 5
      vertex 25.5675 15.2156 5
    endloop
  endfacet
  facet normal 0 0 1
    outer loop
      vertex 25.5477 15.1109 5
      vertex 25.9385 15.391 5
      vertex 25.5643 15.1876 5
    endloop
  endfacet
  facet normal 0 0 1
    outer loop
      vertex 25.5237 15.0361 5
      vertex 25.9385 15.391 5
      vertex 25.5477 15.1109 5
    endloop
  endfacet
  facet normal 0 0 1
    outer loop
      vertex 25.9385 0.608964 5
      vertex 25.5643 0.812402 5
      vertex 25.5675 0.784434 5
    endloop
  endfacet
  facet normal 0 0 1
    outer loop
      vertex 25.4925 14.9641 5
      vertex 25.9385 15.391 5
      vertex 25.5237 15.0361 5
    endloop
  endfacet
  facet normal 0 0 1
    outer loop
      vertex 25.9385 0.608964 5
      vertex 25.5477 0.889141 5
      vertex 25.5643 0.812402 5
    endloop
  endfacet
  facet normal 0 0 1
    outer loop
      vertex 25.4544 14.8955 5
      vertex 25.9385 15.391 5
      vertex 25.4925 14.9641 5
    endloop
  endfacet
  facet normal 0 0 1
    outer loop
      vertex 25.9385 0.608964 5
      vertex 25.5237 0.963886 5
      vertex 25.5477 0.889141 5
    endloop
  endfacet
  facet normal 0 0 1
    outer loop
      vertex 26.6777 15.6555 5
      vertex 25.4544 14.8955 5
      vertex 25.4097 14.8309 5
    endloop
  endfacet
  facet normal 0 0 1
    outer loop
      vertex 25.9385 0.608964 5
      vertex 25.4925 1.03592 5
      vertex 25.5237 0.963886 5
    endloop
  endfacet
  facet normal 0 0 1
    outer loop
      vertex 26.6777 15.6555 5
      vertex 25.4097 14.8309 5
      vertex 25.3589 14.771 5
    endloop
  endfacet
  facet normal 0 0 1
    outer loop
      vertex 25.9385 0.608964 5
      vertex 25.4544 1.10454 5
      vertex 25.4925 1.03592 5
    endloop
  endfacet
  facet normal 0 0 1
    outer loop
      vertex 27.8889 9.66294 5
      vertex 25.1052 14.5892 5
      vertex 27.75 9.55995 5
    endloop
  endfacet
  facet normal 0 0 1
    outer loop
      vertex 26.6777 0.344478 5
      vertex 25.4544 1.10454 5
      vertex 25.9385 0.608964 5
    endloop
  endfacet
  facet normal -0 -0 1
    outer loop
      vertex 25.4097 1.1691 5
      vertex 26.6777 0.344478 5
      vertex 25.3589 1.22896 5
    endloop
  endfacet
  facet normal -0 -0 1
    outer loop
      vertex 25.4544 1.10454 5
      vertex 26.6777 0.344478 5
      vertex 25.4097 1.1691 5
    endloop
  endfacet
  facet normal 0 0 1
    outer loop
      vertex 28.4194 6.08612 5
      vertex 25.3589 1.22896 5
      vertex 26.6777 0.344478 5
    endloop
  endfacet
  facet normal 0 0 1
    outer loop
      vertex 28.6939 0.289104 5
      vertex 26.6777 0.344478 5
      vertex 27.4393 0.153718 5
    endloop
  endfacet
  facet normal 0 0 1
    outer loop
      vertex 28.2346 6.15224 5
      vertex 25.241 1.33236 5
      vertex 25.3025 1.28356 5
    endloop
  endfacet
  facet normal 0 0 1
    outer loop
      vertex 28.2346 6.15224 5
      vertex 25.3025 1.28356 5
      vertex 25.3589 1.22896 5
    endloop
  endfacet
  facet normal -0 0 1
    outer loop
      vertex 25.0322 14.5604 5
      vertex 27.75 9.55995 5
      vertex 25.1052 14.5892 5
    endloop
  endfacet
  facet normal 0 0 1
    outer loop
      vertex 28.0572 6.23616 5
      vertex 25.175 1.37491 5
      vertex 25.241 1.33236 5
    endloop
  endfacet
  facet normal -0 0 1
    outer loop
      vertex 24.9567 14.5388 5
      vertex 27.75 9.55995 5
      vertex 25.0322 14.5604 5
    endloop
  endfacet
  facet normal -0 0 1
    outer loop
      vertex 23.3431 13.6569 5
      vertex 27.75 9.55995 5
      vertex 24.9567 14.5388 5
    endloop
  endfacet
  facet normal 0 0 1
    outer loop
      vertex 27.75 9.55995 5
      vertex 23.3431 13.6569 5
      vertex 22.4612 12.0433 5
    endloop
  endfacet
  facet normal 0 0 1
    outer loop
      vertex 27.8889 6.33706 5
      vertex 25.1052 1.41078 5
      vertex 25.175 1.37491 5
    endloop
  endfacet
  facet normal 0 0 1
    outer loop
      vertex 22.4612 12.0433 5
      vertex 23.3431 13.6569 5
      vertex 22.4752 12.1206 5
    endloop
  endfacet
  facet normal -0 0 1
    outer loop
      vertex 22.4817 3.80118 5
      vertex 23.3431 2.34315 5
      vertex 27.75 6.44005 5
    endloop
  endfacet
  facet normal 0 0 1
    outer loop
      vertex 23.3431 13.6569 5
      vertex 24.9567 14.5388 5
      vertex 24.8794 14.5248 5
    endloop
  endfacet
  facet normal 0 0 1
    outer loop
      vertex 27.75 6.44005 5
      vertex 25.0322 1.43963 5
      vertex 25.1052 1.41078 5
    endloop
  endfacet
  facet normal 0 0 1
    outer loop
      vertex 23.9249 14.1841 5
      vertex 24.8794 14.5248 5
      vertex 24.8012 14.5183 5
    endloop
  endfacet
  facet normal 0 0 1
    outer loop
      vertex 27.75 6.44005 5
      vertex 24.9567 1.46119 5
      vertex 25.0322 1.43963 5
    endloop
  endfacet
  facet normal 0 0 1
    outer loop
      vertex 23.9249 14.1841 5
      vertex 24.8012 14.5183 5
      vertex 24.7227 14.5196 5
    endloop
  endfacet
  facet normal 0 0 1
    outer loop
      vertex 27.75 6.44005 5
      vertex 23.3431 2.34315 5
      vertex 24.9567 1.46119 5
    endloop
  endfacet
  facet normal 0 0 1
    outer loop
      vertex 23.9249 14.1841 5
      vertex 24.7227 14.5196 5
      vertex 24.6447 14.5286 5
    endloop
  endfacet
  facet normal 0 0 1
    outer loop
      vertex 24.9567 1.46119 5
      vertex 23.3431 2.34315 5
      vertex 24.8794 1.47524 5
    endloop
  endfacet
  facet normal 0 0 1
    outer loop
      vertex 23.9249 14.1841 5
      vertex 24.6447 14.5286 5
      vertex 24.5679 14.5452 5
    endloop
  endfacet
  facet normal -0 -0 1
    outer loop
      vertex 23.9249 1.81592 5
      vertex 24.8794 1.47524 5
      vertex 23.3431 2.34315 5
    endloop
  endfacet
  facet normal 0 0 1
    outer loop
      vertex 23.9249 14.1841 5
      vertex 24.5679 14.5452 5
      vertex 24.4932 14.5692 5
    endloop
  endfacet
  facet normal 0 0 1
    outer loop
      vertex 24.8794 1.47524 5
      vertex 23.9249 1.81592 5
      vertex 24.8012 1.48166 5
    endloop
  endfacet
  facet normal 0 0 1
    outer loop
      vertex 23.9249 14.1841 5
      vertex 24.4932 14.5692 5
      vertex 24.4622 14.5826 5
    endloop
  endfacet
  facet normal 0 0 1
    outer loop
      vertex 24.8012 1.48166 5
      vertex 23.9249 1.81592 5
      vertex 24.7227 1.48037 5
    endloop
  endfacet
  facet normal 0 0 1
    outer loop
      vertex 24.8794 14.5248 5
      vertex 23.9249 14.1841 5
      vertex 23.3431 13.6569 5
    endloop
  endfacet
  facet normal 0 0 1
    outer loop
      vertex 24.7227 1.48037 5
      vertex 23.9249 1.81592 5
      vertex 24.6447 1.4714 5
    endloop
  endfacet
  facet normal -0 0 1
    outer loop
      vertex 22.8159 13.0751 5
      vertex 22.4752 12.1206 5
      vertex 23.3431 13.6569 5
    endloop
  endfacet
  facet normal 0 0 1
    outer loop
      vertex 24.4932 1.43081 5
      vertex 23.9249 1.81592 5
      vertex 24.4622 1.41738 5
    endloop
  endfacet
  facet normal 0 0 1
    outer loop
      vertex 22.4752 12.1206 5
      vertex 22.8159 13.0751 5
      vertex 22.4817 12.1988 5
    endloop
  endfacet
  facet normal 0 0 1
    outer loop
      vertex 24.5679 1.45483 5
      vertex 23.9249 1.81592 5
      vertex 24.4932 1.43081 5
    endloop
  endfacet
  facet normal 0 0 1
    outer loop
      vertex 24.6447 1.4714 5
      vertex 23.9249 1.81592 5
      vertex 24.5679 1.45483 5
    endloop
  endfacet
  facet normal 0 0 1
    outer loop
      vertex 22.8159 13.0751 5
      vertex 22.4804 12.2773 5
      vertex 22.4817 12.1988 5
    endloop
  endfacet
  facet normal 0 0 1
    outer loop
      vertex 22.8159 13.0751 5
      vertex 22.4714 12.3553 5
      vertex 22.4804 12.2773 5
    endloop
  endfacet
  facet normal 0 0 1
    outer loop
      vertex 22.8159 13.0751 5
      vertex 22.4548 12.4321 5
      vertex 22.4714 12.3553 5
    endloop
  endfacet
  facet normal 0 0 1
    outer loop
      vertex 22.8159 13.0751 5
      vertex 22.4308 12.5068 5
      vertex 22.4548 12.4321 5
    endloop
  endfacet
  facet normal 0 -0 1
    outer loop
      vertex 22.4308 12.5068 5
      vertex 22.8159 13.0751 5
      vertex 22.4174 12.5378 5
    endloop
  endfacet
  facet normal -0.146696 0.989182 0
    outer loop
      vertex 28.804 9.99037 5
      vertex 28.6098 9.96157 10
      vertex 28.804 9.99037 10
    endloop
  endfacet
  facet normal -0.146696 0.989182 0
    outer loop
      vertex 28.6098 9.96157 10
      vertex 28.804 9.99037 5
      vertex 28.6098 9.96157 5
    endloop
  endfacet
  facet normal -0.427622 0.903958 0
    outer loop
      vertex 28.2346 9.84776 5
      vertex 28.0572 9.76384 10
      vertex 28.2346 9.84776 10
    endloop
  endfacet
  facet normal -0.427622 0.903958 0
    outer loop
      vertex 28.0572 9.76384 10
      vertex 28.2346 9.84776 5
      vertex 28.0572 9.76384 5
    endloop
  endfacet
  facet normal -0.595605 0.803277 0
    outer loop
      vertex 27.8889 9.66294 5
      vertex 27.75 9.55995 10
      vertex 27.8889 9.66294 10
    endloop
  endfacet
  facet normal -0.595605 0.803277 0
    outer loop
      vertex 27.75 9.55995 10
      vertex 27.8889 9.66294 5
      vertex 27.75 9.55995 5
    endloop
  endfacet
  facet normal 0.970019 0.243027 3.78043e-19
    outer loop
      vertex 30.9616 8.39018 10
      vertex 30.9139 8.58057 5
      vertex 30.9139 8.58057 10
    endloop
  endfacet
  facet normal 0.970019 0.243027 3.78043e-19
    outer loop
      vertex 30.9139 8.58057 5
      vertex 30.9616 8.39018 10
      vertex 30.9616 8.39018 5
    endloop
  endfacet
  facet normal 0.803259 0.59563 -1.73668e-18
    outer loop
      vertex 30.6629 9.11114 10
      vertex 30.546 9.26879 5
      vertex 30.546 9.26879 10
    endloop
  endfacet
  facet normal 0.803259 0.59563 -1.73668e-18
    outer loop
      vertex 30.546 9.26879 5
      vertex 30.6629 9.11114 10
      vertex 30.6629 9.11114 5
    endloop
  endfacet
  facet normal 0.740954 0.671556 9.4431e-19
    outer loop
      vertex 30.546 9.26879 10
      vertex 30.4142 9.41421 5
      vertex 30.4142 9.41421 10
    endloop
  endfacet
  facet normal 0.740954 0.671556 9.4431e-19
    outer loop
      vertex 30.4142 9.41421 5
      vertex 30.546 9.26879 10
      vertex 30.546 9.26879 5
    endloop
  endfacet
  facet normal 0.85774 0.514084 1.55362e-18
    outer loop
      vertex 30.7638 8.94279 10
      vertex 30.6629 9.11114 5
      vertex 30.6629 9.11114 10
    endloop
  endfacet
  facet normal 0.85774 0.514084 1.55362e-18
    outer loop
      vertex 30.6629 9.11114 5
      vertex 30.7638 8.94279 10
      vertex 30.7638 8.94279 5
    endloop
  endfacet
  facet normal 0.94158 0.336788 3.40944e-19
    outer loop
      vertex 30.9139 8.58057 10
      vertex 30.8478 8.76537 5
      vertex 30.8478 8.76537 10
    endloop
  endfacet
  facet normal 0.94158 0.336788 3.40944e-19
    outer loop
      vertex 30.8478 8.76537 5
      vertex 30.9139 8.58057 10
      vertex 30.9139 8.58057 5
    endloop
  endfacet
  facet normal 0.989176 0.146733 4.28534e-19
    outer loop
      vertex 30.9904 8.19603 10
      vertex 30.9616 8.39018 5
      vertex 30.9616 8.39018 10
    endloop
  endfacet
  facet normal 0.989176 0.146733 4.28534e-19
    outer loop
      vertex 30.9616 8.39018 5
      vertex 30.9904 8.19603 10
      vertex 30.9904 8.19603 5
    endloop
  endfacet
  facet normal 0 0 1
    outer loop
      vertex 30.9904 8.19603 10
      vertex 30.9904 7.80397 10
      vertex 31 8 10
    endloop
  endfacet
  facet normal 0 0 1
    outer loop
      vertex 30.9616 8.39018 10
      vertex 30.9904 7.80397 10
      vertex 30.9904 8.19603 10
    endloop
  endfacet
  facet normal 0 0 1
    outer loop
      vertex 30.9616 8.39018 10
      vertex 30.9616 7.60982 10
      vertex 30.9904 7.80397 10
    endloop
  endfacet
  facet normal 0 0 1
    outer loop
      vertex 30.9139 8.58057 10
      vertex 30.9616 7.60982 10
      vertex 30.9616 8.39018 10
    endloop
  endfacet
  facet normal 0 0 1
    outer loop
      vertex 30.9139 8.58057 10
      vertex 30.9139 7.41943 10
      vertex 30.9616 7.60982 10
    endloop
  endfacet
  facet normal 0 0 1
    outer loop
      vertex 30.8478 8.76537 10
      vertex 30.9139 7.41943 10
      vertex 30.9139 8.58057 10
    endloop
  endfacet
  facet normal 0 0 1
    outer loop
      vertex 30.8478 8.76537 10
      vertex 30.8478 7.23463 10
      vertex 30.9139 7.41943 10
    endloop
  endfacet
  facet normal 0 0 1
    outer loop
      vertex 30.7638 8.94279 10
      vertex 30.8478 7.23463 10
      vertex 30.8478 8.76537 10
    endloop
  endfacet
  facet normal 0 0 1
    outer loop
      vertex 30.7638 8.94279 10
      vertex 30.7638 7.05721 10
      vertex 30.8478 7.23463 10
    endloop
  endfacet
  facet normal 0 0 1
    outer loop
      vertex 30.6629 9.11114 10
      vertex 30.7638 7.05721 10
      vertex 30.7638 8.94279 10
    endloop
  endfacet
  facet normal 0 0 1
    outer loop
      vertex 30.6629 9.11114 10
      vertex 30.6629 6.88886 10
      vertex 30.7638 7.05721 10
    endloop
  endfacet
  facet normal 0 0 1
    outer loop
      vertex 30.546 9.26879 10
      vertex 30.6629 6.88886 10
      vertex 30.6629 9.11114 10
    endloop
  endfacet
  facet normal 0 0 1
    outer loop
      vertex 30.546 9.26879 10
      vertex 30.546 6.73121 10
      vertex 30.6629 6.88886 10
    endloop
  endfacet
  facet normal 0 0 1
    outer loop
      vertex 30.4142 9.41421 10
      vertex 30.546 6.73121 10
      vertex 30.546 9.26879 10
    endloop
  endfacet
  facet normal 0 0 1
    outer loop
      vertex 30.4142 9.41421 10
      vertex 30.4142 6.58579 10
      vertex 30.546 6.73121 10
    endloop
  endfacet
  facet normal 0 0 1
    outer loop
      vertex 30.2688 9.54602 10
      vertex 30.4142 6.58579 10
      vertex 30.4142 9.41421 10
    endloop
  endfacet
  facet normal 0 0 1
    outer loop
      vertex 30.2688 9.54602 10
      vertex 30.2688 6.45398 10
      vertex 30.4142 6.58579 10
    endloop
  endfacet
  facet normal 0 0 1
    outer loop
      vertex 30.1111 9.66294 10
      vertex 30.2688 6.45398 10
      vertex 30.2688 9.54602 10
    endloop
  endfacet
  facet normal 0 0 1
    outer loop
      vertex 30.1111 9.66294 10
      vertex 30.1111 6.33706 10
      vertex 30.2688 6.45398 10
    endloop
  endfacet
  facet normal 0 0 1
    outer loop
      vertex 29.9428 9.76384 10
      vertex 30.1111 6.33706 10
      vertex 30.1111 9.66294 10
    endloop
  endfacet
  facet normal 0 0 1
    outer loop
      vertex 29.9428 9.76384 10
      vertex 29.9428 6.23616 10
      vertex 30.1111 6.33706 10
    endloop
  endfacet
  facet normal 0 0 1
    outer loop
      vertex 29.7654 9.84776 10
      vertex 29.9428 6.23616 10
      vertex 29.9428 9.76384 10
    endloop
  endfacet
  facet normal 0 0 1
    outer loop
      vertex 29.7654 9.84776 10
      vertex 29.7654 6.15224 10
      vertex 29.9428 6.23616 10
    endloop
  endfacet
  facet normal 0 0 1
    outer loop
      vertex 29.5806 9.91388 10
      vertex 29.7654 6.15224 10
      vertex 29.7654 9.84776 10
    endloop
  endfacet
  facet normal 0 0 1
    outer loop
      vertex 29.5806 9.91388 10
      vertex 29.5806 6.08612 10
      vertex 29.7654 6.15224 10
    endloop
  endfacet
  facet normal 0 0 1
    outer loop
      vertex 29.3902 9.96157 10
      vertex 29.5806 6.08612 10
      vertex 29.5806 9.91388 10
    endloop
  endfacet
  facet normal 0 0 1
    outer loop
      vertex 29.3902 9.96157 10
      vertex 29.3902 6.03843 10
      vertex 29.5806 6.08612 10
    endloop
  endfacet
  facet normal 0 0 1
    outer loop
      vertex 29.196 9.99037 10
      vertex 29.3902 6.03843 10
      vertex 29.3902 9.96157 10
    endloop
  endfacet
  facet normal 0 0 1
    outer loop
      vertex 29.196 9.99037 10
      vertex 29.196 6.00963 10
      vertex 29.3902 6.03843 10
    endloop
  endfacet
  facet normal 0 0 1
    outer loop
      vertex 29 10 10
      vertex 29.196 6.00963 10
      vertex 29.196 9.99037 10
    endloop
  endfacet
  facet normal 0 0 1
    outer loop
      vertex 29 10 10
      vertex 29 6 10
      vertex 29.196 6.00963 10
    endloop
  endfacet
  facet normal -0 0 1
    outer loop
      vertex 28.804 9.99037 10
      vertex 29 6 10
      vertex 29 10 10
    endloop
  endfacet
  facet normal 0 0 1
    outer loop
      vertex 28.804 9.99037 10
      vertex 28.804 6.00963 10
      vertex 29 6 10
    endloop
  endfacet
  facet normal -0 0 1
    outer loop
      vertex 28.6098 9.96157 10
      vertex 28.804 6.00963 10
      vertex 28.804 9.99037 10
    endloop
  endfacet
  facet normal 0 0 1
    outer loop
      vertex 28.6098 9.96157 10
      vertex 28.6098 6.03843 10
      vertex 28.804 6.00963 10
    endloop
  endfacet
  facet normal -0 0 1
    outer loop
      vertex 28.4194 9.91388 10
      vertex 28.6098 6.03843 10
      vertex 28.6098 9.96157 10
    endloop
  endfacet
  facet normal 0 0 1
    outer loop
      vertex 28.4194 9.91388 10
      vertex 28.4194 6.08612 10
      vertex 28.6098 6.03843 10
    endloop
  endfacet
  facet normal -0 0 1
    outer loop
      vertex 28.2346 9.84776 10
      vertex 28.4194 6.08612 10
      vertex 28.4194 9.91388 10
    endloop
  endfacet
  facet normal 0 0 1
    outer loop
      vertex 28.2346 9.84776 10
      vertex 28.2346 6.15224 10
      vertex 28.4194 6.08612 10
    endloop
  endfacet
  facet normal -0 0 1
    outer loop
      vertex 28.0572 9.76384 10
      vertex 28.2346 6.15224 10
      vertex 28.2346 9.84776 10
    endloop
  endfacet
  facet normal 0 0 1
    outer loop
      vertex 28.0572 9.76384 10
      vertex 28.0572 6.23616 10
      vertex 28.2346 6.15224 10
    endloop
  endfacet
  facet normal -0 0 1
    outer loop
      vertex 27.8889 9.66294 10
      vertex 28.0572 6.23616 10
      vertex 28.0572 9.76384 10
    endloop
  endfacet
  facet normal 0 0 1
    outer loop
      vertex 27.8889 9.66294 10
      vertex 27.8889 6.33706 10
      vertex 28.0572 6.23616 10
    endloop
  endfacet
  facet normal -0 0 1
    outer loop
      vertex 27.75 9.55995 10
      vertex 27.8889 6.33706 10
      vertex 27.8889 9.66294 10
    endloop
  endfacet
  facet normal 0 0 1
    outer loop
      vertex 27.8889 6.33706 10
      vertex 27.75 9.55995 10
      vertex 27.75 6.44005 10
    endloop
  endfacet
  facet normal 0.514196 0.857673 -0
    outer loop
      vertex 30.1111 9.66294 5
      vertex 29.9428 9.76384 10
      vertex 30.1111 9.66294 10
    endloop
  endfacet
  facet normal 0.514196 0.857673 0
    outer loop
      vertex 29.9428 9.76384 10
      vertex 30.1111 9.66294 5
      vertex 29.9428 9.76384 5
    endloop
  endfacet
  facet normal 0.427622 0.903958 -0
    outer loop
      vertex 29.9428 9.76384 5
      vertex 29.7654 9.84776 10
      vertex 29.9428 9.76384 10
    endloop
  endfacet
  facet normal 0.427622 0.903958 0
    outer loop
      vertex 29.7654 9.84776 10
      vertex 29.9428 9.76384 5
      vertex 29.7654 9.84776 5
    endloop
  endfacet
  facet normal 0.595573 0.803301 -0
    outer loop
      vertex 30.2688 9.54602 5
      vertex 30.1111 9.66294 10
      vertex 30.2688 9.54602 10
    endloop
  endfacet
  facet normal 0.595573 0.803301 0
    outer loop
      vertex 30.1111 9.66294 10
      vertex 30.2688 9.54602 5
      vertex 30.1111 9.66294 5
    endloop
  endfacet
  facet normal 0.242967 0.970035 -0
    outer loop
      vertex 29.5806 9.91388 5
      vertex 29.3902 9.96157 10
      vertex 29.5806 9.91388 10
    endloop
  endfacet
  facet normal 0.242967 0.970035 0
    outer loop
      vertex 29.3902 9.96157 10
      vertex 29.5806 9.91388 5
      vertex 29.3902 9.96157 5
    endloop
  endfacet
  facet normal 0.0490735 0.998795 -0
    outer loop
      vertex 29.196 9.99037 5
      vertex 29 10 10
      vertex 29.196 9.99037 10
    endloop
  endfacet
  facet normal 0.0490735 0.998795 0
    outer loop
      vertex 29 10 10
      vertex 29.196 9.99037 5
      vertex 29 10 5
    endloop
  endfacet
  facet normal -0.0490735 -0.998795 0
    outer loop
      vertex 28.804 6.00963 5
      vertex 29 6 10
      vertex 28.804 6.00963 10
    endloop
  endfacet
  facet normal -0.0490735 -0.998795 -0
    outer loop
      vertex 29 6 10
      vertex 28.804 6.00963 5
      vertex 29 6 5
    endloop
  endfacet
  facet normal -0.242967 -0.970035 0
    outer loop
      vertex 28.4194 6.08612 5
      vertex 28.6098 6.03843 10
      vertex 28.4194 6.08612 10
    endloop
  endfacet
  facet normal -0.242967 -0.970035 -0
    outer loop
      vertex 28.6098 6.03843 10
      vertex 28.4194 6.08612 5
      vertex 28.6098 6.03843 5
    endloop
  endfacet
  facet normal -0.595605 -0.803277 0
    outer loop
      vertex 27.75 6.44005 5
      vertex 27.8889 6.33706 10
      vertex 27.75 6.44005 10
    endloop
  endfacet
  facet normal -0.595605 -0.803277 -0
    outer loop
      vertex 27.8889 6.33706 10
      vertex 27.75 6.44005 5
      vertex 27.8889 6.33706 5
    endloop
  endfacet
  facet normal -0.427622 -0.903958 0
    outer loop
      vertex 28.0572 6.23616 5
      vertex 28.2346 6.15224 10
      vertex 28.0572 6.23616 10
    endloop
  endfacet
  facet normal -0.427622 -0.903958 -0
    outer loop
      vertex 28.2346 6.15224 10
      vertex 28.0572 6.23616 5
      vertex 28.2346 6.15224 5
    endloop
  endfacet
  facet normal 0.671635 -0.740882 0
    outer loop
      vertex 30.2688 6.45398 5
      vertex 30.4142 6.58579 10
      vertex 30.2688 6.45398 10
    endloop
  endfacet
  facet normal 0.671635 -0.740882 0
    outer loop
      vertex 30.4142 6.58579 10
      vertex 30.2688 6.45398 5
      vertex 30.4142 6.58579 5
    endloop
  endfacet
  facet normal 0.514196 -0.857673 0
    outer loop
      vertex 29.9428 6.23616 5
      vertex 30.1111 6.33706 10
      vertex 29.9428 6.23616 10
    endloop
  endfacet
  facet normal 0.514196 -0.857673 0
    outer loop
      vertex 30.1111 6.33706 10
      vertex 29.9428 6.23616 5
      vertex 30.1111 6.33706 5
    endloop
  endfacet
  facet normal 0.336879 -0.941548 0
    outer loop
      vertex 29.5806 6.08612 5
      vertex 29.7654 6.15224 10
      vertex 29.5806 6.08612 10
    endloop
  endfacet
  facet normal 0.336879 -0.941548 0
    outer loop
      vertex 29.7654 6.15224 10
      vertex 29.5806 6.08612 5
      vertex 29.7654 6.15224 5
    endloop
  endfacet
  facet normal 0.146696 -0.989182 0
    outer loop
      vertex 29.196 6.00963 5
      vertex 29.3902 6.03843 10
      vertex 29.196 6.00963 10
    endloop
  endfacet
  facet normal 0.146696 -0.989182 0
    outer loop
      vertex 29.3902 6.03843 10
      vertex 29.196 6.00963 5
      vertex 29.3902 6.03843 5
    endloop
  endfacet
  facet normal 0.803259 -0.59563 -1.27921e-18
    outer loop
      vertex 30.546 6.73121 10
      vertex 30.6629 6.88886 5
      vertex 30.6629 6.88886 10
    endloop
  endfacet
  facet normal 0.803259 -0.59563 -1.27921e-18
    outer loop
      vertex 30.6629 6.88886 5
      vertex 30.546 6.73121 10
      vertex 30.546 6.73121 5
    endloop
  endfacet
  facet normal 0.903819 -0.427916 -6.27398e-19
    outer loop
      vertex 30.7638 7.05721 10
      vertex 30.8478 7.23463 5
      vertex 30.8478 7.23463 10
    endloop
  endfacet
  facet normal 0.903819 -0.427916 -6.27398e-19
    outer loop
      vertex 30.8478 7.23463 5
      vertex 30.7638 7.05721 10
      vertex 30.7638 7.05721 5
    endloop
  endfacet
  facet normal 0.85774 -0.514084 -1.55362e-18
    outer loop
      vertex 30.6629 6.88886 10
      vertex 30.7638 7.05721 5
      vertex 30.7638 7.05721 10
    endloop
  endfacet
  facet normal 0.85774 -0.514084 -1.55362e-18
    outer loop
      vertex 30.7638 7.05721 5
      vertex 30.6629 6.88886 10
      vertex 30.6629 6.88886 5
    endloop
  endfacet
  facet normal 0.970019 -0.243027 6.43018e-19
    outer loop
      vertex 30.9139 7.41943 10
      vertex 30.9616 7.60982 5
      vertex 30.9616 7.60982 10
    endloop
  endfacet
  facet normal 0.970019 -0.243027 6.43018e-19
    outer loop
      vertex 30.9616 7.60982 5
      vertex 30.9139 7.41943 10
      vertex 30.9139 7.41943 5
    endloop
  endfacet
  facet normal 0.94158 -0.336788 -6.18878e-19
    outer loop
      vertex 30.8478 7.23463 10
      vertex 30.9139 7.41943 5
      vertex 30.9139 7.41943 10
    endloop
  endfacet
  facet normal 0.94158 -0.336788 -6.18878e-19
    outer loop
      vertex 30.9139 7.41943 5
      vertex 30.8478 7.23463 10
      vertex 30.8478 7.23463 5
    endloop
  endfacet
  facet normal 0.998803 -0.0489135 5.36234e-20
    outer loop
      vertex 30.9904 7.80397 10
      vertex 31 8 5
      vertex 31 8 10
    endloop
  endfacet
  facet normal 0.998803 -0.0489135 5.36234e-20
    outer loop
      vertex 31 8 5
      vertex 30.9904 7.80397 10
      vertex 30.9904 7.80397 5
    endloop
  endfacet
  facet normal -0.146696 -0.989182 0
    outer loop
      vertex 28.6098 6.03843 5
      vertex 28.804 6.00963 10
      vertex 28.6098 6.03843 10
    endloop
  endfacet
  facet normal -0.146696 -0.989182 -0
    outer loop
      vertex 28.804 6.00963 10
      vertex 28.6098 6.03843 5
      vertex 28.804 6.00963 5
    endloop
  endfacet
  facet normal -0.336879 -0.941548 0
    outer loop
      vertex 28.2346 6.15224 5
      vertex 28.4194 6.08612 10
      vertex 28.2346 6.15224 10
    endloop
  endfacet
  facet normal -0.336879 -0.941548 -0
    outer loop
      vertex 28.4194 6.08612 10
      vertex 28.2346 6.15224 5
      vertex 28.4194 6.08612 5
    endloop
  endfacet
  facet normal -0.514196 -0.857673 0
    outer loop
      vertex 27.8889 6.33706 5
      vertex 28.0572 6.23616 10
      vertex 27.8889 6.33706 10
    endloop
  endfacet
  facet normal -0.514196 -0.857673 -0
    outer loop
      vertex 28.0572 6.23616 10
      vertex 27.8889 6.33706 5
      vertex 28.0572 6.23616 5
    endloop
  endfacet
  facet normal 0.595573 -0.803301 0
    outer loop
      vertex 30.1111 6.33706 5
      vertex 30.2688 6.45398 10
      vertex 30.1111 6.33706 10
    endloop
  endfacet
  facet normal 0.595573 -0.803301 0
    outer loop
      vertex 30.2688 6.45398 10
      vertex 30.1111 6.33706 5
      vertex 30.2688 6.45398 5
    endloop
  endfacet
  facet normal 0.427622 -0.903958 0
    outer loop
      vertex 29.7654 6.15224 5
      vertex 29.9428 6.23616 10
      vertex 29.7654 6.15224 10
    endloop
  endfacet
  facet normal 0.427622 -0.903958 0
    outer loop
      vertex 29.9428 6.23616 10
      vertex 29.7654 6.15224 5
      vertex 29.9428 6.23616 5
    endloop
  endfacet
  facet normal 0.242967 -0.970035 0
    outer loop
      vertex 29.3902 6.03843 5
      vertex 29.5806 6.08612 10
      vertex 29.3902 6.03843 10
    endloop
  endfacet
  facet normal 0.242967 -0.970035 0
    outer loop
      vertex 29.5806 6.08612 10
      vertex 29.3902 6.03843 5
      vertex 29.5806 6.08612 5
    endloop
  endfacet
  facet normal 0.0490735 -0.998795 0
    outer loop
      vertex 29 6 5
      vertex 29.196 6.00963 10
      vertex 29 6 10
    endloop
  endfacet
  facet normal 0.0490735 -0.998795 0
    outer loop
      vertex 29.196 6.00963 10
      vertex 29 6 5
      vertex 29.196 6.00963 5
    endloop
  endfacet
  facet normal 0.740954 -0.671556 7.57865e-19
    outer loop
      vertex 30.4142 6.58579 10
      vertex 30.546 6.73121 5
      vertex 30.546 6.73121 10
    endloop
  endfacet
  facet normal 0.740954 -0.671556 7.57865e-19
    outer loop
      vertex 30.546 6.73121 5
      vertex 30.4142 6.58579 10
      vertex 30.4142 6.58579 5
    endloop
  endfacet
  facet normal 0.989176 -0.146733 5.61022e-21
    outer loop
      vertex 30.9616 7.60982 10
      vertex 30.9904 7.80397 5
      vertex 30.9904 7.80397 10
    endloop
  endfacet
  facet normal 0.989176 -0.146733 5.61022e-21
    outer loop
      vertex 30.9904 7.80397 5
      vertex 30.9616 7.60982 10
      vertex 30.9616 7.60982 5
    endloop
  endfacet
  facet normal -1 0 0
    outer loop
      vertex 27.75 6.44005 5
      vertex 27.75 9.55995 10
      vertex 27.75 9.55995 5
    endloop
  endfacet
  facet normal -1 -0 0
    outer loop
      vertex 27.75 9.55995 10
      vertex 27.75 6.44005 5
      vertex 27.75 6.44005 10
    endloop
  endfacet
  facet normal -0.998791 0.0491511 -3.0068e-20
    outer loop
      vertex 21.0313 8.63783 0
      vertex 21.0385 8.78414 5
      vertex 21.0385 8.78414 0
    endloop
  endfacet
  facet normal -0.998791 0.0491511 -3.0068e-20
    outer loop
      vertex 21.0385 8.78414 5
      vertex 21.0313 8.63783 0
      vertex 21.0313 8.63783 5
    endloop
  endfacet
  facet normal 0.998791 0.0491511 3.0068e-20
    outer loop
      vertex 36.9687 8.63783 5
      vertex 36.9615 8.78414 0
      vertex 36.9615 8.78414 5
    endloop
  endfacet
  facet normal 0.998791 0.0491511 3.0068e-20
    outer loop
      vertex 36.9615 8.78414 0
      vertex 36.9687 8.63783 5
      vertex 36.9687 8.63783 0
    endloop
  endfacet
  facet normal -0.0491545 0.998791 0
    outer loop
      vertex 28.3622 15.9687 0
      vertex 28.2159 15.9615 5
      vertex 28.3622 15.9687 5
    endloop
  endfacet
  facet normal -0.0491545 0.998791 0
    outer loop
      vertex 28.2159 15.9615 5
      vertex 28.3622 15.9687 0
      vertex 28.2159 15.9615 0
    endloop
  endfacet
  facet normal 0.049072 -0.998795 0
    outer loop
      vertex 29.6378 0.0313348 0
      vertex 29.7841 0.0385227 5
      vertex 29.6378 0.0313348 5
    endloop
  endfacet
  facet normal 0.049072 -0.998795 0
    outer loop
      vertex 29.7841 0.0385227 5
      vertex 29.6378 0.0313348 0
      vertex 29.7841 0.0385227 0
    endloop
  endfacet
  facet normal -0.741023 0.67148 5.99319e-18
    outer loop
      vertex 22.8159 13.0751 0
      vertex 23.3431 13.6569 5
      vertex 23.3431 13.6569 0
    endloop
  endfacet
  facet normal -0.741023 0.67148 5.99319e-18
    outer loop
      vertex 23.3431 13.6569 5
      vertex 22.8159 13.0751 0
      vertex 22.8159 13.0751 5
    endloop
  endfacet
  facet normal 0.67148 0.741023 -0
    outer loop
      vertex 34.6569 13.6569 0
      vertex 34.0751 14.1841 5
      vertex 34.6569 13.6569 5
    endloop
  endfacet
  facet normal 0.67148 0.741023 0
    outer loop
      vertex 34.0751 14.1841 5
      vertex 34.6569 13.6569 0
      vertex 34.0751 14.1841 0
    endloop
  endfacet
  facet normal 0.336901 0.94154 -0
    outer loop
      vertex 32.0615 15.391 0
      vertex 31.3223 15.6555 5
      vertex 32.0615 15.391 5
    endloop
  endfacet
  facet normal 0.336901 0.94154 0
    outer loop
      vertex 31.3223 15.6555 5
      vertex 32.0615 15.391 0
      vertex 31.3223 15.6555 0
    endloop
  endfacet
  facet normal -0.94154 0.336901 1.94028e-18
    outer loop
      vertex 21.3445 10.3223 0
      vertex 21.609 11.0615 5
      vertex 21.609 11.0615 0
    endloop
  endfacet
  facet normal -0.94154 0.336901 1.94028e-18
    outer loop
      vertex 21.609 11.0615 5
      vertex 21.3445 10.3223 0
      vertex 21.3445 10.3223 5
    endloop
  endfacet
  facet normal -0.989176 0.146737 3.86683e-19
    outer loop
      vertex 21.0385 8.78414 0
      vertex 21.1537 9.56072 5
      vertex 21.1537 9.56072 0
    endloop
  endfacet
  facet normal -0.989176 0.146737 3.86683e-19
    outer loop
      vertex 21.1537 9.56072 5
      vertex 21.0385 8.78414 0
      vertex 21.0385 8.78414 5
    endloop
  endfacet
  facet normal -0.427416 0.904055 0
    outer loop
      vertex 25.9385 15.391 0
      vertex 25.5675 15.2156 5
      vertex 25.9385 15.391 5
    endloop
  endfacet
  facet normal -0.427416 0.904055 0
    outer loop
      vertex 25.5675 15.2156 5
      vertex 25.9385 15.391 0
      vertex 25.5675 15.2156 0
    endloop
  endfacet
  facet normal -0.59571 0.8032 0
    outer loop
      vertex 24.4622 14.5826 0
      vertex 23.9249 14.1841 5
      vertex 24.4622 14.5826 5
    endloop
  endfacet
  facet normal -0.59571 0.8032 0
    outer loop
      vertex 23.9249 14.1841 5
      vertex 24.4622 14.5826 0
      vertex 23.9249 14.1841 0
    endloop
  endfacet
  facet normal 0.904055 0.427416 -2.37779e-19
    outer loop
      vertex 36.391 11.0615 5
      vertex 36.2156 11.4325 0
      vertex 36.2156 11.4325 5
    endloop
  endfacet
  facet normal 0.904055 0.427416 -2.37779e-19
    outer loop
      vertex 36.2156 11.4325 0
      vertex 36.391 11.0615 5
      vertex 36.391 11.0615 0
    endloop
  endfacet
  facet normal 0.146733 0.989176 -0
    outer loop
      vertex 30.5607 15.8463 0
      vertex 29.7841 15.9615 5
      vertex 30.5607 15.8463 5
    endloop
  endfacet
  facet normal 0.146733 0.989176 0
    outer loop
      vertex 29.7841 15.9615 5
      vertex 30.5607 15.8463 0
      vertex 29.7841 15.9615 0
    endloop
  endfacet
  facet normal -0.904055 -0.427416 2.6519e-18
    outer loop
      vertex 21.7844 4.56753 0
      vertex 21.609 4.93853 5
      vertex 21.609 4.93853 0
    endloop
  endfacet
  facet normal -0.904055 -0.427416 2.6519e-18
    outer loop
      vertex 21.609 4.93853 5
      vertex 21.7844 4.56753 0
      vertex 21.7844 4.56753 5
    endloop
  endfacet
  facet normal 0 -0 -1
    outer loop
      vertex 33.0433 14.5388 0
      vertex 35.5388 12.0433 0
      vertex 29.7 8 0
    endloop
  endfacet
  facet normal -0 0 -1
    outer loop
      vertex 35.5196 3.72268 0
      vertex 35.1841 2.92485 0
      vertex 35.5183 3.80118 0
    endloop
  endfacet
  facet normal -0 0 -1
    outer loop
      vertex 35.5286 3.64468 0
      vertex 35.1841 2.92485 0
      vertex 35.5196 3.72268 0
    endloop
  endfacet
  facet normal -0 0 -1
    outer loop
      vertex 35.5452 3.56795 0
      vertex 35.1841 2.92485 0
      vertex 35.5286 3.64468 0
    endloop
  endfacet
  facet normal -0 0 -1
    outer loop
      vertex 35.5692 3.4932 0
      vertex 35.1841 2.92485 0
      vertex 35.5452 3.56795 0
    endloop
  endfacet
  facet normal 0 0 -1
    outer loop
      vertex 35.1841 2.92485 0
      vertex 35.5692 3.4932 0
      vertex 35.5826 3.46222 0
    endloop
  endfacet
  facet normal 0 0 -1
    outer loop
      vertex 36.9615 7.21586 0
      vertex 36.9425 7.38159 0
      vertex 36.9687 7.36218 0
    endloop
  endfacet
  facet normal 0 0 -1
    outer loop
      vertex 36.9615 7.21586 0
      vertex 36.8843 7.43431 0
      vertex 36.9425 7.38159 0
    endloop
  endfacet
  facet normal 0 0 -1
    outer loop
      vertex 36.8316 7.49249 0
      vertex 36.9615 7.21586 0
      vertex 36.8463 6.43928 0
    endloop
  endfacet
  facet normal 0 0 -1
    outer loop
      vertex 36.9615 7.21586 0
      vertex 36.8316 7.49249 0
      vertex 36.8843 7.43431 0
    endloop
  endfacet
  facet normal 0 0 -1
    outer loop
      vertex 36.8463 6.43928 0
      vertex 36.7848 7.55554 0
      vertex 36.8316 7.49249 0
    endloop
  endfacet
  facet normal 0 0 -1
    outer loop
      vertex 36.8463 6.43928 0
      vertex 36.7445 7.62288 0
      vertex 36.7848 7.55554 0
    endloop
  endfacet
  facet normal 0 0 -1
    outer loop
      vertex 36.8463 6.43928 0
      vertex 36.7109 7.69385 0
      vertex 36.7445 7.62288 0
    endloop
  endfacet
  facet normal 0 0 -1
    outer loop
      vertex 36.8463 6.43928 0
      vertex 36.6844 7.76777 0
      vertex 36.7109 7.69385 0
    endloop
  endfacet
  facet normal 0 0 -1
    outer loop
      vertex 36.6555 5.67772 0
      vertex 36.6844 7.76777 0
      vertex 36.8463 6.43928 0
    endloop
  endfacet
  facet normal 0 0 -1
    outer loop
      vertex 35.771 4.35889 0
      vertex 36.6844 7.76777 0
      vertex 36.6555 5.67772 0
    endloop
  endfacet
  facet normal 0 0 -1
    outer loop
      vertex 29.7 8 0
      vertex 36.6844 7.76777 0
      vertex 35.771 4.35889 0
    endloop
  endfacet
  facet normal 0 0 -1
    outer loop
      vertex 29.7 8 0
      vertex 35.771 4.35889 0
      vertex 35.7164 4.30248 0
    endloop
  endfacet
  facet normal 0 0 -1
    outer loop
      vertex 35.8955 4.45436 0
      vertex 36.6555 5.67772 0
      vertex 36.391 4.93853 0
    endloop
  endfacet
  facet normal 0 0 -1
    outer loop
      vertex 36.9425 8.61841 0
      vertex 36.9615 8.78414 0
      vertex 36.9687 8.63783 0
    endloop
  endfacet
  facet normal 0 0 -1
    outer loop
      vertex 36.8843 8.56569 0
      vertex 36.9615 8.78414 0
      vertex 36.9425 8.61841 0
    endloop
  endfacet
  facet normal 0 0 -1
    outer loop
      vertex 36.8316 8.50751 0
      vertex 36.9615 8.78414 0
      vertex 36.8843 8.56569 0
    endloop
  endfacet
  facet normal -0 0 -1
    outer loop
      vertex 36.9615 8.78414 0
      vertex 36.8316 8.50751 0
      vertex 36.8463 9.56072 0
    endloop
  endfacet
  facet normal 0 0 -1
    outer loop
      vertex 36.7848 8.44446 0
      vertex 36.8463 9.56072 0
      vertex 36.8316 8.50751 0
    endloop
  endfacet
  facet normal 0 0 -1
    outer loop
      vertex 36.7445 8.37712 0
      vertex 36.8463 9.56072 0
      vertex 36.7848 8.44446 0
    endloop
  endfacet
  facet normal 0 0 -1
    outer loop
      vertex 36.7109 8.30615 0
      vertex 36.8463 9.56072 0
      vertex 36.7445 8.37712 0
    endloop
  endfacet
  facet normal 0 0 -1
    outer loop
      vertex 36.6844 8.23223 0
      vertex 36.8463 9.56072 0
      vertex 36.7109 8.30615 0
    endloop
  endfacet
  facet normal 0 0 -1
    outer loop
      vertex 29.7 8 0
      vertex 36.6844 8.23223 0
      vertex 36.6654 8.15607 0
    endloop
  endfacet
  facet normal 0 0 -1
    outer loop
      vertex 36.6844 8.23223 0
      vertex 36.6555 10.3223 0
      vertex 36.8463 9.56072 0
    endloop
  endfacet
  facet normal 0 0 -1
    outer loop
      vertex 29.7 8 0
      vertex 36.6654 8.15607 0
      vertex 36.6539 8.07841 0
    endloop
  endfacet
  facet normal 0 0 -1
    outer loop
      vertex 29.7 8 0
      vertex 36.6539 8.07841 0
      vertex 36.65 8 0
    endloop
  endfacet
  facet normal 0 0 -1
    outer loop
      vertex 35.771 4.35889 0
      vertex 36.6555 5.67772 0
      vertex 35.8309 4.40968 0
    endloop
  endfacet
  facet normal 0 0 -1
    outer loop
      vertex 36.6844 7.76777 0
      vertex 29.7 8 0
      vertex 36.6654 7.84393 0
    endloop
  endfacet
  facet normal 0 0 -1
    outer loop
      vertex 36.1876 4.56431 0
      vertex 36.391 4.93853 0
      vertex 36.2156 4.56753 0
    endloop
  endfacet
  facet normal 0 0 -1
    outer loop
      vertex 36.1109 4.54774 0
      vertex 36.391 4.93853 0
      vertex 36.1876 4.56431 0
    endloop
  endfacet
  facet normal 0 0 -1
    outer loop
      vertex 36.0361 4.52373 0
      vertex 36.391 4.93853 0
      vertex 36.1109 4.54774 0
    endloop
  endfacet
  facet normal 0 0 -1
    outer loop
      vertex 36.391 11.0615 0
      vertex 36.1876 11.4357 0
      vertex 36.2156 11.4325 0
    endloop
  endfacet
  facet normal 0 0 -1
    outer loop
      vertex 35.9641 4.4925 0
      vertex 36.391 4.93853 0
      vertex 36.0361 4.52373 0
    endloop
  endfacet
  facet normal 0 0 -1
    outer loop
      vertex 36.391 11.0615 0
      vertex 36.1109 11.4523 0
      vertex 36.1876 11.4357 0
    endloop
  endfacet
  facet normal 0 0 -1
    outer loop
      vertex 35.8955 4.45436 0
      vertex 36.391 4.93853 0
      vertex 35.9641 4.4925 0
    endloop
  endfacet
  facet normal 0 0 -1
    outer loop
      vertex 36.391 11.0615 0
      vertex 36.0361 11.4763 0
      vertex 36.1109 11.4523 0
    endloop
  endfacet
  facet normal 0 0 -1
    outer loop
      vertex 36.6555 5.67772 0
      vertex 35.8955 4.45436 0
      vertex 35.8309 4.40968 0
    endloop
  endfacet
  facet normal 0 0 -1
    outer loop
      vertex 36.391 11.0615 0
      vertex 35.9641 11.5075 0
      vertex 36.0361 11.4763 0
    endloop
  endfacet
  facet normal 0 0 -1
    outer loop
      vertex 29.7 8 0
      vertex 35.7164 4.30248 0
      vertex 35.6676 4.24098 0
    endloop
  endfacet
  facet normal 0 0 -1
    outer loop
      vertex 36.391 11.0615 0
      vertex 35.8955 11.5456 0
      vertex 35.9641 11.5075 0
    endloop
  endfacet
  facet normal -0 -0 -1
    outer loop
      vertex 35.8955 11.5456 0
      vertex 36.6555 10.3223 0
      vertex 35.8309 11.5903 0
    endloop
  endfacet
  facet normal 0 0 -1
    outer loop
      vertex 36.6555 10.3223 0
      vertex 35.8955 11.5456 0
      vertex 36.391 11.0615 0
    endloop
  endfacet
  facet normal 0 0 -1
    outer loop
      vertex 36.6654 7.84393 0
      vertex 29.7 8 0
      vertex 36.6539 7.92159 0
    endloop
  endfacet
  facet normal 0 0 -1
    outer loop
      vertex 36.6555 10.3223 0
      vertex 35.771 11.6411 0
      vertex 35.8309 11.5903 0
    endloop
  endfacet
  facet normal -0 0 -1
    outer loop
      vertex 36.6844 8.23223 0
      vertex 29.7 8 0
      vertex 35.771 11.6411 0
    endloop
  endfacet
  facet normal 0 0 -1
    outer loop
      vertex 36.6844 8.23223 0
      vertex 35.771 11.6411 0
      vertex 36.6555 10.3223 0
    endloop
  endfacet
  facet normal 0 0 -1
    outer loop
      vertex 29.7 8 0
      vertex 35.6676 4.24098 0
      vertex 35.6251 4.175 0
    endloop
  endfacet
  facet normal -0 0 -1
    outer loop
      vertex 35.771 11.6411 0
      vertex 29.7 8 0
      vertex 35.7164 11.6975 0
    endloop
  endfacet
  facet normal 0 0 -1
    outer loop
      vertex 36.6539 7.92159 0
      vertex 29.7 8 0
      vertex 36.65 8 0
    endloop
  endfacet
  facet normal -0 0 -1
    outer loop
      vertex 35.7164 11.6975 0
      vertex 29.7 8 0
      vertex 35.6676 11.759 0
    endloop
  endfacet
  facet normal 0 0 -1
    outer loop
      vertex 29.7 8 0
      vertex 35.6251 4.175 0
      vertex 35.5892 4.10517 0
    endloop
  endfacet
  facet normal -0 0 -1
    outer loop
      vertex 35.6676 11.759 0
      vertex 29.7 8 0
      vertex 35.6251 11.825 0
    endloop
  endfacet
  facet normal 0 0 -1
    outer loop
      vertex 29.7 8 0
      vertex 35.5892 4.10517 0
      vertex 35.5604 4.03215 0
    endloop
  endfacet
  facet normal -0 0 -1
    outer loop
      vertex 35.6251 11.825 0
      vertex 29.7 8 0
      vertex 35.5892 11.8948 0
    endloop
  endfacet
  facet normal 0 0 -1
    outer loop
      vertex 29.7 8 0
      vertex 35.5388 3.95666 0
      vertex 35.1841 2.92485 0
    endloop
  endfacet
  facet normal 0 0 -1
    outer loop
      vertex 35.5388 3.95666 0
      vertex 29.7 8 0
      vertex 35.5604 4.03215 0
    endloop
  endfacet
  facet normal 0 0 -1
    outer loop
      vertex 35.1841 2.92485 0
      vertex 35.5388 3.95666 0
      vertex 35.5248 3.87942 0
    endloop
  endfacet
  facet normal -0 0 -1
    outer loop
      vertex 35.5892 11.8948 0
      vertex 29.7 8 0
      vertex 35.5604 11.9678 0
    endloop
  endfacet
  facet normal 0 0 -1
    outer loop
      vertex 35.1841 2.92485 0
      vertex 35.5248 3.87942 0
      vertex 35.5183 3.80118 0
    endloop
  endfacet
  facet normal -0 0 -1
    outer loop
      vertex 35.5604 11.9678 0
      vertex 29.7 8 0
      vertex 35.5388 12.0433 0
    endloop
  endfacet
  facet normal -0 -0 -1
    outer loop
      vertex 34.6569 13.6569 0
      vertex 35.5388 12.0433 0
      vertex 33.0433 14.5388 0
    endloop
  endfacet
  facet normal 0 0 -1
    outer loop
      vertex 35.5692 12.5068 0
      vertex 35.1841 13.0751 0
      vertex 35.5826 12.5378 0
    endloop
  endfacet
  facet normal 0 0 -1
    outer loop
      vertex 35.5452 12.4321 0
      vertex 35.1841 13.0751 0
      vertex 35.5692 12.5068 0
    endloop
  endfacet
  facet normal 0 0 -1
    outer loop
      vertex 35.5286 12.3553 0
      vertex 35.1841 13.0751 0
      vertex 35.5452 12.4321 0
    endloop
  endfacet
  facet normal 0 0 -1
    outer loop
      vertex 35.5196 12.2773 0
      vertex 35.1841 13.0751 0
      vertex 35.5286 12.3553 0
    endloop
  endfacet
  facet normal 0 0 -1
    outer loop
      vertex 35.5388 12.0433 0
      vertex 34.6569 13.6569 0
      vertex 35.5248 12.1206 0
    endloop
  endfacet
  facet normal 0 0 -1
    outer loop
      vertex 29.7 8 0
      vertex 35.1841 2.92485 0
      vertex 34.6569 2.34315 0
    endloop
  endfacet
  facet normal -0 -0 -1
    outer loop
      vertex 35.1841 13.0751 0
      vertex 35.5248 12.1206 0
      vertex 34.6569 13.6569 0
    endloop
  endfacet
  facet normal 0 0 -1
    outer loop
      vertex 33.1206 1.47524 0
      vertex 34.6569 2.34315 0
      vertex 34.0751 1.81592 0
    endloop
  endfacet
  facet normal 0 0 -1
    outer loop
      vertex 35.5183 12.1988 0
      vertex 35.1841 13.0751 0
      vertex 35.5196 12.2773 0
    endloop
  endfacet
  facet normal 0 0 -1
    outer loop
      vertex 33.5068 1.43081 0
      vertex 34.0751 1.81592 0
      vertex 33.5378 1.41738 0
    endloop
  endfacet
  facet normal 0 0 -1
    outer loop
      vertex 35.5248 12.1206 0
      vertex 35.1841 13.0751 0
      vertex 35.5183 12.1988 0
    endloop
  endfacet
  facet normal 0 0 -1
    outer loop
      vertex 33.4321 1.45483 0
      vertex 34.0751 1.81592 0
      vertex 33.5068 1.43081 0
    endloop
  endfacet
  facet normal -0 -0 -1
    outer loop
      vertex 33.1206 14.5248 0
      vertex 34.6569 13.6569 0
      vertex 33.0433 14.5388 0
    endloop
  endfacet
  facet normal 0 0 -1
    outer loop
      vertex 33.3553 1.4714 0
      vertex 34.0751 1.81592 0
      vertex 33.4321 1.45483 0
    endloop
  endfacet
  facet normal 0 0 -1
    outer loop
      vertex 34.0751 14.1841 0
      vertex 33.5068 14.5692 0
      vertex 33.5378 14.5826 0
    endloop
  endfacet
  facet normal 0 0 -1
    outer loop
      vertex 33.2773 1.48037 0
      vertex 34.0751 1.81592 0
      vertex 33.3553 1.4714 0
    endloop
  endfacet
  facet normal 0 0 -1
    outer loop
      vertex 34.0751 14.1841 0
      vertex 33.4321 14.5452 0
      vertex 33.5068 14.5692 0
    endloop
  endfacet
  facet normal 0 0 -1
    outer loop
      vertex 33.1988 1.48166 0
      vertex 34.0751 1.81592 0
      vertex 33.2773 1.48037 0
    endloop
  endfacet
  facet normal 0 0 -1
    outer loop
      vertex 34.0751 14.1841 0
      vertex 33.3553 14.5286 0
      vertex 33.4321 14.5452 0
    endloop
  endfacet
  facet normal 0 0 -1
    outer loop
      vertex 33.1206 1.47524 0
      vertex 34.0751 1.81592 0
      vertex 33.1988 1.48166 0
    endloop
  endfacet
  facet normal 0 0 -1
    outer loop
      vertex 34.0751 14.1841 0
      vertex 33.2773 14.5196 0
      vertex 33.3553 14.5286 0
    endloop
  endfacet
  facet normal 0 0 -1
    outer loop
      vertex 34.6569 2.34315 0
      vertex 33.1206 1.47524 0
      vertex 33.0433 1.46119 0
    endloop
  endfacet
  facet normal 0 0 -1
    outer loop
      vertex 34.0751 14.1841 0
      vertex 33.1988 14.5183 0
      vertex 33.2773 14.5196 0
    endloop
  endfacet
  facet normal -0 0 -1
    outer loop
      vertex 34.6569 2.34315 0
      vertex 33.0433 1.46119 0
      vertex 29.7 8 0
    endloop
  endfacet
  facet normal 0 0 -1
    outer loop
      vertex 34.0751 14.1841 0
      vertex 33.1206 14.5248 0
      vertex 33.1988 14.5183 0
    endloop
  endfacet
  facet normal 0 0 -1
    outer loop
      vertex 29.7 8 0
      vertex 33.0433 1.46119 0
      vertex 32.9678 1.43963 0
    endloop
  endfacet
  facet normal 0 0 -1
    outer loop
      vertex 34.6569 13.6569 0
      vertex 33.1206 14.5248 0
      vertex 34.0751 14.1841 0
    endloop
  endfacet
  facet normal 0 0 -1
    outer loop
      vertex 29.7 8 0
      vertex 32.9678 1.43963 0
      vertex 32.8948 1.41078 0
    endloop
  endfacet
  facet normal -0 0 -1
    outer loop
      vertex 33.0433 14.5388 0
      vertex 29.7 8 0
      vertex 32.9678 14.5604 0
    endloop
  endfacet
  facet normal 0 0 -1
    outer loop
      vertex 29.7 8 0
      vertex 32.8948 1.41078 0
      vertex 32.825 1.37491 0
    endloop
  endfacet
  facet normal -0 0 -1
    outer loop
      vertex 32.9678 14.5604 0
      vertex 29.7 8 0
      vertex 32.8948 14.5892 0
    endloop
  endfacet
  facet normal 0 0 -1
    outer loop
      vertex 29.7 8 0
      vertex 32.825 1.37491 0
      vertex 32.759 1.33236 0
    endloop
  endfacet
  facet normal 0 0 -1
    outer loop
      vertex 29.7 14.5 0
      vertex 32.8948 14.5892 0
      vertex 29.7 8 0
    endloop
  endfacet
  facet normal 0 0 -1
    outer loop
      vertex 29.7 8 0
      vertex 32.759 1.33236 0
      vertex 32.6975 1.28356 0
    endloop
  endfacet
  facet normal -0 0 -1
    outer loop
      vertex 32.8948 14.5892 0
      vertex 29.7 14.5 0
      vertex 32.825 14.6251 0
    endloop
  endfacet
  facet normal 0 0 -1
    outer loop
      vertex 29.1561 0.334629 0
      vertex 32.6975 1.28356 0
      vertex 32.6411 1.22896 0
    endloop
  endfacet
  facet normal -0 0 -1
    outer loop
      vertex 32.825 14.6251 0
      vertex 29.7 14.5 0
      vertex 32.759 14.6676 0
    endloop
  endfacet
  facet normal 0 0 -1
    outer loop
      vertex 31.3223 0.344478 0
      vertex 32.6411 1.22896 0
      vertex 32.5903 1.1691 0
    endloop
  endfacet
  facet normal -0 0 -1
    outer loop
      vertex 32.759 14.6676 0
      vertex 29.7 14.5 0
      vertex 32.6975 14.7164 0
    endloop
  endfacet
  facet normal 0 0 -1
    outer loop
      vertex 31.3223 0.344478 0
      vertex 32.5903 1.1691 0
      vertex 32.5456 1.10454 0
    endloop
  endfacet
  facet normal -0 0 -1
    outer loop
      vertex 32.6975 14.7164 0
      vertex 29.7 14.5 0
      vertex 32.6411 14.771 0
    endloop
  endfacet
  facet normal 0 0 -1
    outer loop
      vertex 32.0615 0.608964 0
      vertex 32.5456 1.10454 0
      vertex 32.5075 1.03592 0
    endloop
  endfacet
  facet normal -0 0 -1
    outer loop
      vertex 32.6411 14.771 0
      vertex 29.7 14.5 0
      vertex 32.5903 14.8309 0
    endloop
  endfacet
  facet normal 0 0 -1
    outer loop
      vertex 32.0615 0.608964 0
      vertex 32.5075 1.03592 0
      vertex 32.4763 0.963886 0
    endloop
  endfacet
  facet normal -0 0 -1
    outer loop
      vertex 32.5903 14.8309 0
      vertex 29.7 14.5 0
      vertex 32.5456 14.8955 0
    endloop
  endfacet
  facet normal 0 0 -1
    outer loop
      vertex 32.0615 0.608964 0
      vertex 32.4763 0.963886 0
      vertex 32.4523 0.889141 0
    endloop
  endfacet
  facet normal 0 -0 -1
    outer loop
      vertex 32.0615 15.391 0
      vertex 32.5456 14.8955 0
      vertex 29.7 14.5 0
    endloop
  endfacet
  facet normal 0 0 -1
    outer loop
      vertex 32.0615 0.608964 0
      vertex 32.4523 0.889141 0
      vertex 32.4357 0.812402 0
    endloop
  endfacet
  facet normal 0 0 -1
    outer loop
      vertex 32.5456 14.8955 0
      vertex 32.0615 15.391 0
      vertex 32.5075 14.9641 0
    endloop
  endfacet
  facet normal 0 0 -1
    outer loop
      vertex 32.0615 0.608964 0
      vertex 32.4357 0.812402 0
      vertex 32.4325 0.784434 0
    endloop
  endfacet
  facet normal 0 0 -1
    outer loop
      vertex 32.5075 14.9641 0
      vertex 32.0615 15.391 0
      vertex 32.4763 15.0361 0
    endloop
  endfacet
  facet normal 0 0 -1
    outer loop
      vertex 32.5456 1.10454 0
      vertex 32.0615 0.608964 0
      vertex 31.3223 0.344478 0
    endloop
  endfacet
  facet normal 0 0 -1
    outer loop
      vertex 32.4763 15.0361 0
      vertex 32.0615 15.391 0
      vertex 32.4523 15.1109 0
    endloop
  endfacet
  facet normal 0 0 -1
    outer loop
      vertex 32.6411 1.22896 0
      vertex 31.3223 0.344478 0
      vertex 29.2322 0.315553 0
    endloop
  endfacet
  facet normal 0 0 -1
    outer loop
      vertex 32.4523 15.1109 0
      vertex 32.0615 15.391 0
      vertex 32.4357 15.1876 0
    endloop
  endfacet
  facet normal 0 0 -1
    outer loop
      vertex 29.2322 0.315553 0
      vertex 31.3223 0.344478 0
      vertex 30.5607 0.153718 0
    endloop
  endfacet
  facet normal 0 0 -1
    outer loop
      vertex 32.4357 15.1876 0
      vertex 32.0615 15.391 0
      vertex 32.4325 15.2156 0
    endloop
  endfacet
  facet normal 0 0 -1
    outer loop
      vertex 29.4445 0.215177 0
      vertex 30.5607 0.153718 0
      vertex 29.7841 0.0385227 0
    endloop
  endfacet
  facet normal -0 0 -1
    outer loop
      vertex 32.0615 15.391 0
      vertex 29.7 14.5 0
      vertex 31.3223 15.6555 0
    endloop
  endfacet
  facet normal -0 0 -1
    outer loop
      vertex 31.3223 15.6555 0
      vertex 29.7 14.5 0
      vertex 30.5607 15.8463 0
    endloop
  endfacet
  facet normal 0 0 -1
    outer loop
      vertex 29.6184 0.0575151 0
      vertex 29.7841 0.0385227 0
      vertex 29.6378 0.0313348 0
    endloop
  endfacet
  facet normal 0 0 -1
    outer loop
      vertex 29.5657 0.115685 0
      vertex 29.7841 0.0385227 0
      vertex 29.6184 0.0575151 0
    endloop
  endfacet
  facet normal 0 0 -1
    outer loop
      vertex 29.5075 0.168408 0
      vertex 29.7841 0.0385227 0
      vertex 29.5657 0.115685 0
    endloop
  endfacet
  facet normal 0 0 -1
    outer loop
      vertex 29.4445 0.215177 0
      vertex 29.7841 0.0385227 0
      vertex 29.5075 0.168408 0
    endloop
  endfacet
  facet normal 0 0 -1
    outer loop
      vertex 29.3771 0.255537 0
      vertex 30.5607 0.153718 0
      vertex 29.4445 0.215177 0
    endloop
  endfacet
  facet normal 0 0 -1
    outer loop
      vertex 29.3061 0.289104 0
      vertex 30.5607 0.153718 0
      vertex 29.3771 0.255537 0
    endloop
  endfacet
  facet normal 0 0 -1
    outer loop
      vertex 29.2322 0.315553 0
      vertex 30.5607 0.153718 0
      vertex 29.3061 0.289104 0
    endloop
  endfacet
  facet normal 0 0 -1
    outer loop
      vertex 32.6411 1.22896 0
      vertex 29.2322 0.315553 0
      vertex 29.1561 0.334629 0
    endloop
  endfacet
  facet normal -0 0 -1
    outer loop
      vertex 32.6975 1.28356 0
      vertex 29.1561 0.334629 0
      vertex 29.7 8 0
    endloop
  endfacet
  facet normal 0 0 -1
    outer loop
      vertex 29.0784 0.346148 0
      vertex 29.7 8 0
      vertex 29.1561 0.334629 0
    endloop
  endfacet
  facet normal 0 0 -1
    outer loop
      vertex 29 0.35 0
      vertex 29.7 8 0
      vertex 29.0784 0.346148 0
    endloop
  endfacet
  facet normal 0 0 -1
    outer loop
      vertex 28.3 8 0
      vertex 29 0.35 0
      vertex 28.9216 0.346148 0
    endloop
  endfacet
  facet normal 0 0 -1
    outer loop
      vertex 28.3 8 0
      vertex 28.9216 0.346148 0
      vertex 28.8439 0.334629 0
    endloop
  endfacet
  facet normal 0 0 -1
    outer loop
      vertex 25.3025 1.28356 0
      vertex 28.8439 0.334629 0
      vertex 28.7678 0.315553 0
    endloop
  endfacet
  facet normal 0 0 -1
    outer loop
      vertex 26.6777 0.344478 0
      vertex 28.7678 0.315553 0
      vertex 28.6939 0.289104 0
    endloop
  endfacet
  facet normal 0 0 -1
    outer loop
      vertex 27.4393 0.153718 0
      vertex 28.6939 0.289104 0
      vertex 28.6229 0.255537 0
    endloop
  endfacet
  facet normal 0 0 -1
    outer loop
      vertex 27.4393 0.153718 0
      vertex 28.6229 0.255537 0
      vertex 28.5555 0.215177 0
    endloop
  endfacet
  facet normal 0 0 -1
    outer loop
      vertex 27.4393 0.153718 0
      vertex 28.5555 0.215177 0
      vertex 28.4925 0.168408 0
    endloop
  endfacet
  facet normal 0 0 -1
    outer loop
      vertex 28.2159 0.0385227 0
      vertex 28.4925 0.168408 0
      vertex 28.4343 0.115685 0
    endloop
  endfacet
  facet normal 0 0 -1
    outer loop
      vertex 28.2159 0.0385227 0
      vertex 28.4343 0.115685 0
      vertex 28.3816 0.0575151 0
    endloop
  endfacet
  facet normal 0 0 -1
    outer loop
      vertex 28.2159 0.0385227 0
      vertex 28.3816 0.0575151 0
      vertex 28.3622 0.0313348 0
    endloop
  endfacet
  facet normal 0 0 -1
    outer loop
      vertex 29 0.35 0
      vertex 28.3 8 0
      vertex 29.7 8 0
    endloop
  endfacet
  facet normal -0 0 -1
    outer loop
      vertex 28.6939 0.289104 0
      vertex 27.4393 0.153718 0
      vertex 26.6777 0.344478 0
    endloop
  endfacet
  facet normal 0 0 -1
    outer loop
      vertex 28.4925 0.168408 0
      vertex 28.2159 0.0385227 0
      vertex 27.4393 0.153718 0
    endloop
  endfacet
  facet normal 0 0 -1
    outer loop
      vertex 28.3 8 0
      vertex 22.4396 4.03215 0
      vertex 22.4108 4.10517 0
    endloop
  endfacet
  facet normal 0 0 -1
    outer loop
      vertex 28.3 14.5 0
      vertex 22.4752 12.1206 0
      vertex 22.4817 12.1988 0
    endloop
  endfacet
  facet normal 0 0 -1
    outer loop
      vertex 25.0322 1.43963 0
      vertex 28.3 8 0
      vertex 25.1052 1.41078 0
    endloop
  endfacet
  facet normal 0 0 -1
    outer loop
      vertex 28.3 14.5 0
      vertex 22.4612 12.0433 0
      vertex 22.4752 12.1206 0
    endloop
  endfacet
  facet normal 0 0 -1
    outer loop
      vertex 28.3 8 0
      vertex 22.4108 4.10517 0
      vertex 22.3749 4.175 0
    endloop
  endfacet
  facet normal 0 0 -1
    outer loop
      vertex 28.3 8 0
      vertex 22.4612 12.0433 0
      vertex 28.3 14.5 0
    endloop
  endfacet
  facet normal 0 0 -1
    outer loop
      vertex 22.3324 4.24098 0
      vertex 28.3 8 0
      vertex 22.3749 4.175 0
    endloop
  endfacet
  facet normal 0 -0 -1
    outer loop
      vertex 22.4612 12.0433 0
      vertex 28.3 8 0
      vertex 22.4396 11.9678 0
    endloop
  endfacet
  facet normal 0 0 -1
    outer loop
      vertex 21.3461 8.07841 0
      vertex 28.3 8 0
      vertex 21.35 8 0
    endloop
  endfacet
  facet normal 0 -0 -1
    outer loop
      vertex 22.4396 11.9678 0
      vertex 28.3 8 0
      vertex 22.4108 11.8948 0
    endloop
  endfacet
  facet normal 0 0 -1
    outer loop
      vertex 22.2836 4.30248 0
      vertex 28.3 8 0
      vertex 22.3324 4.24098 0
    endloop
  endfacet
  facet normal 0 0 -1
    outer loop
      vertex 21.3346 8.15607 0
      vertex 28.3 8 0
      vertex 21.3461 8.07841 0
    endloop
  endfacet
  facet normal 0 0 -1
    outer loop
      vertex 22.229 4.35889 0
      vertex 28.3 8 0
      vertex 22.2836 4.30248 0
    endloop
  endfacet
  facet normal 0 -0 -1
    outer loop
      vertex 22.4108 11.8948 0
      vertex 28.3 8 0
      vertex 22.3749 11.825 0
    endloop
  endfacet
  facet normal 0 0 -1
    outer loop
      vertex 21.3156 7.76777 0
      vertex 28.3 8 0
      vertex 22.229 4.35889 0
    endloop
  endfacet
  facet normal 0 -0 -1
    outer loop
      vertex 22.3749 11.825 0
      vertex 28.3 8 0
      vertex 22.3324 11.759 0
    endloop
  endfacet
  facet normal 0 0 -1
    outer loop
      vertex 21.3445 5.67772 0
      vertex 22.229 4.35889 0
      vertex 22.1691 4.40968 0
    endloop
  endfacet
  facet normal 0 0 -1
    outer loop
      vertex 28.3 8 0
      vertex 22.2836 11.6975 0
      vertex 22.3324 11.759 0
    endloop
  endfacet
  facet normal 0 0 -1
    outer loop
      vertex 21.3445 5.67772 0
      vertex 22.1691 4.40968 0
      vertex 22.1045 4.45436 0
    endloop
  endfacet
  facet normal 0 0 -1
    outer loop
      vertex 21.3156 8.23223 0
      vertex 28.3 8 0
      vertex 21.3346 8.15607 0
    endloop
  endfacet
  facet normal 0 0 -1
    outer loop
      vertex 21.609 4.93853 0
      vertex 22.1045 4.45436 0
      vertex 22.0359 4.4925 0
    endloop
  endfacet
  facet normal 0 0 -1
    outer loop
      vertex 28.3 8 0
      vertex 22.229 11.6411 0
      vertex 22.2836 11.6975 0
    endloop
  endfacet
  facet normal 0 0 -1
    outer loop
      vertex 21.609 4.93853 0
      vertex 22.0359 4.4925 0
      vertex 21.9639 4.52373 0
    endloop
  endfacet
  facet normal 0 0 -1
    outer loop
      vertex 28.3 8 0
      vertex 21.3156 8.23223 0
      vertex 22.229 11.6411 0
    endloop
  endfacet
  facet normal 0 0 -1
    outer loop
      vertex 21.609 4.93853 0
      vertex 21.9639 4.52373 0
      vertex 21.8891 4.54774 0
    endloop
  endfacet
  facet normal 0 -0 -1
    outer loop
      vertex 21.3445 10.3223 0
      vertex 22.229 11.6411 0
      vertex 21.3156 8.23223 0
    endloop
  endfacet
  facet normal 0 0 -1
    outer loop
      vertex 21.609 4.93853 0
      vertex 21.8891 4.54774 0
      vertex 21.8124 4.56431 0
    endloop
  endfacet
  facet normal 0 0 -1
    outer loop
      vertex 22.229 11.6411 0
      vertex 21.3445 10.3223 0
      vertex 22.1691 11.5903 0
    endloop
  endfacet
  facet normal 0 0 -1
    outer loop
      vertex 21.609 4.93853 0
      vertex 21.8124 4.56431 0
      vertex 21.7844 4.56753 0
    endloop
  endfacet
  facet normal 0 0 -1
    outer loop
      vertex 22.1691 11.5903 0
      vertex 21.3445 10.3223 0
      vertex 22.1045 11.5456 0
    endloop
  endfacet
  facet normal 0 0 -1
    outer loop
      vertex 22.1045 4.45436 0
      vertex 21.609 4.93853 0
      vertex 21.3445 5.67772 0
    endloop
  endfacet
  facet normal 0 -0 -1
    outer loop
      vertex 21.609 11.0615 0
      vertex 22.1045 11.5456 0
      vertex 21.3445 10.3223 0
    endloop
  endfacet
  facet normal 0 0 -1
    outer loop
      vertex 22.1045 11.5456 0
      vertex 21.609 11.0615 0
      vertex 22.0359 11.5075 0
    endloop
  endfacet
  facet normal -0 0 -1
    outer loop
      vertex 28.3 8 0
      vertex 21.3461 7.92159 0
      vertex 21.35 8 0
    endloop
  endfacet
  facet normal 0 0 -1
    outer loop
      vertex 22.229 4.35889 0
      vertex 21.3445 5.67772 0
      vertex 21.3156 7.76777 0
    endloop
  endfacet
  facet normal 0 0 -1
    outer loop
      vertex 28.3 8 0
      vertex 21.3346 7.84393 0
      vertex 21.3461 7.92159 0
    endloop
  endfacet
  facet normal 0 0 -1
    outer loop
      vertex 28.3 8 0
      vertex 21.3156 7.76777 0
      vertex 21.3346 7.84393 0
    endloop
  endfacet
  facet normal 0 0 -1
    outer loop
      vertex 21.3445 5.67772 0
      vertex 21.2891 7.69385 0
      vertex 21.3156 7.76777 0
    endloop
  endfacet
  facet normal 0 0 -1
    outer loop
      vertex 21.1537 6.43928 0
      vertex 21.2891 7.69385 0
      vertex 21.3445 5.67772 0
    endloop
  endfacet
  facet normal 0 0 -1
    outer loop
      vertex 21.2891 7.69385 0
      vertex 21.1537 6.43928 0
      vertex 21.2555 7.62288 0
    endloop
  endfacet
  facet normal 0 0 -1
    outer loop
      vertex 21.2555 7.62288 0
      vertex 21.1537 6.43928 0
      vertex 21.2152 7.55554 0
    endloop
  endfacet
  facet normal 0 0 -1
    outer loop
      vertex 21.2152 7.55554 0
      vertex 21.1537 6.43928 0
      vertex 21.1684 7.49249 0
    endloop
  endfacet
  facet normal 0 0 -1
    outer loop
      vertex 21.0385 7.21586 0
      vertex 21.1684 7.49249 0
      vertex 21.1537 6.43928 0
    endloop
  endfacet
  facet normal 0 0 -1
    outer loop
      vertex 21.1684 7.49249 0
      vertex 21.0385 7.21586 0
      vertex 21.1157 7.43431 0
    endloop
  endfacet
  facet normal 0 0 -1
    outer loop
      vertex 21.1157 7.43431 0
      vertex 21.0385 7.21586 0
      vertex 21.0575 7.38159 0
    endloop
  endfacet
  facet normal 0 0 -1
    outer loop
      vertex 21.0575 7.38159 0
      vertex 21.0385 7.21586 0
      vertex 21.0313 7.36218 0
    endloop
  endfacet
  facet normal 0 0 -1
    outer loop
      vertex 23.3431 13.6569 0
      vertex 22.4817 12.1988 0
      vertex 22.8159 13.0751 0
    endloop
  endfacet
  facet normal 0 0 -1
    outer loop
      vertex 22.4804 12.2773 0
      vertex 22.8159 13.0751 0
      vertex 22.4817 12.1988 0
    endloop
  endfacet
  facet normal 0 0 -1
    outer loop
      vertex 22.4714 12.3553 0
      vertex 22.8159 13.0751 0
      vertex 22.4804 12.2773 0
    endloop
  endfacet
  facet normal 0 0 -1
    outer loop
      vertex 22.4548 12.4321 0
      vertex 22.8159 13.0751 0
      vertex 22.4714 12.3553 0
    endloop
  endfacet
  facet normal 0 0 -1
    outer loop
      vertex 22.4308 12.5068 0
      vertex 22.8159 13.0751 0
      vertex 22.4548 12.4321 0
    endloop
  endfacet
  facet normal 0 0 -1
    outer loop
      vertex 22.8159 13.0751 0
      vertex 22.4308 12.5068 0
      vertex 22.4174 12.5378 0
    endloop
  endfacet
  facet normal 0 0 -1
    outer loop
      vertex 21.9639 11.4763 0
      vertex 21.609 11.0615 0
      vertex 21.8891 11.4523 0
    endloop
  endfacet
  facet normal 0 0 -1
    outer loop
      vertex 21.8124 11.4357 0
      vertex 21.609 11.0615 0
      vertex 21.7844 11.4325 0
    endloop
  endfacet
  facet normal 0 0 -1
    outer loop
      vertex 21.8891 11.4523 0
      vertex 21.609 11.0615 0
      vertex 21.8124 11.4357 0
    endloop
  endfacet
  facet normal 0 0 -1
    outer loop
      vertex 22.0359 11.5075 0
      vertex 21.609 11.0615 0
      vertex 21.9639 11.4763 0
    endloop
  endfacet
  facet normal 0 0 -1
    outer loop
      vertex 21.2891 8.30615 0
      vertex 21.3445 10.3223 0
      vertex 21.3156 8.23223 0
    endloop
  endfacet
  facet normal 0 0 -1
    outer loop
      vertex 21.1537 9.56072 0
      vertex 21.2891 8.30615 0
      vertex 21.2555 8.37712 0
    endloop
  endfacet
  facet normal 0 0 -1
    outer loop
      vertex 21.1537 9.56072 0
      vertex 21.2555 8.37712 0
      vertex 21.2152 8.44446 0
    endloop
  endfacet
  facet normal 0 0 -1
    outer loop
      vertex 21.1537 9.56072 0
      vertex 21.2152 8.44446 0
      vertex 21.1684 8.50751 0
    endloop
  endfacet
  facet normal 0 0 -1
    outer loop
      vertex 21.2891 8.30615 0
      vertex 21.1537 9.56072 0
      vertex 21.3445 10.3223 0
    endloop
  endfacet
  facet normal 0 0 -1
    outer loop
      vertex 21.0385 8.78414 0
      vertex 21.1684 8.50751 0
      vertex 21.1157 8.56569 0
    endloop
  endfacet
  facet normal 0 0 -1
    outer loop
      vertex 21.0385 8.78414 0
      vertex 21.1157 8.56569 0
      vertex 21.0575 8.61841 0
    endloop
  endfacet
  facet normal 0 0 -1
    outer loop
      vertex 21.1684 8.50751 0
      vertex 21.0385 8.78414 0
      vertex 21.1537 9.56072 0
    endloop
  endfacet
  facet normal 0 -0 -1
    outer loop
      vertex 21.0385 8.78414 0
      vertex 21.0575 8.61841 0
      vertex 21.0313 8.63783 0
    endloop
  endfacet
  facet normal -0 0 -1
    outer loop
      vertex 30.5607 15.8463 0
      vertex 29.7 14.5 0
      vertex 29.7841 15.9615 0
    endloop
  endfacet
  facet normal 0 0 -1
    outer loop
      vertex 29.5075 15.8316 0
      vertex 29.7841 15.9615 0
      vertex 29.7 14.5 0
    endloop
  endfacet
  facet normal -0 0 -1
    outer loop
      vertex 29.7841 15.9615 0
      vertex 29.6184 15.9425 0
      vertex 29.6378 15.9687 0
    endloop
  endfacet
  facet normal 0 0 -1
    outer loop
      vertex 29.7841 15.9615 0
      vertex 29.5657 15.8843 0
      vertex 29.6184 15.9425 0
    endloop
  endfacet
  facet normal 0 0 -1
    outer loop
      vertex 29.7841 15.9615 0
      vertex 29.5075 15.8316 0
      vertex 29.5657 15.8843 0
    endloop
  endfacet
  facet normal 0 0 -1
    outer loop
      vertex 29.7 14.5 0
      vertex 29.4445 15.7848 0
      vertex 29.5075 15.8316 0
    endloop
  endfacet
  facet normal 0 0 -1
    outer loop
      vertex 29.7 14.5 0
      vertex 29.3771 15.7445 0
      vertex 29.4445 15.7848 0
    endloop
  endfacet
  facet normal 0 0 -1
    outer loop
      vertex 29.7 14.5 0
      vertex 29.3061 15.7109 0
      vertex 29.3771 15.7445 0
    endloop
  endfacet
  facet normal 0 0 -1
    outer loop
      vertex 29.7 14.5 0
      vertex 29.2322 15.6844 0
      vertex 29.3061 15.7109 0
    endloop
  endfacet
  facet normal 0 0 -1
    outer loop
      vertex 29.7 14.5 0
      vertex 29.1561 15.6654 0
      vertex 29.2322 15.6844 0
    endloop
  endfacet
  facet normal 0 0 -1
    outer loop
      vertex 29.7 14.5 0
      vertex 29.0784 15.6539 0
      vertex 29.1561 15.6654 0
    endloop
  endfacet
  facet normal 0 0 -1
    outer loop
      vertex 29.7 14.5 0
      vertex 29 15.65 0
      vertex 29.0784 15.6539 0
    endloop
  endfacet
  facet normal 0 0 -1
    outer loop
      vertex 28.3 14.5 0
      vertex 29 15.65 0
      vertex 29.7 14.5 0
    endloop
  endfacet
  facet normal -0 0 -1
    outer loop
      vertex 29 15.65 0
      vertex 28.3 14.5 0
      vertex 28.9216 15.6539 0
    endloop
  endfacet
  facet normal -0 0 -1
    outer loop
      vertex 28.9216 15.6539 0
      vertex 28.3 14.5 0
      vertex 28.8439 15.6654 0
    endloop
  endfacet
  facet normal -0 0 -1
    outer loop
      vertex 28.8439 15.6654 0
      vertex 28.3 14.5 0
      vertex 28.7678 15.6844 0
    endloop
  endfacet
  facet normal -0 0 -1
    outer loop
      vertex 28.7678 15.6844 0
      vertex 28.3 14.5 0
      vertex 28.6939 15.7109 0
    endloop
  endfacet
  facet normal -0 0 -1
    outer loop
      vertex 28.6939 15.7109 0
      vertex 28.3 14.5 0
      vertex 28.6229 15.7445 0
    endloop
  endfacet
  facet normal -0 0 -1
    outer loop
      vertex 28.6229 15.7445 0
      vertex 28.3 14.5 0
      vertex 28.5555 15.7848 0
    endloop
  endfacet
  facet normal -0 0 -1
    outer loop
      vertex 28.5555 15.7848 0
      vertex 28.3 14.5 0
      vertex 28.4925 15.8316 0
    endloop
  endfacet
  facet normal 0 0 -1
    outer loop
      vertex 28.2159 15.9615 0
      vertex 28.4925 15.8316 0
      vertex 28.3 14.5 0
    endloop
  endfacet
  facet normal 0 0 -1
    outer loop
      vertex 28.4925 15.8316 0
      vertex 28.2159 15.9615 0
      vertex 28.4343 15.8843 0
    endloop
  endfacet
  facet normal 0 0 -1
    outer loop
      vertex 28.4343 15.8843 0
      vertex 28.2159 15.9615 0
      vertex 28.3816 15.9425 0
    endloop
  endfacet
  facet normal 0 0 -1
    outer loop
      vertex 28.3816 15.9425 0
      vertex 28.2159 15.9615 0
      vertex 28.3622 15.9687 0
    endloop
  endfacet
  facet normal 0 0 -1
    outer loop
      vertex 25.175 1.37491 0
      vertex 28.3 8 0
      vertex 25.241 1.33236 0
    endloop
  endfacet
  facet normal 0 0 -1
    outer loop
      vertex 28.7678 0.315553 0
      vertex 25.3589 1.22896 0
      vertex 25.3025 1.28356 0
    endloop
  endfacet
  facet normal 0 0 -1
    outer loop
      vertex 25.1052 1.41078 0
      vertex 28.3 8 0
      vertex 25.175 1.37491 0
    endloop
  endfacet
  facet normal 0 0 -1
    outer loop
      vertex 28.7678 0.315553 0
      vertex 26.6777 0.344478 0
      vertex 25.3589 1.22896 0
    endloop
  endfacet
  facet normal 0 0 -1
    outer loop
      vertex 28.3 8 0
      vertex 25.3025 1.28356 0
      vertex 25.241 1.33236 0
    endloop
  endfacet
  facet normal 0 0 -1
    outer loop
      vertex 25.4544 1.10454 0
      vertex 26.6777 0.344478 0
      vertex 25.9385 0.608964 0
    endloop
  endfacet
  facet normal 0 0 -1
    outer loop
      vertex 28.8439 0.334629 0
      vertex 25.3025 1.28356 0
      vertex 28.3 8 0
    endloop
  endfacet
  facet normal 0 0 -1
    outer loop
      vertex 25.5643 0.812402 0
      vertex 25.9385 0.608964 0
      vertex 25.5675 0.784434 0
    endloop
  endfacet
  facet normal 0 0 -1
    outer loop
      vertex 25.5477 0.889141 0
      vertex 25.9385 0.608964 0
      vertex 25.5643 0.812402 0
    endloop
  endfacet
  facet normal 0 0 -1
    outer loop
      vertex 25.5237 0.963886 0
      vertex 25.9385 0.608964 0
      vertex 25.5477 0.889141 0
    endloop
  endfacet
  facet normal 0 0 -1
    outer loop
      vertex 25.9385 15.391 0
      vertex 25.5643 15.1876 0
      vertex 25.5675 15.2156 0
    endloop
  endfacet
  facet normal 0 0 -1
    outer loop
      vertex 25.4925 1.03592 0
      vertex 25.9385 0.608964 0
      vertex 25.5237 0.963886 0
    endloop
  endfacet
  facet normal 0 0 -1
    outer loop
      vertex 25.9385 15.391 0
      vertex 25.5477 15.1109 0
      vertex 25.5643 15.1876 0
    endloop
  endfacet
  facet normal 0 0 -1
    outer loop
      vertex 25.4544 1.10454 0
      vertex 25.9385 0.608964 0
      vertex 25.4925 1.03592 0
    endloop
  endfacet
  facet normal 0 0 -1
    outer loop
      vertex 25.9385 15.391 0
      vertex 25.5237 15.0361 0
      vertex 25.5477 15.1109 0
    endloop
  endfacet
  facet normal 0 0 -1
    outer loop
      vertex 26.6777 0.344478 0
      vertex 25.4544 1.10454 0
      vertex 25.4097 1.1691 0
    endloop
  endfacet
  facet normal 0 0 -1
    outer loop
      vertex 25.9385 15.391 0
      vertex 25.4925 14.9641 0
      vertex 25.5237 15.0361 0
    endloop
  endfacet
  facet normal 0 0 -1
    outer loop
      vertex 26.6777 0.344478 0
      vertex 25.4097 1.1691 0
      vertex 25.3589 1.22896 0
    endloop
  endfacet
  facet normal 0 0 -1
    outer loop
      vertex 25.9385 15.391 0
      vertex 25.4544 14.8955 0
      vertex 25.4925 14.9641 0
    endloop
  endfacet
  facet normal 0 -0 -1
    outer loop
      vertex 25.3025 14.7164 0
      vertex 28.3 14.5 0
      vertex 25.241 14.6676 0
    endloop
  endfacet
  facet normal 0 0 -1
    outer loop
      vertex 28.3 14.5 0
      vertex 25.9385 15.391 0
      vertex 26.6777 15.6555 0
    endloop
  endfacet
  facet normal 0 -0 -1
    outer loop
      vertex 25.4544 14.8955 0
      vertex 28.3 14.5 0
      vertex 25.4097 14.8309 0
    endloop
  endfacet
  facet normal 0 -0 -1
    outer loop
      vertex 25.9385 15.391 0
      vertex 28.3 14.5 0
      vertex 25.4544 14.8955 0
    endloop
  endfacet
  facet normal 0 -0 -1
    outer loop
      vertex 25.4097 14.8309 0
      vertex 28.3 14.5 0
      vertex 25.3589 14.771 0
    endloop
  endfacet
  facet normal 0 0 -1
    outer loop
      vertex 28.3 14.5 0
      vertex 26.6777 15.6555 0
      vertex 27.4393 15.8463 0
    endloop
  endfacet
  facet normal 0 -0 -1
    outer loop
      vertex 25.3589 14.771 0
      vertex 28.3 14.5 0
      vertex 25.3025 14.7164 0
    endloop
  endfacet
  facet normal 0 0 -1
    outer loop
      vertex 28.3 14.5 0
      vertex 27.4393 15.8463 0
      vertex 28.2159 15.9615 0
    endloop
  endfacet
  facet normal 0 0 -1
    outer loop
      vertex 22.4396 4.03215 0
      vertex 25.0322 1.43963 0
      vertex 22.4612 3.95666 0
    endloop
  endfacet
  facet normal 0 0 -1
    outer loop
      vertex 28.3 14.5 0
      vertex 25.175 14.6251 0
      vertex 25.241 14.6676 0
    endloop
  endfacet
  facet normal 0 0 -1
    outer loop
      vertex 24.9567 1.46119 0
      vertex 22.4612 3.95666 0
      vertex 25.0322 1.43963 0
    endloop
  endfacet
  facet normal 0 0 -1
    outer loop
      vertex 28.3 8 0
      vertex 25.0322 1.43963 0
      vertex 22.4396 4.03215 0
    endloop
  endfacet
  facet normal 0 0 -1
    outer loop
      vertex 23.3431 2.34315 0
      vertex 22.4612 3.95666 0
      vertex 24.9567 1.46119 0
    endloop
  endfacet
  facet normal 0 0 -1
    outer loop
      vertex 28.3 14.5 0
      vertex 25.1052 14.5892 0
      vertex 25.175 14.6251 0
    endloop
  endfacet
  facet normal 0 0 -1
    outer loop
      vertex 22.4612 3.95666 0
      vertex 23.3431 2.34315 0
      vertex 22.4752 3.87942 0
    endloop
  endfacet
  facet normal 0 0 -1
    outer loop
      vertex 22.4817 12.1988 0
      vertex 25.0322 14.5604 0
      vertex 28.3 14.5 0
    endloop
  endfacet
  facet normal 0 0 -1
    outer loop
      vertex 23.3431 2.34315 0
      vertex 24.9567 1.46119 0
      vertex 24.8794 1.47524 0
    endloop
  endfacet
  facet normal 0 0 -1
    outer loop
      vertex 28.3 14.5 0
      vertex 25.0322 14.5604 0
      vertex 25.1052 14.5892 0
    endloop
  endfacet
  facet normal 0 0 -1
    outer loop
      vertex 23.9249 1.81592 0
      vertex 24.8794 1.47524 0
      vertex 24.8012 1.48166 0
    endloop
  endfacet
  facet normal 0 0 -1
    outer loop
      vertex 22.4817 12.1988 0
      vertex 24.9567 14.5388 0
      vertex 25.0322 14.5604 0
    endloop
  endfacet
  facet normal 0 0 -1
    outer loop
      vertex 23.9249 1.81592 0
      vertex 24.8012 1.48166 0
      vertex 24.7227 1.48037 0
    endloop
  endfacet
  facet normal 0 0 -1
    outer loop
      vertex 22.4817 12.1988 0
      vertex 23.3431 13.6569 0
      vertex 24.9567 14.5388 0
    endloop
  endfacet
  facet normal 0 0 -1
    outer loop
      vertex 23.9249 1.81592 0
      vertex 24.7227 1.48037 0
      vertex 24.6447 1.4714 0
    endloop
  endfacet
  facet normal 0 0 -1
    outer loop
      vertex 24.9567 14.5388 0
      vertex 23.3431 13.6569 0
      vertex 24.8794 14.5248 0
    endloop
  endfacet
  facet normal 0 0 -1
    outer loop
      vertex 23.9249 1.81592 0
      vertex 24.6447 1.4714 0
      vertex 24.5679 1.45483 0
    endloop
  endfacet
  facet normal 0 -0 -1
    outer loop
      vertex 23.9249 14.1841 0
      vertex 24.8794 14.5248 0
      vertex 23.3431 13.6569 0
    endloop
  endfacet
  facet normal 0 0 -1
    outer loop
      vertex 23.9249 1.81592 0
      vertex 24.5679 1.45483 0
      vertex 24.4932 1.43081 0
    endloop
  endfacet
  facet normal 0 0 -1
    outer loop
      vertex 24.8794 14.5248 0
      vertex 23.9249 14.1841 0
      vertex 24.8012 14.5183 0
    endloop
  endfacet
  facet normal 0 0 -1
    outer loop
      vertex 23.9249 1.81592 0
      vertex 24.4932 1.43081 0
      vertex 24.4622 1.41738 0
    endloop
  endfacet
  facet normal -0 0 -1
    outer loop
      vertex 24.8012 14.5183 0
      vertex 23.9249 14.1841 0
      vertex 24.7227 14.5196 0
    endloop
  endfacet
  facet normal 0 0 -1
    outer loop
      vertex 24.8794 1.47524 0
      vertex 23.9249 1.81592 0
      vertex 23.3431 2.34315 0
    endloop
  endfacet
  facet normal -0 0 -1
    outer loop
      vertex 24.7227 14.5196 0
      vertex 23.9249 14.1841 0
      vertex 24.6447 14.5286 0
    endloop
  endfacet
  facet normal 0 0 -1
    outer loop
      vertex 22.8159 2.92485 0
      vertex 22.4752 3.87942 0
      vertex 23.3431 2.34315 0
    endloop
  endfacet
  facet normal -0 0 -1
    outer loop
      vertex 24.4932 14.5692 0
      vertex 23.9249 14.1841 0
      vertex 24.4622 14.5826 0
    endloop
  endfacet
  facet normal 0 0 -1
    outer loop
      vertex 22.4752 3.87942 0
      vertex 22.8159 2.92485 0
      vertex 22.4817 3.80118 0
    endloop
  endfacet
  facet normal -0 0 -1
    outer loop
      vertex 24.5679 14.5452 0
      vertex 23.9249 14.1841 0
      vertex 24.4932 14.5692 0
    endloop
  endfacet
  facet normal -0 0 -1
    outer loop
      vertex 24.6447 14.5286 0
      vertex 23.9249 14.1841 0
      vertex 24.5679 14.5452 0
    endloop
  endfacet
  facet normal 0 0 -1
    outer loop
      vertex 22.8159 2.92485 0
      vertex 22.4804 3.72268 0
      vertex 22.4817 3.80118 0
    endloop
  endfacet
  facet normal 0 0 -1
    outer loop
      vertex 22.8159 2.92485 0
      vertex 22.4714 3.64468 0
      vertex 22.4804 3.72268 0
    endloop
  endfacet
  facet normal 0 0 -1
    outer loop
      vertex 22.8159 2.92485 0
      vertex 22.4548 3.56795 0
      vertex 22.4714 3.64468 0
    endloop
  endfacet
  facet normal 0 0 -1
    outer loop
      vertex 22.8159 2.92485 0
      vertex 22.4308 3.4932 0
      vertex 22.4548 3.56795 0
    endloop
  endfacet
  facet normal 0 -0 -1
    outer loop
      vertex 22.4308 3.4932 0
      vertex 22.8159 2.92485 0
      vertex 22.4174 3.46222 0
    endloop
  endfacet
  facet normal -0.970021 0.243021 -3.45581e-18
    outer loop
      vertex 21.1537 9.56072 0
      vertex 21.3445 10.3223 5
      vertex 21.3445 10.3223 0
    endloop
  endfacet
  facet normal -0.970021 0.243021 -3.45581e-18
    outer loop
      vertex 21.3445 10.3223 5
      vertex 21.1537 9.56072 0
      vertex 21.1537 9.56072 5
    endloop
  endfacet
  facet normal -0.8032 0.59571 2.18802e-19
    outer loop
      vertex 22.4174 12.5378 0
      vertex 22.8159 13.0751 5
      vertex 22.8159 13.0751 0
    endloop
  endfacet
  facet normal -0.8032 0.59571 2.18802e-19
    outer loop
      vertex 22.8159 13.0751 5
      vertex 22.4174 12.5378 0
      vertex 22.4174 12.5378 5
    endloop
  endfacet
  facet normal -0.904055 0.427416 3.99601e-19
    outer loop
      vertex 21.609 11.0615 0
      vertex 21.7844 11.4325 5
      vertex 21.7844 11.4325 0
    endloop
  endfacet
  facet normal -0.904055 0.427416 3.99601e-19
    outer loop
      vertex 21.7844 11.4325 5
      vertex 21.609 11.0615 0
      vertex 21.609 11.0615 5
    endloop
  endfacet
  facet normal -0.243015 0.970023 0
    outer loop
      vertex 27.4393 15.8463 0
      vertex 26.6777 15.6555 5
      vertex 27.4393 15.8463 5
    endloop
  endfacet
  facet normal -0.243015 0.970023 0
    outer loop
      vertex 26.6777 15.6555 5
      vertex 27.4393 15.8463 0
      vertex 26.6777 15.6555 0
    endloop
  endfacet
  facet normal -0.336901 0.94154 0
    outer loop
      vertex 26.6777 15.6555 0
      vertex 25.9385 15.391 5
      vertex 26.6777 15.6555 5
    endloop
  endfacet
  facet normal -0.336901 0.94154 0
    outer loop
      vertex 25.9385 15.391 5
      vertex 26.6777 15.6555 0
      vertex 25.9385 15.391 0
    endloop
  endfacet
  facet normal -0.146733 0.989176 0
    outer loop
      vertex 28.2159 15.9615 0
      vertex 27.4393 15.8463 5
      vertex 28.2159 15.9615 5
    endloop
  endfacet
  facet normal -0.146733 0.989176 0
    outer loop
      vertex 27.4393 15.8463 5
      vertex 28.2159 15.9615 0
      vertex 27.4393 15.8463 0
    endloop
  endfacet
  facet normal -0.67148 0.741023 0
    outer loop
      vertex 23.9249 14.1841 0
      vertex 23.3431 13.6569 5
      vertex 23.9249 14.1841 5
    endloop
  endfacet
  facet normal -0.67148 0.741023 0
    outer loop
      vertex 23.3431 13.6569 5
      vertex 23.9249 14.1841 0
      vertex 23.3431 13.6569 0
    endloop
  endfacet
  facet normal 0.970021 0.243021 4.48807e-20
    outer loop
      vertex 36.8463 9.56072 5
      vertex 36.6555 10.3223 0
      vertex 36.6555 10.3223 5
    endloop
  endfacet
  facet normal 0.970021 0.243021 4.48807e-20
    outer loop
      vertex 36.6555 10.3223 0
      vertex 36.8463 9.56072 5
      vertex 36.8463 9.56072 0
    endloop
  endfacet
  facet normal 0.8032 0.59571 -2.18802e-19
    outer loop
      vertex 35.5826 12.5378 5
      vertex 35.1841 13.0751 0
      vertex 35.1841 13.0751 5
    endloop
  endfacet
  facet normal 0.8032 0.59571 -2.18802e-19
    outer loop
      vertex 35.1841 13.0751 0
      vertex 35.5826 12.5378 5
      vertex 35.5826 12.5378 0
    endloop
  endfacet
  facet normal 0.741023 0.67148 -5.99319e-18
    outer loop
      vertex 35.1841 13.0751 5
      vertex 34.6569 13.6569 0
      vertex 34.6569 13.6569 5
    endloop
  endfacet
  facet normal 0.741023 0.67148 -5.99319e-18
    outer loop
      vertex 34.6569 13.6569 0
      vertex 35.1841 13.0751 5
      vertex 35.1841 13.0751 0
    endloop
  endfacet
  facet normal 0.94154 0.336901 2.42362e-18
    outer loop
      vertex 36.6555 10.3223 5
      vertex 36.391 11.0615 0
      vertex 36.391 11.0615 5
    endloop
  endfacet
  facet normal 0.94154 0.336901 2.42362e-18
    outer loop
      vertex 36.391 11.0615 0
      vertex 36.6555 10.3223 5
      vertex 36.6555 10.3223 0
    endloop
  endfacet
  facet normal 0.989176 0.146737 -3.86683e-19
    outer loop
      vertex 36.9615 8.78414 5
      vertex 36.8463 9.56072 0
      vertex 36.8463 9.56072 5
    endloop
  endfacet
  facet normal 0.989176 0.146737 -3.86683e-19
    outer loop
      vertex 36.8463 9.56072 0
      vertex 36.9615 8.78414 5
      vertex 36.9615 8.78414 0
    endloop
  endfacet
  facet normal 0.427416 0.904055 -0
    outer loop
      vertex 32.4325 15.2156 0
      vertex 32.0615 15.391 5
      vertex 32.4325 15.2156 5
    endloop
  endfacet
  facet normal 0.427416 0.904055 0
    outer loop
      vertex 32.0615 15.391 5
      vertex 32.4325 15.2156 0
      vertex 32.0615 15.391 0
    endloop
  endfacet
  facet normal 0.59571 0.8032 -0
    outer loop
      vertex 34.0751 14.1841 0
      vertex 33.5378 14.5826 5
      vertex 34.0751 14.1841 5
    endloop
  endfacet
  facet normal 0.59571 0.8032 0
    outer loop
      vertex 33.5378 14.5826 5
      vertex 34.0751 14.1841 0
      vertex 33.5378 14.5826 0
    endloop
  endfacet
  facet normal 0.243015 0.970023 -0
    outer loop
      vertex 31.3223 15.6555 0
      vertex 30.5607 15.8463 5
      vertex 31.3223 15.6555 5
    endloop
  endfacet
  facet normal 0.243015 0.970023 0
    outer loop
      vertex 30.5607 15.8463 5
      vertex 31.3223 15.6555 0
      vertex 30.5607 15.8463 0
    endloop
  endfacet
  facet normal 0.0491545 0.998791 -0
    outer loop
      vertex 29.7841 15.9615 0
      vertex 29.6378 15.9687 5
      vertex 29.7841 15.9615 5
    endloop
  endfacet
  facet normal 0.0491545 0.998791 0
    outer loop
      vertex 29.6378 15.9687 5
      vertex 29.7841 15.9615 0
      vertex 29.6378 15.9687 0
    endloop
  endfacet
  facet normal -0.049072 -0.998795 0
    outer loop
      vertex 28.2159 0.0385227 0
      vertex 28.3622 0.0313348 5
      vertex 28.2159 0.0385227 5
    endloop
  endfacet
  facet normal -0.049072 -0.998795 -0
    outer loop
      vertex 28.3622 0.0313348 5
      vertex 28.2159 0.0385227 0
      vertex 28.3622 0.0313348 0
    endloop
  endfacet
  facet normal -0.242967 -0.970035 0
    outer loop
      vertex 26.6777 0.344478 0
      vertex 27.4393 0.153718 5
      vertex 26.6777 0.344478 5
    endloop
  endfacet
  facet normal -0.242967 -0.970035 -0
    outer loop
      vertex 27.4393 0.153718 5
      vertex 26.6777 0.344478 0
      vertex 27.4393 0.153718 0
    endloop
  endfacet
  facet normal -0.595749 -0.803171 0
    outer loop
      vertex 23.9249 1.81592 0
      vertex 24.4622 1.41738 5
      vertex 23.9249 1.81592 5
    endloop
  endfacet
  facet normal -0.595749 -0.803171 -0
    outer loop
      vertex 24.4622 1.41738 5
      vertex 23.9249 1.81592 0
      vertex 24.4622 1.41738 0
    endloop
  endfacet
  facet normal -0.427555 -0.903989 0
    outer loop
      vertex 25.5675 0.784434 0
      vertex 25.9385 0.608964 5
      vertex 25.5675 0.784434 5
    endloop
  endfacet
  facet normal -0.427555 -0.903989 -0
    outer loop
      vertex 25.9385 0.608964 5
      vertex 25.5675 0.784434 0
      vertex 25.9385 0.608964 0
    endloop
  endfacet
  facet normal -0.740965 -0.671543 1.63654e-18
    outer loop
      vertex 23.3431 2.34315 0
      vertex 22.8159 2.92485 5
      vertex 22.8159 2.92485 0
    endloop
  endfacet
  facet normal -0.740965 -0.671543 1.63654e-18
    outer loop
      vertex 22.8159 2.92485 5
      vertex 23.3431 2.34315 0
      vertex 23.3431 2.34315 5
    endloop
  endfacet
  facet normal 0.671501 -0.741004 0
    outer loop
      vertex 34.0751 1.81592 0
      vertex 34.6569 2.34315 5
      vertex 34.0751 1.81592 5
    endloop
  endfacet
  facet normal 0.671501 -0.741004 0
    outer loop
      vertex 34.6569 2.34315 5
      vertex 34.0751 1.81592 0
      vertex 34.6569 2.34315 0
    endloop
  endfacet
  facet normal 0.336885 -0.941546 0
    outer loop
      vertex 31.3223 0.344478 0
      vertex 32.0615 0.608964 5
      vertex 31.3223 0.344478 5
    endloop
  endfacet
  facet normal 0.336885 -0.941546 0
    outer loop
      vertex 32.0615 0.608964 5
      vertex 31.3223 0.344478 0
      vertex 32.0615 0.608964 0
    endloop
  endfacet
  facet normal 0.146727 -0.989177 0
    outer loop
      vertex 29.7841 0.0385227 0
      vertex 30.5607 0.153718 5
      vertex 29.7841 0.0385227 5
    endloop
  endfacet
  facet normal 0.146727 -0.989177 0
    outer loop
      vertex 30.5607 0.153718 5
      vertex 29.7841 0.0385227 0
      vertex 30.5607 0.153718 0
    endloop
  endfacet
  facet normal 0.904055 -0.427416 -2.81372e-18
    outer loop
      vertex 36.2156 4.56753 5
      vertex 36.391 4.93853 0
      vertex 36.391 4.93853 5
    endloop
  endfacet
  facet normal 0.904055 -0.427416 -2.81372e-18
    outer loop
      vertex 36.391 4.93853 0
      vertex 36.2156 4.56753 5
      vertex 36.2156 4.56753 0
    endloop
  endfacet
  facet normal 0.803237 -0.59566 1.64087e-18
    outer loop
      vertex 35.1841 2.92485 5
      vertex 35.5826 3.46222 0
      vertex 35.5826 3.46222 5
    endloop
  endfacet
  facet normal 0.803237 -0.59566 1.64087e-18
    outer loop
      vertex 35.5826 3.46222 0
      vertex 35.1841 2.92485 5
      vertex 35.1841 2.92485 0
    endloop
  endfacet
  facet normal 0.970019 -0.243027 1.82289e-18
    outer loop
      vertex 36.6555 5.67772 5
      vertex 36.8463 6.43928 0
      vertex 36.8463 6.43928 5
    endloop
  endfacet
  facet normal 0.970019 -0.243027 1.82289e-18
    outer loop
      vertex 36.8463 6.43928 0
      vertex 36.6555 5.67772 5
      vertex 36.6555 5.67772 0
    endloop
  endfacet
  facet normal 0.941539 -0.336905 -2.29936e-18
    outer loop
      vertex 36.391 4.93853 5
      vertex 36.6555 5.67772 0
      vertex 36.6555 5.67772 5
    endloop
  endfacet
  facet normal 0.941539 -0.336905 -2.29936e-18
    outer loop
      vertex 36.6555 5.67772 0
      vertex 36.391 4.93853 5
      vertex 36.391 4.93853 0
    endloop
  endfacet
  facet normal 0.998792 -0.0491478 9.0776e-20
    outer loop
      vertex 36.9615 7.21586 5
      vertex 36.9687 7.36218 0
      vertex 36.9687 7.36218 5
    endloop
  endfacet
  facet normal 0.998792 -0.0491478 9.0776e-20
    outer loop
      vertex 36.9687 7.36218 0
      vertex 36.9615 7.21586 5
      vertex 36.9615 7.21586 0
    endloop
  endfacet
  facet normal -0.146727 -0.989177 0
    outer loop
      vertex 27.4393 0.153718 0
      vertex 28.2159 0.0385227 5
      vertex 27.4393 0.153718 5
    endloop
  endfacet
  facet normal -0.146727 -0.989177 -0
    outer loop
      vertex 28.2159 0.0385227 5
      vertex 27.4393 0.153718 0
      vertex 28.2159 0.0385227 0
    endloop
  endfacet
  facet normal -0.336885 -0.941546 0
    outer loop
      vertex 25.9385 0.608964 0
      vertex 26.6777 0.344478 5
      vertex 25.9385 0.608964 5
    endloop
  endfacet
  facet normal -0.336885 -0.941546 -0
    outer loop
      vertex 26.6777 0.344478 5
      vertex 25.9385 0.608964 0
      vertex 26.6777 0.344478 0
    endloop
  endfacet
  facet normal -0.671501 -0.741004 0
    outer loop
      vertex 23.3431 2.34315 0
      vertex 23.9249 1.81592 5
      vertex 23.3431 2.34315 5
    endloop
  endfacet
  facet normal -0.671501 -0.741004 -0
    outer loop
      vertex 23.9249 1.81592 5
      vertex 23.3431 2.34315 0
      vertex 23.9249 1.81592 0
    endloop
  endfacet
  facet normal -0.803237 -0.59566 -1.64087e-18
    outer loop
      vertex 22.8159 2.92485 0
      vertex 22.4174 3.46222 5
      vertex 22.4174 3.46222 0
    endloop
  endfacet
  facet normal -0.803237 -0.59566 -1.64087e-18
    outer loop
      vertex 22.4174 3.46222 5
      vertex 22.8159 2.92485 0
      vertex 22.8159 2.92485 5
    endloop
  endfacet
  facet normal -0.970019 -0.243027 1.56741e-18
    outer loop
      vertex 21.3445 5.67772 0
      vertex 21.1537 6.43928 5
      vertex 21.1537 6.43928 0
    endloop
  endfacet
  facet normal -0.970019 -0.243027 1.56741e-18
    outer loop
      vertex 21.1537 6.43928 5
      vertex 21.3445 5.67772 0
      vertex 21.3445 5.67772 5
    endloop
  endfacet
  facet normal -0.941539 -0.336905 -2.05768e-18
    outer loop
      vertex 21.609 4.93853 0
      vertex 21.3445 5.67772 5
      vertex 21.3445 5.67772 0
    endloop
  endfacet
  facet normal -0.941539 -0.336905 -2.05768e-18
    outer loop
      vertex 21.3445 5.67772 5
      vertex 21.609 4.93853 0
      vertex 21.609 4.93853 5
    endloop
  endfacet
  facet normal -0.989176 -0.146737 9.30457e-19
    outer loop
      vertex 21.1537 6.43928 0
      vertex 21.0385 7.21586 5
      vertex 21.0385 7.21586 0
    endloop
  endfacet
  facet normal -0.989176 -0.146737 9.30457e-19
    outer loop
      vertex 21.0385 7.21586 5
      vertex 21.1537 6.43928 0
      vertex 21.1537 6.43928 5
    endloop
  endfacet
  facet normal 0.595749 -0.803171 0
    outer loop
      vertex 33.5378 1.41738 0
      vertex 34.0751 1.81592 5
      vertex 33.5378 1.41738 5
    endloop
  endfacet
  facet normal 0.595749 -0.803171 0
    outer loop
      vertex 34.0751 1.81592 5
      vertex 33.5378 1.41738 0
      vertex 34.0751 1.81592 0
    endloop
  endfacet
  facet normal 0.427555 -0.903989 0
    outer loop
      vertex 32.0615 0.608964 0
      vertex 32.4325 0.784434 5
      vertex 32.0615 0.608964 5
    endloop
  endfacet
  facet normal 0.427555 -0.903989 0
    outer loop
      vertex 32.4325 0.784434 5
      vertex 32.0615 0.608964 0
      vertex 32.4325 0.784434 0
    endloop
  endfacet
  facet normal 0.242967 -0.970035 0
    outer loop
      vertex 30.5607 0.153718 0
      vertex 31.3223 0.344478 5
      vertex 30.5607 0.153718 5
    endloop
  endfacet
  facet normal 0.242967 -0.970035 0
    outer loop
      vertex 31.3223 0.344478 5
      vertex 30.5607 0.153718 0
      vertex 31.3223 0.344478 0
    endloop
  endfacet
  facet normal 0.740965 -0.671543 -1.63654e-18
    outer loop
      vertex 34.6569 2.34315 5
      vertex 35.1841 2.92485 0
      vertex 35.1841 2.92485 5
    endloop
  endfacet
  facet normal 0.740965 -0.671543 -1.63654e-18
    outer loop
      vertex 35.1841 2.92485 0
      vertex 34.6569 2.34315 5
      vertex 34.6569 2.34315 0
    endloop
  endfacet
  facet normal 0.989176 -0.146737 -9.30457e-19
    outer loop
      vertex 36.8463 6.43928 5
      vertex 36.9615 7.21586 0
      vertex 36.9615 7.21586 5
    endloop
  endfacet
  facet normal 0.989176 -0.146737 -9.30457e-19
    outer loop
      vertex 36.9615 7.21586 0
      vertex 36.8463 6.43928 5
      vertex 36.8463 6.43928 0
    endloop
  endfacet
  facet normal -0.998792 -0.0491478 -9.0776e-20
    outer loop
      vertex 21.0385 7.21586 0
      vertex 21.0313 7.36218 5
      vertex 21.0313 7.36218 0
    endloop
  endfacet
  facet normal -0.998792 -0.0491478 -9.0776e-20
    outer loop
      vertex 21.0313 7.36218 5
      vertex 21.0385 7.21586 0
      vertex 21.0385 7.21586 5
    endloop
  endfacet
  facet normal -0.741149 -0.67134 4.84483e-19
    outer loop
      vertex 21.1684 8.50751 0
      vertex 21.1157 8.56569 5
      vertex 21.1157 8.56569 0
    endloop
  endfacet
  facet normal -0.741149 -0.67134 4.84483e-19
    outer loop
      vertex 21.1157 8.56569 5
      vertex 21.1684 8.50751 0
      vertex 21.1684 8.50751 5
    endloop
  endfacet
  facet normal -0.941338 0.337466 3.31687e-19
    outer loop
      vertex 21.2891 7.69385 0
      vertex 21.3156 7.76777 5
      vertex 21.3156 7.76777 0
    endloop
  endfacet
  facet normal -0.941338 0.337466 3.31687e-19
    outer loop
      vertex 21.3156 7.76777 5
      vertex 21.2891 7.69385 0
      vertex 21.2891 7.69385 5
    endloop
  endfacet
  facet normal -0.903823 -0.427906 1.66123e-19
    outer loop
      vertex 21.2891 8.30615 0
      vertex 21.2555 8.37712 5
      vertex 21.2555 8.37712 0
    endloop
  endfacet
  facet normal -0.903823 -0.427906 1.66123e-19
    outer loop
      vertex 21.2555 8.37712 5
      vertex 21.2891 8.30615 0
      vertex 21.2891 8.30615 5
    endloop
  endfacet
  facet normal -0.858077 -0.513521 -1.13329e-20
    outer loop
      vertex 21.2555 8.37712 0
      vertex 21.2152 8.44446 5
      vertex 21.2152 8.44446 0
    endloop
  endfacet
  facet normal -0.858077 -0.513521 -1.13329e-20
    outer loop
      vertex 21.2152 8.44446 5
      vertex 21.2555 8.37712 0
      vertex 21.2555 8.37712 5
    endloop
  endfacet
  facet normal -0.671353 0.741137 0
    outer loop
      vertex 21.1157 7.43431 0
      vertex 21.0575 7.38159 5
      vertex 21.1157 7.43431 5
    endloop
  endfacet
  facet normal -0.671353 0.741137 0
    outer loop
      vertex 21.0575 7.38159 5
      vertex 21.1157 7.43431 0
      vertex 21.0575 7.38159 0
    endloop
  endfacet
  facet normal -0.741149 0.67134 -4.84483e-19
    outer loop
      vertex 21.1157 7.43431 0
      vertex 21.1684 7.49249 5
      vertex 21.1684 7.49249 0
    endloop
  endfacet
  facet normal -0.741149 0.67134 -4.84483e-19
    outer loop
      vertex 21.1684 7.49249 5
      vertex 21.1157 7.43431 0
      vertex 21.1157 7.43431 5
    endloop
  endfacet
  facet normal -0.989213 -0.146484 5.40813e-20
    outer loop
      vertex 21.3461 8.07841 0
      vertex 21.3346 8.15607 5
      vertex 21.3346 8.15607 0
    endloop
  endfacet
  facet normal -0.989213 -0.146484 5.40813e-20
    outer loop
      vertex 21.3346 8.15607 5
      vertex 21.3461 8.07841 0
      vertex 21.3461 8.07841 5
    endloop
  endfacet
  facet normal -0.941338 -0.337466 2.69125e-19
    outer loop
      vertex 21.3156 8.23223 0
      vertex 21.2891 8.30615 5
      vertex 21.2891 8.30615 0
    endloop
  endfacet
  facet normal -0.941338 -0.337466 2.69125e-19
    outer loop
      vertex 21.2891 8.30615 5
      vertex 21.3156 8.23223 0
      vertex 21.3156 8.23223 5
    endloop
  endfacet
  facet normal -0.998765 -0.0496771 -4.38314e-21
    outer loop
      vertex 21.35 8 0
      vertex 21.3461 8.07841 5
      vertex 21.3461 8.07841 0
    endloop
  endfacet
  facet normal -0.998765 -0.0496771 -4.38314e-21
    outer loop
      vertex 21.3461 8.07841 5
      vertex 21.35 8 0
      vertex 21.35 8 5
    endloop
  endfacet
  facet normal -0.595477 -0.803372 0
    outer loop
      vertex 21.0313 8.63783 0
      vertex 21.0575 8.61841 5
      vertex 21.0313 8.63783 5
    endloop
  endfacet
  facet normal -0.595477 -0.803372 -0
    outer loop
      vertex 21.0575 8.61841 5
      vertex 21.0313 8.63783 0
      vertex 21.0575 8.61841 0
    endloop
  endfacet
  facet normal -0.595279 0.803519 0
    outer loop
      vertex 21.0575 7.38159 0
      vertex 21.0313 7.36218 5
      vertex 21.0575 7.38159 5
    endloop
  endfacet
  facet normal -0.595279 0.803519 0
    outer loop
      vertex 21.0313 7.36218 5
      vertex 21.0575 7.38159 0
      vertex 21.0313 7.36218 0
    endloop
  endfacet
  facet normal -0.858077 0.513521 5.26172e-19
    outer loop
      vertex 21.2152 7.55554 0
      vertex 21.2555 7.62288 5
      vertex 21.2555 7.62288 0
    endloop
  endfacet
  facet normal -0.858077 0.513521 5.26172e-19
    outer loop
      vertex 21.2555 7.62288 5
      vertex 21.2152 7.55554 0
      vertex 21.2152 7.55554 5
    endloop
  endfacet
  facet normal -0.989213 0.146484 -5.40813e-20
    outer loop
      vertex 21.3346 7.84393 0
      vertex 21.3461 7.92159 5
      vertex 21.3461 7.92159 0
    endloop
  endfacet
  facet normal -0.989213 0.146484 -5.40813e-20
    outer loop
      vertex 21.3461 7.92159 5
      vertex 21.3346 7.84393 0
      vertex 21.3346 7.84393 5
    endloop
  endfacet
  facet normal -0.80297 -0.596019 2.18444e-19
    outer loop
      vertex 21.2152 8.44446 0
      vertex 21.1684 8.50751 5
      vertex 21.1684 8.50751 0
    endloop
  endfacet
  facet normal -0.80297 -0.596019 2.18444e-19
    outer loop
      vertex 21.1684 8.50751 5
      vertex 21.2152 8.44446 0
      vertex 21.2152 8.44446 5
    endloop
  endfacet
  facet normal -0.970262 -0.242056 2.3983e-19
    outer loop
      vertex 21.3346 8.15607 0
      vertex 21.3156 8.23223 5
      vertex 21.3156 8.23223 0
    endloop
  endfacet
  facet normal -0.970262 -0.242056 2.3983e-19
    outer loop
      vertex 21.3156 8.23223 5
      vertex 21.3346 8.15607 0
      vertex 21.3346 8.15607 5
    endloop
  endfacet
  facet normal -0.998765 0.0496771 4.38314e-21
    outer loop
      vertex 21.3461 7.92159 0
      vertex 21.35 8 5
      vertex 21.35 8 0
    endloop
  endfacet
  facet normal -0.998765 0.0496771 4.38314e-21
    outer loop
      vertex 21.35 8 5
      vertex 21.3461 7.92159 0
      vertex 21.3461 7.92159 5
    endloop
  endfacet
  facet normal -0.671353 -0.741137 0
    outer loop
      vertex 21.0575 8.61841 0
      vertex 21.1157 8.56569 5
      vertex 21.0575 8.61841 5
    endloop
  endfacet
  facet normal -0.671353 -0.741137 -0
    outer loop
      vertex 21.1157 8.56569 5
      vertex 21.0575 8.61841 0
      vertex 21.1157 8.56569 0
    endloop
  endfacet
  facet normal -0.80297 0.596019 -3.87805e-19
    outer loop
      vertex 21.1684 7.49249 0
      vertex 21.2152 7.55554 5
      vertex 21.2152 7.55554 0
    endloop
  endfacet
  facet normal -0.80297 0.596019 -3.87805e-19
    outer loop
      vertex 21.2152 7.55554 5
      vertex 21.1684 7.49249 0
      vertex 21.1684 7.49249 5
    endloop
  endfacet
  facet normal -0.903823 0.427906 4.09914e-20
    outer loop
      vertex 21.2555 7.62288 0
      vertex 21.2891 7.69385 5
      vertex 21.2891 7.69385 0
    endloop
  endfacet
  facet normal -0.903823 0.427906 4.09914e-20
    outer loop
      vertex 21.2891 7.69385 5
      vertex 21.2555 7.62288 0
      vertex 21.2555 7.62288 5
    endloop
  endfacet
  facet normal -0.970262 0.242056 -1.42711e-19
    outer loop
      vertex 21.3156 7.76777 0
      vertex 21.3346 7.84393 5
      vertex 21.3346 7.84393 0
    endloop
  endfacet
  facet normal -0.970262 0.242056 -1.42711e-19
    outer loop
      vertex 21.3346 7.84393 5
      vertex 21.3156 7.76777 0
      vertex 21.3156 7.76777 5
    endloop
  endfacet
  facet normal -0.977428 -0.211267 -2.0644e-19
    outer loop
      vertex 22.4714 12.3553 0
      vertex 22.4548 12.4321 5
      vertex 22.4548 12.4321 0
    endloop
  endfacet
  facet normal -0.977428 -0.211267 -2.0644e-19
    outer loop
      vertex 22.4548 12.4321 5
      vertex 22.4714 12.3553 0
      vertex 22.4714 12.3553 5
    endloop
  endfacet
  facet normal -0.996563 0.0828345 4.88447e-20
    outer loop
      vertex 22.4752 12.1206 0
      vertex 22.4817 12.1988 5
      vertex 22.4817 12.1988 0
    endloop
  endfacet
  facet normal -0.996563 0.0828345 4.88447e-20
    outer loop
      vertex 22.4817 12.1988 5
      vertex 22.4752 12.1206 0
      vertex 22.4752 12.1206 5
    endloop
  endfacet
  facet normal -0.999863 -0.0165582 1.5846e-20
    outer loop
      vertex 22.4817 12.1988 0
      vertex 22.4804 12.2773 5
      vertex 22.4804 12.2773 0
    endloop
  endfacet
  facet normal -0.999863 -0.0165582 1.5846e-20
    outer loop
      vertex 22.4804 12.2773 5
      vertex 22.4817 12.1988 0
      vertex 22.4817 12.1988 5
    endloop
  endfacet
  facet normal -0.930224 0.366992 3.3568e-19
    outer loop
      vertex 22.4108 11.8948 0
      vertex 22.4396 11.9678 5
      vertex 22.4396 11.9678 0
    endloop
  endfacet
  facet normal -0.930224 0.366992 3.3568e-19
    outer loop
      vertex 22.4396 11.9678 5
      vertex 22.4108 11.8948 0
      vertex 22.4108 11.8948 5
    endloop
  endfacet
  facet normal -0.961428 0.275057 -2.6669e-19
    outer loop
      vertex 22.4396 11.9678 0
      vertex 22.4612 12.0433 5
      vertex 22.4612 12.0433 0
    endloop
  endfacet
  facet normal -0.961428 0.275057 -2.6669e-19
    outer loop
      vertex 22.4612 12.0433 5
      vertex 22.4396 11.9678 0
      vertex 22.4396 11.9678 5
    endloop
  endfacet
  facet normal -0.889273 0.457377 3.12952e-20
    outer loop
      vertex 22.3749 11.825 0
      vertex 22.4108 11.8948 5
      vertex 22.4108 11.8948 0
    endloop
  endfacet
  facet normal -0.889273 0.457377 3.12952e-20
    outer loop
      vertex 22.4108 11.8948 5
      vertex 22.3749 11.825 0
      vertex 22.3749 11.825 5
    endloop
  endfacet
  facet normal -0.917915 -0.396776 -1.31674e-19
    outer loop
      vertex 22.4308 12.5068 0
      vertex 22.4174 12.5378 5
      vertex 22.4174 12.5378 0
    endloop
  endfacet
  facet normal -0.917915 -0.396776 -1.31674e-19
    outer loop
      vertex 22.4174 12.5378 5
      vertex 22.4308 12.5068 0
      vertex 22.4308 12.5068 5
    endloop
  endfacet
  facet normal -0.952068 -0.305885 1.13624e-19
    outer loop
      vertex 22.4548 12.4321 0
      vertex 22.4308 12.5068 5
      vertex 22.4308 12.5068 0
    endloop
  endfacet
  facet normal -0.952068 -0.305885 1.13624e-19
    outer loop
      vertex 22.4308 12.5068 5
      vertex 22.4548 12.4321 0
      vertex 22.4548 12.4321 5
    endloop
  endfacet
  facet normal -0.993409 -0.114624 1.21228e-19
    outer loop
      vertex 22.4804 12.2773 0
      vertex 22.4714 12.3553 5
      vertex 22.4714 12.3553 0
    endloop
  endfacet
  facet normal -0.993409 -0.114624 1.21228e-19
    outer loop
      vertex 22.4714 12.3553 5
      vertex 22.4804 12.2773 0
      vertex 22.4804 12.2773 5
    endloop
  endfacet
  facet normal -0.983992 0.178213 -1.45292e-19
    outer loop
      vertex 22.4612 12.0433 0
      vertex 22.4752 12.1206 5
      vertex 22.4752 12.1206 0
    endloop
  endfacet
  facet normal -0.983992 0.178213 -1.45292e-19
    outer loop
      vertex 22.4752 12.1206 5
      vertex 22.4612 12.0433 0
      vertex 22.4612 12.0433 5
    endloop
  endfacet
  facet normal -0.840764 0.541401 -3.98699e-19
    outer loop
      vertex 22.3324 11.759 0
      vertex 22.3749 11.825 5
      vertex 22.3749 11.825 0
    endloop
  endfacet
  facet normal -0.840764 0.541401 -3.98699e-19
    outer loop
      vertex 22.3749 11.825 5
      vertex 22.3324 11.759 0
      vertex 22.3324 11.759 5
    endloop
  endfacet
  facet normal -0.305515 0.952187 0
    outer loop
      vertex 21.9639 11.4763 0
      vertex 21.8891 11.4523 5
      vertex 21.9639 11.4763 5
    endloop
  endfacet
  facet normal -0.305515 0.952187 0
    outer loop
      vertex 21.8891 11.4523 5
      vertex 21.9639 11.4763 0
      vertex 21.8891 11.4523 0
    endloop
  endfacet
  facet normal -0.646798 0.762661 0
    outer loop
      vertex 22.229 11.6411 0
      vertex 22.1691 11.5903 5
      vertex 22.229 11.6411 5
    endloop
  endfacet
  facet normal -0.646798 0.762661 0
    outer loop
      vertex 22.1691 11.5903 5
      vertex 22.229 11.6411 0
      vertex 22.1691 11.5903 0
    endloop
  endfacet
  facet normal -0.21153 0.977371 0
    outer loop
      vertex 21.8891 11.4523 0
      vertex 21.8124 11.4357 5
      vertex 21.8891 11.4523 5
    endloop
  endfacet
  facet normal -0.21153 0.977371 0
    outer loop
      vertex 21.8124 11.4357 5
      vertex 21.8891 11.4523 0
      vertex 21.8124 11.4357 0
    endloop
  endfacet
  facet normal -0.397607 0.917556 0
    outer loop
      vertex 22.0359 11.5075 0
      vertex 21.9639 11.4763 5
      vertex 22.0359 11.5075 5
    endloop
  endfacet
  facet normal -0.397607 0.917556 0
    outer loop
      vertex 21.9639 11.4763 5
      vertex 22.0359 11.5075 0
      vertex 21.9639 11.4763 0
    endloop
  endfacet
  facet normal -0.569011 0.82233 0
    outer loop
      vertex 22.1691 11.5903 0
      vertex 22.1045 11.5456 5
      vertex 22.1691 11.5903 5
    endloop
  endfacet
  facet normal -0.569011 0.82233 0
    outer loop
      vertex 22.1045 11.5456 5
      vertex 22.1691 11.5903 0
      vertex 22.1045 11.5456 0
    endloop
  endfacet
  facet normal -0.718479 0.695549 3.38817e-19
    outer loop
      vertex 22.229 11.6411 0
      vertex 22.2836 11.6975 5
      vertex 22.2836 11.6975 0
    endloop
  endfacet
  facet normal -0.718479 0.695549 3.38817e-19
    outer loop
      vertex 22.2836 11.6975 5
      vertex 22.229 11.6411 0
      vertex 22.229 11.6411 5
    endloop
  endfacet
  facet normal -0.783348 0.621583 -2.25489e-19
    outer loop
      vertex 22.2836 11.6975 0
      vertex 22.3324 11.759 5
      vertex 22.3324 11.759 0
    endloop
  endfacet
  facet normal -0.783348 0.621583 -2.25489e-19
    outer loop
      vertex 22.3324 11.759 5
      vertex 22.2836 11.6975 0
      vertex 22.2836 11.6975 5
    endloop
  endfacet
  facet normal -0.113547 0.993533 0
    outer loop
      vertex 21.8124 11.4357 0
      vertex 21.7844 11.4325 5
      vertex 21.8124 11.4357 5
    endloop
  endfacet
  facet normal -0.113547 0.993533 0
    outer loop
      vertex 21.7844 11.4325 5
      vertex 21.8124 11.4357 0
      vertex 21.7844 11.4325 0
    endloop
  endfacet
  facet normal -0.485535 0.874217 0
    outer loop
      vertex 22.1045 11.5456 0
      vertex 22.0359 11.5075 5
      vertex 22.1045 11.5456 5
    endloop
  endfacet
  facet normal -0.485535 0.874217 0
    outer loop
      vertex 22.0359 11.5075 5
      vertex 22.1045 11.5456 0
      vertex 22.0359 11.5075 0
    endloop
  endfacet
  facet normal -0.917556 0.397607 -6.09886e-20
    outer loop
      vertex 25.4925 14.9641 0
      vertex 25.5237 15.0361 5
      vertex 25.5237 15.0361 0
    endloop
  endfacet
  facet normal -0.917556 0.397607 -6.09886e-20
    outer loop
      vertex 25.5237 15.0361 5
      vertex 25.4925 14.9641 0
      vertex 25.4925 14.9641 5
    endloop
  endfacet
  facet normal -0.82233 0.569011 3.1808e-19
    outer loop
      vertex 25.4097 14.8309 0
      vertex 25.4544 14.8955 5
      vertex 25.4544 14.8955 0
    endloop
  endfacet
  facet normal -0.82233 0.569011 3.1808e-19
    outer loop
      vertex 25.4544 14.8955 5
      vertex 25.4097 14.8309 0
      vertex 25.4097 14.8309 5
    endloop
  endfacet
  facet normal -0.695549 0.718479 0
    outer loop
      vertex 25.3589 14.771 0
      vertex 25.3025 14.7164 5
      vertex 25.3589 14.771 5
    endloop
  endfacet
  facet normal -0.695549 0.718479 0
    outer loop
      vertex 25.3025 14.7164 5
      vertex 25.3589 14.771 0
      vertex 25.3025 14.7164 0
    endloop
  endfacet
  facet normal -0.541401 0.840764 0
    outer loop
      vertex 25.241 14.6676 0
      vertex 25.175 14.6251 5
      vertex 25.241 14.6676 5
    endloop
  endfacet
  facet normal -0.541401 0.840764 0
    outer loop
      vertex 25.175 14.6251 5
      vertex 25.241 14.6676 0
      vertex 25.175 14.6251 0
    endloop
  endfacet
  facet normal -0.977371 0.21153 9.09357e-20
    outer loop
      vertex 25.5477 15.1109 0
      vertex 25.5643 15.1876 5
      vertex 25.5643 15.1876 0
    endloop
  endfacet
  facet normal -0.977371 0.21153 9.09357e-20
    outer loop
      vertex 25.5643 15.1876 5
      vertex 25.5477 15.1109 0
      vertex 25.5477 15.1109 5
    endloop
  endfacet
  facet normal 0.396776 0.917915 -0
    outer loop
      vertex 24.4932 14.5692 0
      vertex 24.4622 14.5826 5
      vertex 24.4932 14.5692 5
    endloop
  endfacet
  facet normal 0.396776 0.917915 0
    outer loop
      vertex 24.4622 14.5826 5
      vertex 24.4932 14.5692 0
      vertex 24.4622 14.5826 0
    endloop
  endfacet
  facet normal 0.114624 0.993409 -0
    outer loop
      vertex 24.7227 14.5196 0
      vertex 24.6447 14.5286 5
      vertex 24.7227 14.5196 5
    endloop
  endfacet
  facet normal 0.114624 0.993409 0
    outer loop
      vertex 24.6447 14.5286 5
      vertex 24.7227 14.5196 0
      vertex 24.6447 14.5286 0
    endloop
  endfacet
  facet normal 0.0165582 0.999863 -0
    outer loop
      vertex 24.8012 14.5183 0
      vertex 24.7227 14.5196 5
      vertex 24.8012 14.5183 5
    endloop
  endfacet
  facet normal 0.0165582 0.999863 0
    outer loop
      vertex 24.7227 14.5196 5
      vertex 24.8012 14.5183 0
      vertex 24.7227 14.5196 0
    endloop
  endfacet
  facet normal 0.211267 0.977428 -0
    outer loop
      vertex 24.6447 14.5286 0
      vertex 24.5679 14.5452 5
      vertex 24.6447 14.5286 5
    endloop
  endfacet
  facet normal 0.211267 0.977428 0
    outer loop
      vertex 24.5679 14.5452 5
      vertex 24.6447 14.5286 0
      vertex 24.5679 14.5452 0
    endloop
  endfacet
  facet normal -0.178213 0.983992 0
    outer loop
      vertex 24.9567 14.5388 0
      vertex 24.8794 14.5248 5
      vertex 24.9567 14.5388 5
    endloop
  endfacet
  facet normal -0.178213 0.983992 0
    outer loop
      vertex 24.8794 14.5248 5
      vertex 24.9567 14.5388 0
      vertex 24.8794 14.5248 0
    endloop
  endfacet
  facet normal -0.0828345 0.996563 0
    outer loop
      vertex 24.8794 14.5248 0
      vertex 24.8012 14.5183 5
      vertex 24.8794 14.5248 5
    endloop
  endfacet
  facet normal -0.0828345 0.996563 0
    outer loop
      vertex 24.8012 14.5183 5
      vertex 24.8794 14.5248 0
      vertex 24.8012 14.5183 0
    endloop
  endfacet
  facet normal -0.366992 0.930224 0
    outer loop
      vertex 25.1052 14.5892 0
      vertex 25.0322 14.5604 5
      vertex 25.1052 14.5892 5
    endloop
  endfacet
  facet normal -0.366992 0.930224 0
    outer loop
      vertex 25.0322 14.5604 5
      vertex 25.1052 14.5892 0
      vertex 25.0322 14.5604 0
    endloop
  endfacet
  facet normal -0.874217 0.485535 -4.77109e-19
    outer loop
      vertex 25.4544 14.8955 0
      vertex 25.4925 14.9641 5
      vertex 25.4925 14.9641 0
    endloop
  endfacet
  facet normal -0.874217 0.485535 -4.77109e-19
    outer loop
      vertex 25.4925 14.9641 5
      vertex 25.4544 14.8955 0
      vertex 25.4544 14.8955 5
    endloop
  endfacet
  facet normal -0.762661 0.646798 -4.48101e-19
    outer loop
      vertex 25.3589 14.771 0
      vertex 25.4097 14.8309 5
      vertex 25.4097 14.8309 0
    endloop
  endfacet
  facet normal -0.762661 0.646798 -4.48101e-19
    outer loop
      vertex 25.4097 14.8309 5
      vertex 25.3589 14.771 0
      vertex 25.3589 14.771 5
    endloop
  endfacet
  facet normal -0.621583 0.783348 0
    outer loop
      vertex 25.3025 14.7164 0
      vertex 25.241 14.6676 5
      vertex 25.3025 14.7164 5
    endloop
  endfacet
  facet normal -0.621583 0.783348 0
    outer loop
      vertex 25.241 14.6676 5
      vertex 25.3025 14.7164 0
      vertex 25.241 14.6676 0
    endloop
  endfacet
  facet normal -0.457377 0.889273 0
    outer loop
      vertex 25.175 14.6251 0
      vertex 25.1052 14.5892 5
      vertex 25.175 14.6251 5
    endloop
  endfacet
  facet normal -0.457377 0.889273 0
    outer loop
      vertex 25.1052 14.5892 5
      vertex 25.175 14.6251 0
      vertex 25.1052 14.5892 0
    endloop
  endfacet
  facet normal -0.993533 0.113547 9.86197e-21
    outer loop
      vertex 25.5643 15.1876 0
      vertex 25.5675 15.2156 5
      vertex 25.5675 15.2156 0
    endloop
  endfacet
  facet normal -0.993533 0.113547 9.86197e-21
    outer loop
      vertex 25.5675 15.2156 5
      vertex 25.5643 15.1876 0
      vertex 25.5643 15.1876 5
    endloop
  endfacet
  facet normal -0.952187 0.305515 2.59051e-19
    outer loop
      vertex 25.5237 15.0361 0
      vertex 25.5477 15.1109 5
      vertex 25.5477 15.1109 0
    endloop
  endfacet
  facet normal -0.952187 0.305515 2.59051e-19
    outer loop
      vertex 25.5477 15.1109 5
      vertex 25.5237 15.0361 0
      vertex 25.5237 15.0361 5
    endloop
  endfacet
  facet normal 0.305885 0.952068 -0
    outer loop
      vertex 24.5679 14.5452 0
      vertex 24.4932 14.5692 5
      vertex 24.5679 14.5452 5
    endloop
  endfacet
  facet normal 0.305885 0.952068 0
    outer loop
      vertex 24.4932 14.5692 5
      vertex 24.5679 14.5452 0
      vertex 24.4932 14.5692 0
    endloop
  endfacet
  facet normal -0.275057 0.961428 0
    outer loop
      vertex 25.0322 14.5604 0
      vertex 24.9567 14.5388 5
      vertex 25.0322 14.5604 5
    endloop
  endfacet
  facet normal -0.275057 0.961428 0
    outer loop
      vertex 24.9567 14.5388 5
      vertex 25.0322 14.5604 0
      vertex 24.9567 14.5388 0
    endloop
  endfacet
  facet normal 0.741264 0.671213 2.25474e-19
    outer loop
      vertex 28.4343 15.8843 5
      vertex 28.3816 15.9425 0
      vertex 28.3816 15.9425 5
    endloop
  endfacet
  facet normal 0.741264 0.671213 2.25474e-19
    outer loop
      vertex 28.3816 15.9425 0
      vertex 28.4343 15.8843 5
      vertex 28.4343 15.8843 0
    endloop
  endfacet
  facet normal 0.427758 0.903893 -0
    outer loop
      vertex 28.6939 15.7109 0
      vertex 28.6229 15.7445 5
      vertex 28.6939 15.7109 5
    endloop
  endfacet
  facet normal 0.427758 0.903893 0
    outer loop
      vertex 28.6229 15.7445 5
      vertex 28.6939 15.7109 0
      vertex 28.6229 15.7445 0
    endloop
  endfacet
  facet normal -0.596324 0.802744 0
    outer loop
      vertex 29.5075 15.8316 0
      vertex 29.4445 15.7848 5
      vertex 29.5075 15.8316 5
    endloop
  endfacet
  facet normal -0.596324 0.802744 0
    outer loop
      vertex 29.4445 15.7848 5
      vertex 29.5075 15.8316 0
      vertex 29.4445 15.7848 0
    endloop
  endfacet
  facet normal -0.427758 0.903893 0
    outer loop
      vertex 29.3771 15.7445 0
      vertex 29.3061 15.7109 5
      vertex 29.3771 15.7445 5
    endloop
  endfacet
  facet normal -0.427758 0.903893 0
    outer loop
      vertex 29.3061 15.7109 5
      vertex 29.3771 15.7445 0
      vertex 29.3061 15.7109 0
    endloop
  endfacet
  facet normal -0.242236 0.970217 0
    outer loop
      vertex 29.2322 15.6844 0
      vertex 29.1561 15.6654 5
      vertex 29.2322 15.6844 5
    endloop
  endfacet
  facet normal -0.242236 0.970217 0
    outer loop
      vertex 29.1561 15.6654 5
      vertex 29.2322 15.6844 0
      vertex 29.1561 15.6654 0
    endloop
  endfacet
  facet normal -0.0496835 0.998765 0
    outer loop
      vertex 29.0784 15.6539 0
      vertex 29 15.65 5
      vertex 29.0784 15.6539 5
    endloop
  endfacet
  facet normal -0.0496835 0.998765 0
    outer loop
      vertex 29 15.65 5
      vertex 29.0784 15.6539 0
      vertex 29 15.65 0
    endloop
  endfacet
  facet normal -0.741264 0.671213 -2.25474e-19
    outer loop
      vertex 29.5657 15.8843 0
      vertex 29.6184 15.9425 5
      vertex 29.6184 15.9425 0
    endloop
  endfacet
  facet normal -0.741264 0.671213 -2.25474e-19
    outer loop
      vertex 29.6184 15.9425 5
      vertex 29.5657 15.8843 0
      vertex 29.5657 15.8843 5
    endloop
  endfacet
  facet normal 0.803666 0.595081 -1.2309e-19
    outer loop
      vertex 28.3816 15.9425 5
      vertex 28.3622 15.9687 0
      vertex 28.3622 15.9687 5
    endloop
  endfacet
  facet normal 0.803666 0.595081 -1.2309e-19
    outer loop
      vertex 28.3622 15.9687 0
      vertex 28.3816 15.9425 5
      vertex 28.3816 15.9425 0
    endloop
  endfacet
  facet normal 0.513184 0.858278 -0
    outer loop
      vertex 28.6229 15.7445 0
      vertex 28.5555 15.7848 5
      vertex 28.6229 15.7445 5
    endloop
  endfacet
  facet normal 0.513184 0.858278 0
    outer loop
      vertex 28.5555 15.7848 5
      vertex 28.6229 15.7445 0
      vertex 28.5555 15.7848 0
    endloop
  endfacet
  facet normal 0.671213 0.741264 -0
    outer loop
      vertex 28.4925 15.8316 0
      vertex 28.4343 15.8843 5
      vertex 28.4925 15.8316 5
    endloop
  endfacet
  facet normal 0.671213 0.741264 0
    outer loop
      vertex 28.4343 15.8843 5
      vertex 28.4925 15.8316 0
      vertex 28.4343 15.8843 0
    endloop
  endfacet
  facet normal 0.337546 0.941309 -0
    outer loop
      vertex 28.7678 15.6844 0
      vertex 28.6939 15.7109 5
      vertex 28.7678 15.6844 5
    endloop
  endfacet
  facet normal 0.337546 0.941309 0
    outer loop
      vertex 28.6939 15.7109 5
      vertex 28.7678 15.6844 0
      vertex 28.6939 15.7109 0
    endloop
  endfacet
  facet normal 0.14641 0.989224 -0
    outer loop
      vertex 28.9216 15.6539 0
      vertex 28.8439 15.6654 5
      vertex 28.9216 15.6539 5
    endloop
  endfacet
  facet normal 0.14641 0.989224 0
    outer loop
      vertex 28.8439 15.6654 5
      vertex 28.9216 15.6539 0
      vertex 28.8439 15.6654 0
    endloop
  endfacet
  facet normal -0.513184 0.858278 0
    outer loop
      vertex 29.4445 15.7848 0
      vertex 29.3771 15.7445 5
      vertex 29.4445 15.7848 5
    endloop
  endfacet
  facet normal -0.513184 0.858278 0
    outer loop
      vertex 29.3771 15.7445 5
      vertex 29.4445 15.7848 0
      vertex 29.3771 15.7445 0
    endloop
  endfacet
  facet normal -0.337546 0.941309 0
    outer loop
      vertex 29.3061 15.7109 0
      vertex 29.2322 15.6844 5
      vertex 29.3061 15.7109 5
    endloop
  endfacet
  facet normal -0.337546 0.941309 0
    outer loop
      vertex 29.2322 15.6844 5
      vertex 29.3061 15.7109 0
      vertex 29.2322 15.6844 0
    endloop
  endfacet
  facet normal -0.14641 0.989224 0
    outer loop
      vertex 29.1561 15.6654 0
      vertex 29.0784 15.6539 5
      vertex 29.1561 15.6654 5
    endloop
  endfacet
  facet normal -0.14641 0.989224 0
    outer loop
      vertex 29.0784 15.6539 5
      vertex 29.1561 15.6654 0
      vertex 29.0784 15.6539 0
    endloop
  endfacet
  facet normal 0.0496835 0.998765 -0
    outer loop
      vertex 29 15.65 0
      vertex 28.9216 15.6539 5
      vertex 29 15.65 5
    endloop
  endfacet
  facet normal 0.0496835 0.998765 0
    outer loop
      vertex 28.9216 15.6539 5
      vertex 29 15.65 0
      vertex 28.9216 15.6539 0
    endloop
  endfacet
  facet normal -0.803666 0.595081 1.2309e-19
    outer loop
      vertex 29.6184 15.9425 0
      vertex 29.6378 15.9687 5
      vertex 29.6378 15.9687 0
    endloop
  endfacet
  facet normal -0.803666 0.595081 1.2309e-19
    outer loop
      vertex 29.6378 15.9687 5
      vertex 29.6184 15.9425 0
      vertex 29.6184 15.9425 5
    endloop
  endfacet
  facet normal -0.671213 0.741264 0
    outer loop
      vertex 29.5657 15.8843 0
      vertex 29.5075 15.8316 5
      vertex 29.5657 15.8843 5
    endloop
  endfacet
  facet normal -0.671213 0.741264 0
    outer loop
      vertex 29.5075 15.8316 5
      vertex 29.5657 15.8843 0
      vertex 29.5075 15.8316 0
    endloop
  endfacet
  facet normal 0.596324 0.802744 -0
    outer loop
      vertex 28.5555 15.7848 0
      vertex 28.4925 15.8316 5
      vertex 28.5555 15.7848 5
    endloop
  endfacet
  facet normal 0.596324 0.802744 0
    outer loop
      vertex 28.4925 15.8316 5
      vertex 28.5555 15.7848 0
      vertex 28.4925 15.8316 0
    endloop
  endfacet
  facet normal 0.242236 0.970217 -0
    outer loop
      vertex 28.8439 15.6654 0
      vertex 28.7678 15.6844 5
      vertex 28.8439 15.6654 5
    endloop
  endfacet
  facet normal 0.242236 0.970217 0
    outer loop
      vertex 28.7678 15.6844 5
      vertex 28.8439 15.6654 0
      vertex 28.7678 15.6844 0
    endloop
  endfacet
  facet normal -0.114624 0.993409 0
    outer loop
      vertex 33.3553 14.5286 0
      vertex 33.2773 14.5196 5
      vertex 33.3553 14.5286 5
    endloop
  endfacet
  facet normal -0.114624 0.993409 0
    outer loop
      vertex 33.2773 14.5196 5
      vertex 33.3553 14.5286 0
      vertex 33.2773 14.5196 0
    endloop
  endfacet
  facet normal 0.0828345 0.996563 -0
    outer loop
      vertex 33.1988 14.5183 0
      vertex 33.1206 14.5248 5
      vertex 33.1988 14.5183 5
    endloop
  endfacet
  facet normal 0.0828345 0.996563 0
    outer loop
      vertex 33.1206 14.5248 5
      vertex 33.1988 14.5183 0
      vertex 33.1206 14.5248 0
    endloop
  endfacet
  facet normal 0.275057 0.961428 -0
    outer loop
      vertex 33.0433 14.5388 0
      vertex 32.9678 14.5604 5
      vertex 33.0433 14.5388 5
    endloop
  endfacet
  facet normal 0.275057 0.961428 0
    outer loop
      vertex 32.9678 14.5604 5
      vertex 33.0433 14.5388 0
      vertex 32.9678 14.5604 0
    endloop
  endfacet
  facet normal 0.457377 0.889273 -0
    outer loop
      vertex 32.8948 14.5892 0
      vertex 32.825 14.6251 5
      vertex 32.8948 14.5892 5
    endloop
  endfacet
  facet normal 0.457377 0.889273 0
    outer loop
      vertex 32.825 14.6251 5
      vertex 32.8948 14.5892 0
      vertex 32.825 14.6251 0
    endloop
  endfacet
  facet normal -0.305885 0.952068 0
    outer loop
      vertex 33.5068 14.5692 0
      vertex 33.4321 14.5452 5
      vertex 33.5068 14.5692 5
    endloop
  endfacet
  facet normal -0.305885 0.952068 0
    outer loop
      vertex 33.4321 14.5452 5
      vertex 33.5068 14.5692 0
      vertex 33.4321 14.5452 0
    endloop
  endfacet
  facet normal -0.0165582 0.999863 0
    outer loop
      vertex 33.2773 14.5196 0
      vertex 33.1988 14.5183 5
      vertex 33.2773 14.5196 5
    endloop
  endfacet
  facet normal -0.0165582 0.999863 0
    outer loop
      vertex 33.1988 14.5183 5
      vertex 33.2773 14.5196 0
      vertex 33.1988 14.5183 0
    endloop
  endfacet
  facet normal 0.178213 0.983992 -0
    outer loop
      vertex 33.1206 14.5248 0
      vertex 33.0433 14.5388 5
      vertex 33.1206 14.5248 5
    endloop
  endfacet
  facet normal 0.178213 0.983992 0
    outer loop
      vertex 33.0433 14.5388 5
      vertex 33.1206 14.5248 0
      vertex 33.0433 14.5388 0
    endloop
  endfacet
  facet normal 0.366992 0.930224 -0
    outer loop
      vertex 32.9678 14.5604 0
      vertex 32.8948 14.5892 5
      vertex 32.9678 14.5604 5
    endloop
  endfacet
  facet normal 0.366992 0.930224 0
    outer loop
      vertex 32.8948 14.5892 5
      vertex 32.9678 14.5604 0
      vertex 32.8948 14.5892 0
    endloop
  endfacet
  facet normal 0.541401 0.840764 -0
    outer loop
      vertex 32.825 14.6251 0
      vertex 32.759 14.6676 5
      vertex 32.825 14.6251 5
    endloop
  endfacet
  facet normal 0.541401 0.840764 0
    outer loop
      vertex 32.759 14.6676 5
      vertex 32.825 14.6251 0
      vertex 32.759 14.6676 0
    endloop
  endfacet
  facet normal -0.396776 0.917915 0
    outer loop
      vertex 33.5378 14.5826 0
      vertex 33.5068 14.5692 5
      vertex 33.5378 14.5826 5
    endloop
  endfacet
  facet normal -0.396776 0.917915 0
    outer loop
      vertex 33.5068 14.5692 5
      vertex 33.5378 14.5826 0
      vertex 33.5068 14.5692 0
    endloop
  endfacet
  facet normal -0.211267 0.977428 0
    outer loop
      vertex 33.4321 14.5452 0
      vertex 33.3553 14.5286 5
      vertex 33.4321 14.5452 5
    endloop
  endfacet
  facet normal -0.211267 0.977428 0
    outer loop
      vertex 33.3553 14.5286 5
      vertex 33.4321 14.5452 0
      vertex 33.3553 14.5286 0
    endloop
  endfacet
  facet normal 0.762661 0.646798 4.48101e-19
    outer loop
      vertex 32.6411 14.771 5
      vertex 32.5903 14.8309 0
      vertex 32.5903 14.8309 5
    endloop
  endfacet
  facet normal 0.762661 0.646798 4.48101e-19
    outer loop
      vertex 32.5903 14.8309 0
      vertex 32.6411 14.771 5
      vertex 32.6411 14.771 0
    endloop
  endfacet
  facet normal 0.621583 0.783348 -0
    outer loop
      vertex 32.759 14.6676 0
      vertex 32.6975 14.7164 5
      vertex 32.759 14.6676 5
    endloop
  endfacet
  facet normal 0.621583 0.783348 0
    outer loop
      vertex 32.6975 14.7164 5
      vertex 32.759 14.6676 0
      vertex 32.6975 14.7164 0
    endloop
  endfacet
  facet normal 0.917556 0.397607 2.55289e-19
    outer loop
      vertex 32.5075 14.9641 5
      vertex 32.4763 15.0361 0
      vertex 32.4763 15.0361 5
    endloop
  endfacet
  facet normal 0.917556 0.397607 2.55289e-19
    outer loop
      vertex 32.4763 15.0361 0
      vertex 32.5075 14.9641 5
      vertex 32.5075 14.9641 0
    endloop
  endfacet
  facet normal 0.977371 0.21153 2.69839e-19
    outer loop
      vertex 32.4523 15.1109 5
      vertex 32.4357 15.1876 0
      vertex 32.4357 15.1876 5
    endloop
  endfacet
  facet normal 0.977371 0.21153 2.69839e-19
    outer loop
      vertex 32.4357 15.1876 0
      vertex 32.4523 15.1109 5
      vertex 32.4523 15.1109 0
    endloop
  endfacet
  facet normal 0.82233 0.569011 -3.1808e-19
    outer loop
      vertex 32.5903 14.8309 5
      vertex 32.5456 14.8955 0
      vertex 32.5456 14.8955 5
    endloop
  endfacet
  facet normal 0.82233 0.569011 -3.1808e-19
    outer loop
      vertex 32.5456 14.8955 0
      vertex 32.5903 14.8309 5
      vertex 32.5903 14.8309 0
    endloop
  endfacet
  facet normal 0.695549 0.718479 -0
    outer loop
      vertex 32.6975 14.7164 0
      vertex 32.6411 14.771 5
      vertex 32.6975 14.7164 5
    endloop
  endfacet
  facet normal 0.695549 0.718479 0
    outer loop
      vertex 32.6411 14.771 5
      vertex 32.6975 14.7164 0
      vertex 32.6411 14.771 0
    endloop
  endfacet
  facet normal 0.993533 0.113547 -9.86197e-21
    outer loop
      vertex 32.4357 15.1876 5
      vertex 32.4325 15.2156 0
      vertex 32.4325 15.2156 5
    endloop
  endfacet
  facet normal 0.993533 0.113547 -9.86197e-21
    outer loop
      vertex 32.4325 15.2156 0
      vertex 32.4357 15.1876 5
      vertex 32.4357 15.1876 0
    endloop
  endfacet
  facet normal 0.874217 0.485535 4.77109e-19
    outer loop
      vertex 32.5456 14.8955 5
      vertex 32.5075 14.9641 0
      vertex 32.5075 14.9641 5
    endloop
  endfacet
  facet normal 0.874217 0.485535 4.77109e-19
    outer loop
      vertex 32.5075 14.9641 0
      vertex 32.5456 14.8955 5
      vertex 32.5456 14.8955 0
    endloop
  endfacet
  facet normal 0.952187 0.305515 2.9652e-20
    outer loop
      vertex 32.4763 15.0361 5
      vertex 32.4523 15.1109 0
      vertex 32.4523 15.1109 5
    endloop
  endfacet
  facet normal 0.952187 0.305515 2.9652e-20
    outer loop
      vertex 32.4523 15.1109 0
      vertex 32.4763 15.0361 5
      vertex 32.4763 15.0361 0
    endloop
  endfacet
  facet normal 0.952068 -0.305885 -4.99298e-20
    outer loop
      vertex 35.5452 12.4321 5
      vertex 35.5692 12.5068 0
      vertex 35.5692 12.5068 5
    endloop
  endfacet
  facet normal 0.952068 -0.305885 -4.99298e-20
    outer loop
      vertex 35.5692 12.5068 0
      vertex 35.5452 12.4321 5
      vertex 35.5452 12.4321 0
    endloop
  endfacet
  facet normal 0.983992 0.178213 -1.4017e-19
    outer loop
      vertex 35.5388 12.0433 5
      vertex 35.5248 12.1206 0
      vertex 35.5248 12.1206 5
    endloop
  endfacet
  facet normal 0.983992 0.178213 -1.4017e-19
    outer loop
      vertex 35.5248 12.1206 0
      vertex 35.5388 12.0433 5
      vertex 35.5388 12.0433 0
    endloop
  endfacet
  facet normal 0.569011 0.82233 -0
    outer loop
      vertex 35.8955 11.5456 0
      vertex 35.8309 11.5903 5
      vertex 35.8955 11.5456 5
    endloop
  endfacet
  facet normal 0.569011 0.82233 0
    outer loop
      vertex 35.8309 11.5903 5
      vertex 35.8955 11.5456 0
      vertex 35.8309 11.5903 0
    endloop
  endfacet
  facet normal 0.305515 0.952187 -0
    outer loop
      vertex 36.1109 11.4523 0
      vertex 36.0361 11.4763 5
      vertex 36.1109 11.4523 5
    endloop
  endfacet
  facet normal 0.305515 0.952187 0
    outer loop
      vertex 36.0361 11.4763 5
      vertex 36.1109 11.4523 0
      vertex 36.0361 11.4763 0
    endloop
  endfacet
  facet normal 0.397607 0.917556 -0
    outer loop
      vertex 36.0361 11.4763 0
      vertex 35.9641 11.5075 5
      vertex 36.0361 11.4763 5
    endloop
  endfacet
  facet normal 0.397607 0.917556 0
    outer loop
      vertex 35.9641 11.5075 5
      vertex 36.0361 11.4763 0
      vertex 35.9641 11.5075 0
    endloop
  endfacet
  facet normal 0.485535 0.874217 -0
    outer loop
      vertex 35.9641 11.5075 0
      vertex 35.8955 11.5456 5
      vertex 35.9641 11.5075 5
    endloop
  endfacet
  facet normal 0.485535 0.874217 0
    outer loop
      vertex 35.8955 11.5456 5
      vertex 35.9641 11.5075 0
      vertex 35.8955 11.5456 0
    endloop
  endfacet
  facet normal 0.783348 0.621583 2.25489e-19
    outer loop
      vertex 35.7164 11.6975 5
      vertex 35.6676 11.759 0
      vertex 35.6676 11.759 5
    endloop
  endfacet
  facet normal 0.783348 0.621583 2.25489e-19
    outer loop
      vertex 35.6676 11.759 0
      vertex 35.7164 11.6975 5
      vertex 35.7164 11.6975 0
    endloop
  endfacet
  facet normal 0.718479 0.695549 -3.38817e-19
    outer loop
      vertex 35.771 11.6411 5
      vertex 35.7164 11.6975 0
      vertex 35.7164 11.6975 5
    endloop
  endfacet
  facet normal 0.718479 0.695549 -3.38817e-19
    outer loop
      vertex 35.7164 11.6975 0
      vertex 35.771 11.6411 5
      vertex 35.771 11.6411 0
    endloop
  endfacet
  facet normal 0.840764 0.541401 -3.44208e-19
    outer loop
      vertex 35.6676 11.759 5
      vertex 35.6251 11.825 0
      vertex 35.6251 11.825 5
    endloop
  endfacet
  facet normal 0.840764 0.541401 -3.44208e-19
    outer loop
      vertex 35.6251 11.825 0
      vertex 35.6676 11.759 5
      vertex 35.6676 11.759 0
    endloop
  endfacet
  facet normal 0.113547 0.993533 -0
    outer loop
      vertex 36.2156 11.4325 0
      vertex 36.1876 11.4357 5
      vertex 36.2156 11.4325 5
    endloop
  endfacet
  facet normal 0.113547 0.993533 0
    outer loop
      vertex 36.1876 11.4357 5
      vertex 36.2156 11.4325 0
      vertex 36.1876 11.4357 0
    endloop
  endfacet
  facet normal 0.21153 0.977371 -0
    outer loop
      vertex 36.1876 11.4357 0
      vertex 36.1109 11.4523 5
      vertex 36.1876 11.4357 5
    endloop
  endfacet
  facet normal 0.21153 0.977371 0
    outer loop
      vertex 36.1109 11.4523 5
      vertex 36.1876 11.4357 0
      vertex 36.1109 11.4523 0
    endloop
  endfacet
  facet normal 0.999863 -0.0165582 5.14151e-21
    outer loop
      vertex 35.5183 12.1988 5
      vertex 35.5196 12.2773 0
      vertex 35.5196 12.2773 5
    endloop
  endfacet
  facet normal 0.999863 -0.0165582 5.14151e-21
    outer loop
      vertex 35.5196 12.2773 0
      vertex 35.5183 12.1988 5
      vertex 35.5183 12.1988 0
    endloop
  endfacet
  facet normal 0.993409 -0.114624 -1.21228e-19
    outer loop
      vertex 35.5196 12.2773 5
      vertex 35.5286 12.3553 0
      vertex 35.5286 12.3553 5
    endloop
  endfacet
  facet normal 0.993409 -0.114624 -1.21228e-19
    outer loop
      vertex 35.5286 12.3553 0
      vertex 35.5196 12.2773 5
      vertex 35.5196 12.2773 0
    endloop
  endfacet
  facet normal 0.996563 0.0828345 1.01063e-19
    outer loop
      vertex 35.5248 12.1206 5
      vertex 35.5183 12.1988 0
      vertex 35.5183 12.1988 5
    endloop
  endfacet
  facet normal 0.996563 0.0828345 1.01063e-19
    outer loop
      vertex 35.5183 12.1988 0
      vertex 35.5248 12.1206 5
      vertex 35.5248 12.1206 0
    endloop
  endfacet
  facet normal 0.930224 0.366992 -3.53489e-19
    outer loop
      vertex 35.5892 11.8948 5
      vertex 35.5604 11.9678 0
      vertex 35.5604 11.9678 5
    endloop
  endfacet
  facet normal 0.930224 0.366992 -3.53489e-19
    outer loop
      vertex 35.5604 11.9678 0
      vertex 35.5892 11.8948 5
      vertex 35.5892 11.8948 0
    endloop
  endfacet
  facet normal 0.646798 0.762661 -0
    outer loop
      vertex 35.8309 11.5903 0
      vertex 35.771 11.6411 5
      vertex 35.8309 11.5903 5
    endloop
  endfacet
  facet normal 0.646798 0.762661 0
    outer loop
      vertex 35.771 11.6411 5
      vertex 35.8309 11.5903 0
      vertex 35.771 11.6411 0
    endloop
  endfacet
  facet normal 0.889273 0.457377 -4.69968e-19
    outer loop
      vertex 35.6251 11.825 5
      vertex 35.5892 11.8948 0
      vertex 35.5892 11.8948 5
    endloop
  endfacet
  facet normal 0.889273 0.457377 -4.69968e-19
    outer loop
      vertex 35.5892 11.8948 0
      vertex 35.6251 11.825 5
      vertex 35.6251 11.825 0
    endloop
  endfacet
  facet normal 0.917915 -0.396776 8.30801e-21
    outer loop
      vertex 35.5692 12.5068 5
      vertex 35.5826 12.5378 0
      vertex 35.5826 12.5378 5
    endloop
  endfacet
  facet normal 0.917915 -0.396776 8.30801e-21
    outer loop
      vertex 35.5826 12.5378 0
      vertex 35.5692 12.5068 5
      vertex 35.5692 12.5068 0
    endloop
  endfacet
  facet normal 0.977428 -0.211267 4.58156e-20
    outer loop
      vertex 35.5286 12.3553 5
      vertex 35.5452 12.4321 0
      vertex 35.5452 12.4321 5
    endloop
  endfacet
  facet normal 0.977428 -0.211267 4.58156e-20
    outer loop
      vertex 35.5452 12.4321 0
      vertex 35.5286 12.3553 5
      vertex 35.5286 12.3553 0
    endloop
  endfacet
  facet normal 0.961428 0.275057 2.71004e-19
    outer loop
      vertex 35.5604 11.9678 5
      vertex 35.5388 12.0433 0
      vertex 35.5388 12.0433 5
    endloop
  endfacet
  facet normal 0.961428 0.275057 2.71004e-19
    outer loop
      vertex 35.5388 12.0433 0
      vertex 35.5604 11.9678 5
      vertex 35.5604 11.9678 0
    endloop
  endfacet
  facet normal 0.998765 -0.0496771 4.38314e-21
    outer loop
      vertex 36.65 8 5
      vertex 36.6539 8.07841 0
      vertex 36.6539 8.07841 5
    endloop
  endfacet
  facet normal 0.998765 -0.0496771 4.38314e-21
    outer loop
      vertex 36.6539 8.07841 0
      vertex 36.65 8 5
      vertex 36.65 8 0
    endloop
  endfacet
  facet normal 0.671353 -0.741137 0
    outer loop
      vertex 36.8843 8.56569 0
      vertex 36.9425 8.61841 5
      vertex 36.8843 8.56569 5
    endloop
  endfacet
  facet normal 0.671353 -0.741137 0
    outer loop
      vertex 36.9425 8.61841 5
      vertex 36.8843 8.56569 0
      vertex 36.9425 8.61841 0
    endloop
  endfacet
  facet normal 0.941338 -0.337466 -3.8562e-19
    outer loop
      vertex 36.6844 8.23223 5
      vertex 36.7109 8.30615 0
      vertex 36.7109 8.30615 5
    endloop
  endfacet
  facet normal 0.941338 -0.337466 -3.8562e-19
    outer loop
      vertex 36.7109 8.30615 0
      vertex 36.6844 8.23223 5
      vertex 36.6844 8.23223 0
    endloop
  endfacet
  facet normal 0.903823 0.427906 -4.09914e-20
    outer loop
      vertex 36.7445 7.62288 5
      vertex 36.7109 7.69385 0
      vertex 36.7109 7.69385 5
    endloop
  endfacet
  facet normal 0.903823 0.427906 -4.09914e-20
    outer loop
      vertex 36.7109 7.69385 0
      vertex 36.7445 7.62288 5
      vertex 36.7445 7.62288 0
    endloop
  endfacet
  facet normal 0.741149 0.67134 5.39514e-20
    outer loop
      vertex 36.8843 7.43431 5
      vertex 36.8316 7.49249 0
      vertex 36.8316 7.49249 5
    endloop
  endfacet
  facet normal 0.741149 0.67134 5.39514e-20
    outer loop
      vertex 36.8316 7.49249 0
      vertex 36.8843 7.43431 5
      vertex 36.8843 7.43431 0
    endloop
  endfacet
  facet normal 0.741149 -0.67134 -5.39514e-20
    outer loop
      vertex 36.8316 8.50751 5
      vertex 36.8843 8.56569 0
      vertex 36.8843 8.56569 5
    endloop
  endfacet
  facet normal 0.741149 -0.67134 -5.39514e-20
    outer loop
      vertex 36.8843 8.56569 0
      vertex 36.8316 8.50751 5
      vertex 36.8316 8.50751 0
    endloop
  endfacet
  facet normal 0.970262 -0.242056 -2.3983e-19
    outer loop
      vertex 36.6654 8.15607 5
      vertex 36.6844 8.23223 0
      vertex 36.6844 8.23223 5
    endloop
  endfacet
  facet normal 0.970262 -0.242056 -2.3983e-19
    outer loop
      vertex 36.6844 8.23223 0
      vertex 36.6654 8.15607 5
      vertex 36.6654 8.15607 0
    endloop
  endfacet
  facet normal 0.80297 0.596019 -1.58035e-19
    outer loop
      vertex 36.8316 7.49249 5
      vertex 36.7848 7.55554 0
      vertex 36.7848 7.55554 5
    endloop
  endfacet
  facet normal 0.80297 0.596019 -1.58035e-19
    outer loop
      vertex 36.7848 7.55554 0
      vertex 36.8316 7.49249 5
      vertex 36.8316 7.49249 0
    endloop
  endfacet
  facet normal 0.858077 0.513521 2.49325e-19
    outer loop
      vertex 36.7848 7.55554 5
      vertex 36.7445 7.62288 0
      vertex 36.7445 7.62288 5
    endloop
  endfacet
  facet normal 0.858077 0.513521 2.49325e-19
    outer loop
      vertex 36.7445 7.62288 0
      vertex 36.7848 7.55554 5
      vertex 36.7848 7.55554 0
    endloop
  endfacet
  facet normal 0.989213 0.146484 1.19626e-19
    outer loop
      vertex 36.6654 7.84393 5
      vertex 36.6539 7.92159 0
      vertex 36.6539 7.92159 5
    endloop
  endfacet
  facet normal 0.989213 0.146484 1.19626e-19
    outer loop
      vertex 36.6539 7.92159 0
      vertex 36.6654 7.84393 5
      vertex 36.6654 7.84393 0
    endloop
  endfacet
  facet normal 0.970262 0.242056 1.42711e-19
    outer loop
      vertex 36.6844 7.76777 5
      vertex 36.6654 7.84393 0
      vertex 36.6654 7.84393 5
    endloop
  endfacet
  facet normal 0.970262 0.242056 1.42711e-19
    outer loop
      vertex 36.6654 7.84393 0
      vertex 36.6844 7.76777 5
      vertex 36.6844 7.76777 0
    endloop
  endfacet
  facet normal 0.998765 0.0496771 -4.38314e-21
    outer loop
      vertex 36.6539 7.92159 5
      vertex 36.65 8 0
      vertex 36.65 8 5
    endloop
  endfacet
  facet normal 0.998765 0.0496771 -4.38314e-21
    outer loop
      vertex 36.65 8 0
      vertex 36.6539 7.92159 5
      vertex 36.6539 7.92159 0
    endloop
  endfacet
  facet normal 0.595279 0.803519 -0
    outer loop
      vertex 36.9687 7.36218 0
      vertex 36.9425 7.38159 5
      vertex 36.9687 7.36218 5
    endloop
  endfacet
  facet normal 0.595279 0.803519 0
    outer loop
      vertex 36.9425 7.38159 5
      vertex 36.9687 7.36218 0
      vertex 36.9425 7.38159 0
    endloop
  endfacet
  facet normal 0.671353 0.741137 -0
    outer loop
      vertex 36.9425 7.38159 0
      vertex 36.8843 7.43431 5
      vertex 36.9425 7.38159 5
    endloop
  endfacet
  facet normal 0.671353 0.741137 0
    outer loop
      vertex 36.8843 7.43431 5
      vertex 36.9425 7.38159 0
      vertex 36.8843 7.43431 0
    endloop
  endfacet
  facet normal 0.595477 -0.803372 0
    outer loop
      vertex 36.9425 8.61841 0
      vertex 36.9687 8.63783 5
      vertex 36.9425 8.61841 5
    endloop
  endfacet
  facet normal 0.595477 -0.803372 0
    outer loop
      vertex 36.9687 8.63783 5
      vertex 36.9425 8.61841 0
      vertex 36.9687 8.63783 0
    endloop
  endfacet
  facet normal 0.858077 -0.513521 3.41607e-19
    outer loop
      vertex 36.7445 8.37712 5
      vertex 36.7848 8.44446 0
      vertex 36.7848 8.44446 5
    endloop
  endfacet
  facet normal 0.858077 -0.513521 3.41607e-19
    outer loop
      vertex 36.7848 8.44446 0
      vertex 36.7445 8.37712 5
      vertex 36.7445 8.37712 0
    endloop
  endfacet
  facet normal 0.80297 -0.596019 3.27935e-19
    outer loop
      vertex 36.7848 8.44446 5
      vertex 36.8316 8.50751 0
      vertex 36.8316 8.50751 5
    endloop
  endfacet
  facet normal 0.80297 -0.596019 3.27935e-19
    outer loop
      vertex 36.8316 8.50751 0
      vertex 36.7848 8.44446 5
      vertex 36.7848 8.44446 0
    endloop
  endfacet
  facet normal 0.903823 -0.427906 -1.66123e-19
    outer loop
      vertex 36.7109 8.30615 5
      vertex 36.7445 8.37712 0
      vertex 36.7445 8.37712 5
    endloop
  endfacet
  facet normal 0.903823 -0.427906 -1.66123e-19
    outer loop
      vertex 36.7445 8.37712 0
      vertex 36.7109 8.30615 5
      vertex 36.7109 8.30615 0
    endloop
  endfacet
  facet normal 0.989213 -0.146484 -1.19626e-19
    outer loop
      vertex 36.6539 8.07841 5
      vertex 36.6654 8.15607 0
      vertex 36.6654 8.15607 5
    endloop
  endfacet
  facet normal 0.989213 -0.146484 -1.19626e-19
    outer loop
      vertex 36.6654 8.15607 0
      vertex 36.6539 8.07841 5
      vertex 36.6539 8.07841 0
    endloop
  endfacet
  facet normal 0.941338 0.337466 -2.15192e-19
    outer loop
      vertex 36.7109 7.69385 5
      vertex 36.6844 7.76777 0
      vertex 36.6844 7.76777 5
    endloop
  endfacet
  facet normal 0.941338 0.337466 -2.15192e-19
    outer loop
      vertex 36.6844 7.76777 0
      vertex 36.7109 7.69385 5
      vertex 36.7109 7.69385 0
    endloop
  endfacet
  facet normal 0.84069 -0.541517 -4.7811e-19
    outer loop
      vertex 35.6251 4.175 5
      vertex 35.6676 4.24098 0
      vertex 35.6676 4.24098 5
    endloop
  endfacet
  facet normal 0.84069 -0.541517 -4.7811e-19
    outer loop
      vertex 35.6676 4.24098 0
      vertex 35.6251 4.175 5
      vertex 35.6251 4.175 0
    endloop
  endfacet
  facet normal 0.996567 -0.0827925 -1.14093e-19
    outer loop
      vertex 35.5183 3.80118 5
      vertex 35.5248 3.87942 0
      vertex 35.5248 3.87942 5
    endloop
  endfacet
  facet normal 0.996567 -0.0827925 -1.14093e-19
    outer loop
      vertex 35.5248 3.87942 0
      vertex 35.5183 3.80118 5
      vertex 35.5183 3.80118 0
    endloop
  endfacet
  facet normal 0.977389 0.211451 -4.85529e-20
    outer loop
      vertex 35.5452 3.56795 5
      vertex 35.5286 3.64468 0
      vertex 35.5286 3.64468 5
    endloop
  endfacet
  facet normal 0.977389 0.211451 -4.85529e-20
    outer loop
      vertex 35.5286 3.64468 0
      vertex 35.5452 3.56795 5
      vertex 35.5452 3.56795 0
    endloop
  endfacet
  facet normal 0.930258 -0.366905 -3.56643e-19
    outer loop
      vertex 35.5604 4.03215 5
      vertex 35.5892 4.10517 0
      vertex 35.5892 4.10517 5
    endloop
  endfacet
  facet normal 0.930258 -0.366905 -3.56643e-19
    outer loop
      vertex 35.5892 4.10517 0
      vertex 35.5604 4.03215 5
      vertex 35.5604 4.03215 0
    endloop
  endfacet
  facet normal 0.993409 0.114624 8.36056e-20
    outer loop
      vertex 35.5286 3.64468 5
      vertex 35.5196 3.72268 0
      vertex 35.5196 3.72268 5
    endloop
  endfacet
  facet normal 0.993409 0.114624 8.36056e-20
    outer loop
      vertex 35.5196 3.72268 0
      vertex 35.5286 3.64468 5
      vertex 35.5286 3.64468 0
    endloop
  endfacet
  facet normal 0.999863 0.0165582 -5.14151e-21
    outer loop
      vertex 35.5196 3.72268 5
      vertex 35.5183 3.80118 0
      vertex 35.5183 3.80118 5
    endloop
  endfacet
  facet normal 0.999863 0.0165582 -5.14151e-21
    outer loop
      vertex 35.5183 3.80118 0
      vertex 35.5196 3.72268 5
      vertex 35.5196 3.72268 0
    endloop
  endfacet
  facet normal 0.983968 -0.178347 5.28731e-20
    outer loop
      vertex 35.5248 3.87942 5
      vertex 35.5388 3.95666 0
      vertex 35.5388 3.95666 5
    endloop
  endfacet
  facet normal 0.983968 -0.178347 5.28731e-20
    outer loop
      vertex 35.5388 3.95666 0
      vertex 35.5248 3.87942 5
      vertex 35.5248 3.87942 0
    endloop
  endfacet
  facet normal 0.889353 -0.457221 -7.066e-20
    outer loop
      vertex 35.5892 4.10517 5
      vertex 35.6251 4.175 0
      vertex 35.6251 4.175 5
    endloop
  endfacet
  facet normal 0.889353 -0.457221 -7.066e-20
    outer loop
      vertex 35.6251 4.175 0
      vertex 35.5892 4.10517 5
      vertex 35.5892 4.10517 0
    endloop
  endfacet
  facet normal 0.917822 0.396992 -9.95935e-20
    outer loop
      vertex 35.5826 3.46222 5
      vertex 35.5692 3.4932 0
      vertex 35.5692 3.4932 5
    endloop
  endfacet
  facet normal 0.917822 0.396992 -9.95935e-20
    outer loop
      vertex 35.5692 3.4932 0
      vertex 35.5826 3.46222 5
      vertex 35.5826 3.46222 0
    endloop
  endfacet
  facet normal 0.952128 0.3057 2.32235e-19
    outer loop
      vertex 35.5692 3.4932 5
      vertex 35.5452 3.56795 0
      vertex 35.5452 3.56795 5
    endloop
  endfacet
  facet normal 0.952128 0.3057 2.32235e-19
    outer loop
      vertex 35.5452 3.56795 0
      vertex 35.5692 3.4932 5
      vertex 35.5692 3.4932 0
    endloop
  endfacet
  facet normal 0.961418 -0.275091 1.78264e-19
    outer loop
      vertex 35.5388 3.95666 5
      vertex 35.5604 4.03215 0
      vertex 35.5604 4.03215 5
    endloop
  endfacet
  facet normal 0.961418 -0.275091 1.78264e-19
    outer loop
      vertex 35.5604 4.03215 0
      vertex 35.5388 3.95666 5
      vertex 35.5388 3.95666 0
    endloop
  endfacet
  facet normal 0.211165 -0.97745 0
    outer loop
      vertex 36.1109 4.54774 0
      vertex 36.1876 4.56431 5
      vertex 36.1109 4.54774 5
    endloop
  endfacet
  facet normal 0.211165 -0.97745 0
    outer loop
      vertex 36.1876 4.56431 5
      vertex 36.1109 4.54774 0
      vertex 36.1876 4.56431 0
    endloop
  endfacet
  facet normal 0.30563 -0.95215 0
    outer loop
      vertex 36.0361 4.52373 0
      vertex 36.1109 4.54774 5
      vertex 36.0361 4.52373 5
    endloop
  endfacet
  facet normal 0.30563 -0.95215 0
    outer loop
      vertex 36.1109 4.54774 5
      vertex 36.0361 4.52373 0
      vertex 36.1109 4.54774 0
    endloop
  endfacet
  facet normal 0.646724 -0.762724 0
    outer loop
      vertex 35.771 4.35889 0
      vertex 35.8309 4.40968 5
      vertex 35.771 4.35889 5
    endloop
  endfacet
  facet normal 0.646724 -0.762724 0
    outer loop
      vertex 35.8309 4.40968 5
      vertex 35.771 4.35889 0
      vertex 35.8309 4.40968 0
    endloop
  endfacet
  facet normal 0.718541 -0.695485 3.06418e-19
    outer loop
      vertex 35.7164 4.30248 5
      vertex 35.771 4.35889 0
      vertex 35.771 4.35889 5
    endloop
  endfacet
  facet normal 0.718541 -0.695485 3.06418e-19
    outer loop
      vertex 35.771 4.35889 0
      vertex 35.7164 4.30248 5
      vertex 35.7164 4.30248 0
    endloop
  endfacet
  facet normal 0.783348 -0.621583 -2.89144e-19
    outer loop
      vertex 35.6676 4.24098 5
      vertex 35.7164 4.30248 0
      vertex 35.7164 4.30248 5
    endloop
  endfacet
  facet normal 0.783348 -0.621583 -2.89144e-19
    outer loop
      vertex 35.7164 4.30248 0
      vertex 35.6676 4.24098 5
      vertex 35.6676 4.24098 0
    endloop
  endfacet
  facet normal 0.114247 -0.993452 0
    outer loop
      vertex 36.1876 4.56431 0
      vertex 36.2156 4.56753 5
      vertex 36.1876 4.56431 5
    endloop
  endfacet
  facet normal 0.114247 -0.993452 0
    outer loop
      vertex 36.2156 4.56753 5
      vertex 36.1876 4.56431 0
      vertex 36.2156 4.56753 0
    endloop
  endfacet
  facet normal 0.397929 -0.917416 0
    outer loop
      vertex 35.9641 4.4925 0
      vertex 36.0361 4.52373 5
      vertex 35.9641 4.4925 5
    endloop
  endfacet
  facet normal 0.397929 -0.917416 0
    outer loop
      vertex 36.0361 4.52373 5
      vertex 35.9641 4.4925 0
      vertex 36.0361 4.52373 0
    endloop
  endfacet
  facet normal 0.485924 -0.874001 0
    outer loop
      vertex 35.8955 4.45436 0
      vertex 35.9641 4.4925 5
      vertex 35.8955 4.45436 5
    endloop
  endfacet
  facet normal 0.485924 -0.874001 0
    outer loop
      vertex 35.9641 4.4925 5
      vertex 35.8955 4.45436 0
      vertex 35.9641 4.4925 0
    endloop
  endfacet
  facet normal 0.568839 -0.822449 0
    outer loop
      vertex 35.8309 4.40968 0
      vertex 35.8955 4.45436 5
      vertex 35.8309 4.40968 5
    endloop
  endfacet
  facet normal 0.568839 -0.822449 0
    outer loop
      vertex 35.8955 4.45436 5
      vertex 35.8309 4.40968 0
      vertex 35.8955 4.45436 0
    endloop
  endfacet
  facet normal 0.457074 -0.889428 0
    outer loop
      vertex 32.825 1.37491 0
      vertex 32.8948 1.41078 5
      vertex 32.825 1.37491 5
    endloop
  endfacet
  facet normal 0.457074 -0.889428 0
    outer loop
      vertex 32.8948 1.41078 5
      vertex 32.825 1.37491 0
      vertex 32.8948 1.41078 0
    endloop
  endfacet
  facet normal -0.306116 -0.951994 0
    outer loop
      vertex 33.4321 1.45483 0
      vertex 33.5068 1.43081 5
      vertex 33.4321 1.45483 5
    endloop
  endfacet
  facet normal -0.306116 -0.951994 -0
    outer loop
      vertex 33.5068 1.43081 5
      vertex 33.4321 1.45483 0
      vertex 33.5068 1.43081 0
    endloop
  endfacet
  facet normal 0.952122 -0.305718 4.90933e-20
    outer loop
      vertex 32.4523 0.889141 5
      vertex 32.4763 0.963886 0
      vertex 32.4763 0.963886 5
    endloop
  endfacet
  facet normal 0.952122 -0.305718 4.90933e-20
    outer loop
      vertex 32.4763 0.963886 0
      vertex 32.4523 0.889141 5
      vertex 32.4523 0.889141 0
    endloop
  endfacet
  facet normal 0.178829 -0.98388 0
    outer loop
      vertex 33.0433 1.46119 0
      vertex 33.1206 1.47524 5
      vertex 33.0433 1.46119 5
    endloop
  endfacet
  facet normal 0.178829 -0.98388 0
    outer loop
      vertex 33.1206 1.47524 5
      vertex 33.0433 1.46119 0
      vertex 33.1206 1.47524 0
    endloop
  endfacet
  facet normal 0.822165 -0.56925 1.80141e-19
    outer loop
      vertex 32.5456 1.10454 5
      vertex 32.5903 1.1691 0
      vertex 32.5903 1.1691 5
    endloop
  endfacet
  facet normal 0.822165 -0.56925 1.80141e-19
    outer loop
      vertex 32.5903 1.1691 0
      vertex 32.5456 1.10454 5
      vertex 32.5456 1.10454 0
    endloop
  endfacet
  facet normal 0.874277 -0.485427 2.44977e-19
    outer loop
      vertex 32.5075 1.03592 5
      vertex 32.5456 1.10454 0
      vertex 32.5456 1.10454 5
    endloop
  endfacet
  facet normal 0.874277 -0.485427 2.44977e-19
    outer loop
      vertex 32.5456 1.10454 0
      vertex 32.5075 1.03592 5
      vertex 32.5075 1.03592 0
    endloop
  endfacet
  facet normal -0.210902 -0.977507 0
    outer loop
      vertex 33.3553 1.4714 0
      vertex 33.4321 1.45483 5
      vertex 33.3553 1.4714 5
    endloop
  endfacet
  facet normal -0.210902 -0.977507 -0
    outer loop
      vertex 33.4321 1.45483 5
      vertex 33.3553 1.4714 0
      vertex 33.4321 1.45483 0
    endloop
  endfacet
  facet normal 0.274587 -0.961562 0
    outer loop
      vertex 32.9678 1.43963 0
      vertex 33.0433 1.46119 5
      vertex 32.9678 1.43963 5
    endloop
  endfacet
  facet normal 0.274587 -0.961562 0
    outer loop
      vertex 33.0433 1.46119 5
      vertex 32.9678 1.43963 0
      vertex 33.0433 1.46119 0
    endloop
  endfacet
  facet normal 0.621583 -0.783348 0
    outer loop
      vertex 32.6975 1.28356 0
      vertex 32.759 1.33236 5
      vertex 32.6975 1.28356 5
    endloop
  endfacet
  facet normal 0.621583 -0.783348 0
    outer loop
      vertex 32.759 1.33236 5
      vertex 32.6975 1.28356 0
      vertex 32.759 1.33236 0
    endloop
  endfacet
  facet normal 0.917624 -0.397449 -3.87366e-19
    outer loop
      vertex 32.4763 0.963886 5
      vertex 32.5075 1.03592 0
      vertex 32.5075 1.03592 5
    endloop
  endfacet
  facet normal 0.917624 -0.397449 -3.87366e-19
    outer loop
      vertex 32.5075 1.03592 0
      vertex 32.4763 0.963886 5
      vertex 32.4763 0.963886 0
    endloop
  endfacet
  facet normal 0.762448 -0.647049 -3.54413e-19
    outer loop
      vertex 32.5903 1.1691 5
      vertex 32.6411 1.22896 0
      vertex 32.6411 1.22896 5
    endloop
  endfacet
  facet normal 0.762448 -0.647049 -3.54413e-19
    outer loop
      vertex 32.6411 1.22896 0
      vertex 32.5903 1.1691 5
      vertex 32.5903 1.1691 0
    endloop
  endfacet
  facet normal 0.695549 -0.718479 0
    outer loop
      vertex 32.6411 1.22896 0
      vertex 32.6975 1.28356 5
      vertex 32.6411 1.22896 5
    endloop
  endfacet
  facet normal 0.695549 -0.718479 0
    outer loop
      vertex 32.6975 1.28356 5
      vertex 32.6411 1.22896 0
      vertex 32.6975 1.28356 0
    endloop
  endfacet
  facet normal 0.541851 -0.840474 0
    outer loop
      vertex 32.759 1.33236 0
      vertex 32.825 1.37491 5
      vertex 32.759 1.33236 5
    endloop
  endfacet
  facet normal 0.541851 -0.840474 0
    outer loop
      vertex 32.825 1.37491 5
      vertex 32.759 1.33236 0
      vertex 32.825 1.37491 0
    endloop
  endfacet
  facet normal 0.993518 -0.113675 1.12365e-20
    outer loop
      vertex 32.4325 0.784434 5
      vertex 32.4357 0.812402 0
      vertex 32.4357 0.812402 5
    endloop
  endfacet
  facet normal 0.993518 -0.113675 1.12365e-20
    outer loop
      vertex 32.4357 0.812402 0
      vertex 32.4325 0.784434 5
      vertex 32.4325 0.784434 0
    endloop
  endfacet
  facet normal 0.977394 -0.211428 3.2365e-20
    outer loop
      vertex 32.4357 0.812402 5
      vertex 32.4523 0.889141 0
      vertex 32.4523 0.889141 5
    endloop
  endfacet
  facet normal 0.977394 -0.211428 3.2365e-20
    outer loop
      vertex 32.4523 0.889141 0
      vertex 32.4357 0.812402 5
      vertex 32.4357 0.812402 0
    endloop
  endfacet
  facet normal -0.0164309 -0.999865 0
    outer loop
      vertex 33.1988 1.48166 0
      vertex 33.2773 1.48037 5
      vertex 33.1988 1.48166 5
    endloop
  endfacet
  facet normal -0.0164309 -0.999865 -0
    outer loop
      vertex 33.2773 1.48037 5
      vertex 33.1988 1.48166 0
      vertex 33.2773 1.48037 0
    endloop
  endfacet
  facet normal -0.114247 -0.993452 0
    outer loop
      vertex 33.2773 1.48037 0
      vertex 33.3553 1.4714 5
      vertex 33.2773 1.48037 5
    endloop
  endfacet
  facet normal -0.114247 -0.993452 -0
    outer loop
      vertex 33.3553 1.4714 5
      vertex 33.2773 1.48037 0
      vertex 33.3553 1.4714 0
    endloop
  endfacet
  facet normal 0.0818219 -0.996647 0
    outer loop
      vertex 33.1206 1.47524 0
      vertex 33.1988 1.48166 5
      vertex 33.1206 1.47524 5
    endloop
  endfacet
  facet normal 0.0818219 -0.996647 0
    outer loop
      vertex 33.1988 1.48166 5
      vertex 33.1206 1.47524 0
      vertex 33.1988 1.48166 0
    endloop
  endfacet
  facet normal 0.367544 -0.930006 0
    outer loop
      vertex 32.8948 1.41078 0
      vertex 32.9678 1.43963 5
      vertex 32.8948 1.41078 5
    endloop
  endfacet
  facet normal 0.367544 -0.930006 0
    outer loop
      vertex 32.9678 1.43963 5
      vertex 32.8948 1.41078 0
      vertex 32.9678 1.43963 0
    endloop
  endfacet
  facet normal -0.397524 -0.917592 0
    outer loop
      vertex 33.5068 1.43081 0
      vertex 33.5378 1.41738 5
      vertex 33.5068 1.43081 5
    endloop
  endfacet
  facet normal -0.397524 -0.917592 -0
    outer loop
      vertex 33.5378 1.41738 5
      vertex 33.5068 1.43081 0
      vertex 33.5378 1.41738 0
    endloop
  endfacet
  facet normal -0.0490735 -0.998795 0
    outer loop
      vertex 29 0.35 0
      vertex 29.0784 0.346148 5
      vertex 29 0.35 5
    endloop
  endfacet
  facet normal -0.0490735 -0.998795 -0
    outer loop
      vertex 29.0784 0.346148 5
      vertex 29 0.35 0
      vertex 29.0784 0.346148 0
    endloop
  endfacet
  facet normal -0.741091 -0.671404 -2.37948e-19
    outer loop
      vertex 29.6184 0.0575151 0
      vertex 29.5657 0.115685 5
      vertex 29.5657 0.115685 0
    endloop
  endfacet
  facet normal -0.741091 -0.671404 -2.37948e-19
    outer loop
      vertex 29.5657 0.115685 5
      vertex 29.6184 0.0575151 0
      vertex 29.6184 0.0575151 5
    endloop
  endfacet
  facet normal 0.671374 -0.741118 0
    outer loop
      vertex 28.4343 0.115685 0
      vertex 28.4925 0.168408 5
      vertex 28.4343 0.115685 5
    endloop
  endfacet
  facet normal 0.671374 -0.741118 0
    outer loop
      vertex 28.4925 0.168408 5
      vertex 28.4343 0.115685 0
      vertex 28.4925 0.168408 0
    endloop
  endfacet
  facet normal -0.427415 -0.904056 0
    outer loop
      vertex 29.3061 0.289104 0
      vertex 29.3771 0.255537 5
      vertex 29.3061 0.289104 5
    endloop
  endfacet
  facet normal -0.427415 -0.904056 -0
    outer loop
      vertex 29.3771 0.255537 5
      vertex 29.3061 0.289104 0
      vertex 29.3771 0.255537 0
    endloop
  endfacet
  facet normal 0.336971 -0.941515 0
    outer loop
      vertex 28.6939 0.289104 0
      vertex 28.7678 0.315553 5
      vertex 28.6939 0.289104 5
    endloop
  endfacet
  facet normal 0.336971 -0.941515 0
    outer loop
      vertex 28.7678 0.315553 5
      vertex 28.6939 0.289104 0
      vertex 28.7678 0.315553 0
    endloop
  endfacet
  facet normal -0.243147 -0.969989 0
    outer loop
      vertex 29.1561 0.334629 0
      vertex 29.2322 0.315553 5
      vertex 29.1561 0.334629 5
    endloop
  endfacet
  facet normal -0.243147 -0.969989 -0
    outer loop
      vertex 29.2322 0.315553 5
      vertex 29.1561 0.334629 0
      vertex 29.2322 0.315553 0
    endloop
  endfacet
  facet normal 0.146647 -0.989189 0
    outer loop
      vertex 28.8439 0.334629 0
      vertex 28.9216 0.346148 5
      vertex 28.8439 0.334629 5
    endloop
  endfacet
  facet normal 0.146647 -0.989189 0
    outer loop
      vertex 28.9216 0.346148 5
      vertex 28.8439 0.334629 0
      vertex 28.9216 0.346148 0
    endloop
  endfacet
  facet normal 0.513747 -0.857942 0
    outer loop
      vertex 28.5555 0.215177 0
      vertex 28.6229 0.255537 5
      vertex 28.5555 0.215177 5
    endloop
  endfacet
  facet normal 0.513747 -0.857942 0
    outer loop
      vertex 28.6229 0.255537 5
      vertex 28.5555 0.215177 0
      vertex 28.6229 0.255537 0
    endloop
  endfacet
  facet normal 0.596069 -0.802933 0
    outer loop
      vertex 28.4925 0.168408 0
      vertex 28.5555 0.215177 5
      vertex 28.4925 0.168408 5
    endloop
  endfacet
  facet normal 0.596069 -0.802933 0
    outer loop
      vertex 28.5555 0.215177 5
      vertex 28.4925 0.168408 0
      vertex 28.5555 0.215177 0
    endloop
  endfacet
  facet normal 0.427415 -0.904056 0
    outer loop
      vertex 28.6229 0.255537 0
      vertex 28.6939 0.289104 5
      vertex 28.6229 0.255537 5
    endloop
  endfacet
  facet normal 0.427415 -0.904056 0
    outer loop
      vertex 28.6939 0.289104 5
      vertex 28.6229 0.255537 0
      vertex 28.6939 0.289104 0
    endloop
  endfacet
  facet normal 0.243147 -0.969989 0
    outer loop
      vertex 28.7678 0.315553 0
      vertex 28.8439 0.334629 5
      vertex 28.7678 0.315553 5
    endloop
  endfacet
  facet normal 0.243147 -0.969989 0
    outer loop
      vertex 28.8439 0.334629 5
      vertex 28.7678 0.315553 0
      vertex 28.8439 0.334629 0
    endloop
  endfacet
  facet normal 0.0490735 -0.998795 0
    outer loop
      vertex 28.9216 0.346148 0
      vertex 29 0.35 5
      vertex 28.9216 0.346148 5
    endloop
  endfacet
  facet normal 0.0490735 -0.998795 0
    outer loop
      vertex 29 0.35 5
      vertex 28.9216 0.346148 0
      vertex 29 0.35 0
    endloop
  endfacet
  facet normal 0.803452 -0.59537 3.15836e-19
    outer loop
      vertex 28.3622 0.0313348 5
      vertex 28.3816 0.0575151 0
      vertex 28.3816 0.0575151 5
    endloop
  endfacet
  facet normal 0.803452 -0.59537 3.15836e-19
    outer loop
      vertex 28.3816 0.0575151 0
      vertex 28.3622 0.0313348 5
      vertex 28.3622 0.0313348 0
    endloop
  endfacet
  facet normal 0.741091 -0.671404 2.37948e-19
    outer loop
      vertex 28.3816 0.0575151 5
      vertex 28.4343 0.115685 0
      vertex 28.4343 0.115685 5
    endloop
  endfacet
  facet normal 0.741091 -0.671404 2.37948e-19
    outer loop
      vertex 28.4343 0.115685 0
      vertex 28.3816 0.0575151 5
      vertex 28.3816 0.0575151 0
    endloop
  endfacet
  facet normal -0.803452 -0.59537 -3.15836e-19
    outer loop
      vertex 29.6378 0.0313348 0
      vertex 29.6184 0.0575151 5
      vertex 29.6184 0.0575151 0
    endloop
  endfacet
  facet normal -0.803452 -0.59537 -3.15836e-19
    outer loop
      vertex 29.6184 0.0575151 5
      vertex 29.6378 0.0313348 0
      vertex 29.6378 0.0313348 5
    endloop
  endfacet
  facet normal -0.596069 -0.802933 0
    outer loop
      vertex 29.4445 0.215177 0
      vertex 29.5075 0.168408 5
      vertex 29.4445 0.215177 5
    endloop
  endfacet
  facet normal -0.596069 -0.802933 -0
    outer loop
      vertex 29.5075 0.168408 5
      vertex 29.4445 0.215177 0
      vertex 29.5075 0.168408 0
    endloop
  endfacet
  facet normal -0.513747 -0.857942 0
    outer loop
      vertex 29.3771 0.255537 0
      vertex 29.4445 0.215177 5
      vertex 29.3771 0.255537 5
    endloop
  endfacet
  facet normal -0.513747 -0.857942 -0
    outer loop
      vertex 29.4445 0.215177 5
      vertex 29.3771 0.255537 0
      vertex 29.4445 0.215177 0
    endloop
  endfacet
  facet normal -0.671374 -0.741118 0
    outer loop
      vertex 29.5075 0.168408 0
      vertex 29.5657 0.115685 5
      vertex 29.5075 0.168408 5
    endloop
  endfacet
  facet normal -0.671374 -0.741118 -0
    outer loop
      vertex 29.5657 0.115685 5
      vertex 29.5075 0.168408 0
      vertex 29.5657 0.115685 0
    endloop
  endfacet
  facet normal -0.336971 -0.941515 0
    outer loop
      vertex 29.2322 0.315553 0
      vertex 29.3061 0.289104 5
      vertex 29.2322 0.315553 5
    endloop
  endfacet
  facet normal -0.336971 -0.941515 -0
    outer loop
      vertex 29.3061 0.289104 5
      vertex 29.2322 0.315553 0
      vertex 29.3061 0.289104 0
    endloop
  endfacet
  facet normal -0.146647 -0.989189 0
    outer loop
      vertex 29.0784 0.346148 0
      vertex 29.1561 0.334629 5
      vertex 29.0784 0.346148 5
    endloop
  endfacet
  facet normal -0.146647 -0.989189 -0
    outer loop
      vertex 29.1561 0.334629 5
      vertex 29.0784 0.346148 0
      vertex 29.1561 0.334629 0
    endloop
  endfacet
  facet normal -0.541851 -0.840474 0
    outer loop
      vertex 25.175 1.37491 0
      vertex 25.241 1.33236 5
      vertex 25.175 1.37491 5
    endloop
  endfacet
  facet normal -0.541851 -0.840474 -0
    outer loop
      vertex 25.241 1.33236 5
      vertex 25.175 1.37491 0
      vertex 25.241 1.33236 0
    endloop
  endfacet
  facet normal 0.210902 -0.977507 0
    outer loop
      vertex 24.5679 1.45483 0
      vertex 24.6447 1.4714 5
      vertex 24.5679 1.45483 5
    endloop
  endfacet
  facet normal 0.210902 -0.977507 0
    outer loop
      vertex 24.6447 1.4714 5
      vertex 24.5679 1.45483 0
      vertex 24.6447 1.4714 0
    endloop
  endfacet
  facet normal -0.0818219 -0.996647 0
    outer loop
      vertex 24.8012 1.48166 0
      vertex 24.8794 1.47524 5
      vertex 24.8012 1.48166 5
    endloop
  endfacet
  facet normal -0.0818219 -0.996647 -0
    outer loop
      vertex 24.8794 1.47524 5
      vertex 24.8012 1.48166 0
      vertex 24.8794 1.47524 0
    endloop
  endfacet
  facet normal 0.0164309 -0.999865 0
    outer loop
      vertex 24.7227 1.48037 0
      vertex 24.8012 1.48166 5
      vertex 24.7227 1.48037 5
    endloop
  endfacet
  facet normal 0.0164309 -0.999865 0
    outer loop
      vertex 24.8012 1.48166 5
      vertex 24.7227 1.48037 0
      vertex 24.8012 1.48166 0
    endloop
  endfacet
  facet normal -0.367544 -0.930006 0
    outer loop
      vertex 25.0322 1.43963 0
      vertex 25.1052 1.41078 5
      vertex 25.0322 1.43963 5
    endloop
  endfacet
  facet normal -0.367544 -0.930006 -0
    outer loop
      vertex 25.1052 1.41078 5
      vertex 25.0322 1.43963 0
      vertex 25.1052 1.41078 0
    endloop
  endfacet
  facet normal 0.114247 -0.993452 0
    outer loop
      vertex 24.6447 1.4714 0
      vertex 24.7227 1.48037 5
      vertex 24.6447 1.4714 5
    endloop
  endfacet
  facet normal 0.114247 -0.993452 0
    outer loop
      vertex 24.7227 1.48037 5
      vertex 24.6447 1.4714 0
      vertex 24.7227 1.48037 0
    endloop
  endfacet
  facet normal -0.178829 -0.98388 0
    outer loop
      vertex 24.8794 1.47524 0
      vertex 24.9567 1.46119 5
      vertex 24.8794 1.47524 5
    endloop
  endfacet
  facet normal -0.178829 -0.98388 -0
    outer loop
      vertex 24.9567 1.46119 5
      vertex 24.8794 1.47524 0
      vertex 24.9567 1.46119 0
    endloop
  endfacet
  facet normal -0.274587 -0.961562 0
    outer loop
      vertex 24.9567 1.46119 0
      vertex 25.0322 1.43963 5
      vertex 24.9567 1.46119 5
    endloop
  endfacet
  facet normal -0.274587 -0.961562 -0
    outer loop
      vertex 25.0322 1.43963 5
      vertex 24.9567 1.46119 0
      vertex 25.0322 1.43963 0
    endloop
  endfacet
  facet normal -0.457074 -0.889428 0
    outer loop
      vertex 25.1052 1.41078 0
      vertex 25.175 1.37491 5
      vertex 25.1052 1.41078 5
    endloop
  endfacet
  facet normal -0.457074 -0.889428 -0
    outer loop
      vertex 25.175 1.37491 5
      vertex 25.1052 1.41078 0
      vertex 25.175 1.37491 0
    endloop
  endfacet
  facet normal 0.397524 -0.917592 0
    outer loop
      vertex 24.4622 1.41738 0
      vertex 24.4932 1.43081 5
      vertex 24.4622 1.41738 5
    endloop
  endfacet
  facet normal 0.397524 -0.917592 0
    outer loop
      vertex 24.4932 1.43081 5
      vertex 24.4622 1.41738 0
      vertex 24.4932 1.43081 0
    endloop
  endfacet
  facet normal 0.306116 -0.951994 0
    outer loop
      vertex 24.4932 1.43081 0
      vertex 24.5679 1.45483 5
      vertex 24.4932 1.43081 5
    endloop
  endfacet
  facet normal 0.306116 -0.951994 0
    outer loop
      vertex 24.5679 1.45483 5
      vertex 24.4932 1.43081 0
      vertex 24.5679 1.45483 0
    endloop
  endfacet
  facet normal -0.977394 -0.211428 -1.93381e-19
    outer loop
      vertex 25.5643 0.812402 0
      vertex 25.5477 0.889141 5
      vertex 25.5477 0.889141 0
    endloop
  endfacet
  facet normal -0.977394 -0.211428 -1.93381e-19
    outer loop
      vertex 25.5477 0.889141 5
      vertex 25.5643 0.812402 0
      vertex 25.5643 0.812402 5
    endloop
  endfacet
  facet normal -0.952122 -0.305718 1.59688e-19
    outer loop
      vertex 25.5477 0.889141 0
      vertex 25.5237 0.963886 5
      vertex 25.5237 0.963886 0
    endloop
  endfacet
  facet normal -0.952122 -0.305718 1.59688e-19
    outer loop
      vertex 25.5237 0.963886 5
      vertex 25.5477 0.889141 0
      vertex 25.5477 0.889141 5
    endloop
  endfacet
  facet normal -0.762448 -0.647049 3.54413e-19
    outer loop
      vertex 25.4097 1.1691 0
      vertex 25.3589 1.22896 5
      vertex 25.3589 1.22896 0
    endloop
  endfacet
  facet normal -0.762448 -0.647049 3.54413e-19
    outer loop
      vertex 25.3589 1.22896 5
      vertex 25.4097 1.1691 0
      vertex 25.4097 1.1691 5
    endloop
  endfacet
  facet normal -0.695549 -0.718479 0
    outer loop
      vertex 25.3025 1.28356 0
      vertex 25.3589 1.22896 5
      vertex 25.3025 1.28356 5
    endloop
  endfacet
  facet normal -0.695549 -0.718479 -0
    outer loop
      vertex 25.3589 1.22896 5
      vertex 25.3025 1.28356 0
      vertex 25.3589 1.22896 0
    endloop
  endfacet
  facet normal -0.621583 -0.783348 0
    outer loop
      vertex 25.241 1.33236 0
      vertex 25.3025 1.28356 5
      vertex 25.241 1.33236 5
    endloop
  endfacet
  facet normal -0.621583 -0.783348 -0
    outer loop
      vertex 25.3025 1.28356 5
      vertex 25.241 1.33236 0
      vertex 25.3025 1.28356 0
    endloop
  endfacet
  facet normal -0.993518 -0.113675 -1.12365e-20
    outer loop
      vertex 25.5675 0.784434 0
      vertex 25.5643 0.812402 5
      vertex 25.5643 0.812402 0
    endloop
  endfacet
  facet normal -0.993518 -0.113675 -1.12365e-20
    outer loop
      vertex 25.5643 0.812402 5
      vertex 25.5675 0.784434 0
      vertex 25.5675 0.784434 5
    endloop
  endfacet
  facet normal -0.917624 -0.397449 5.00663e-19
    outer loop
      vertex 25.5237 0.963886 0
      vertex 25.4925 1.03592 5
      vertex 25.4925 1.03592 0
    endloop
  endfacet
  facet normal -0.917624 -0.397449 5.00663e-19
    outer loop
      vertex 25.4925 1.03592 5
      vertex 25.5237 0.963886 0
      vertex 25.5237 0.963886 5
    endloop
  endfacet
  facet normal -0.874277 -0.485427 -2.44977e-19
    outer loop
      vertex 25.4925 1.03592 0
      vertex 25.4544 1.10454 5
      vertex 25.4544 1.10454 0
    endloop
  endfacet
  facet normal -0.874277 -0.485427 -2.44977e-19
    outer loop
      vertex 25.4544 1.10454 5
      vertex 25.4925 1.03592 0
      vertex 25.4925 1.03592 5
    endloop
  endfacet
  facet normal -0.822165 -0.56925 -1.80141e-19
    outer loop
      vertex 25.4544 1.10454 0
      vertex 25.4097 1.1691 5
      vertex 25.4097 1.1691 0
    endloop
  endfacet
  facet normal -0.822165 -0.56925 -1.80141e-19
    outer loop
      vertex 25.4097 1.1691 5
      vertex 25.4544 1.10454 0
      vertex 25.4544 1.10454 5
    endloop
  endfacet
  facet normal -0.889353 -0.457221 -3.39815e-20
    outer loop
      vertex 22.4108 4.10517 0
      vertex 22.3749 4.175 5
      vertex 22.3749 4.175 0
    endloop
  endfacet
  facet normal -0.889353 -0.457221 -3.39815e-20
    outer loop
      vertex 22.3749 4.175 5
      vertex 22.4108 4.10517 0
      vertex 22.4108 4.10517 5
    endloop
  endfacet
  facet normal -0.30563 -0.95215 0
    outer loop
      vertex 21.8891 4.54774 0
      vertex 21.9639 4.52373 5
      vertex 21.8891 4.54774 5
    endloop
  endfacet
  facet normal -0.30563 -0.95215 -0
    outer loop
      vertex 21.9639 4.52373 5
      vertex 21.8891 4.54774 0
      vertex 21.9639 4.52373 0
    endloop
  endfacet
  facet normal -0.983968 -0.178347 2.23092e-19
    outer loop
      vertex 22.4752 3.87942 0
      vertex 22.4612 3.95666 5
      vertex 22.4612 3.95666 0
    endloop
  endfacet
  facet normal -0.983968 -0.178347 2.23092e-19
    outer loop
      vertex 22.4612 3.95666 5
      vertex 22.4752 3.87942 0
      vertex 22.4752 3.87942 5
    endloop
  endfacet
  facet normal -0.568839 -0.822449 0
    outer loop
      vertex 22.1045 4.45436 0
      vertex 22.1691 4.40968 5
      vertex 22.1045 4.45436 5
    endloop
  endfacet
  facet normal -0.568839 -0.822449 -0
    outer loop
      vertex 22.1691 4.40968 5
      vertex 22.1045 4.45436 0
      vertex 22.1691 4.40968 0
    endloop
  endfacet
  facet normal -0.485924 -0.874001 0
    outer loop
      vertex 22.0359 4.4925 0
      vertex 22.1045 4.45436 5
      vertex 22.0359 4.4925 5
    endloop
  endfacet
  facet normal -0.485924 -0.874001 -0
    outer loop
      vertex 22.1045 4.45436 5
      vertex 22.0359 4.4925 0
      vertex 22.1045 4.45436 0
    endloop
  endfacet
  facet normal -0.952128 0.3057 1.56711e-19
    outer loop
      vertex 22.4308 3.4932 0
      vertex 22.4548 3.56795 5
      vertex 22.4548 3.56795 0
    endloop
  endfacet
  facet normal -0.952128 0.3057 1.56711e-19
    outer loop
      vertex 22.4548 3.56795 5
      vertex 22.4308 3.4932 0
      vertex 22.4308 3.4932 5
    endloop
  endfacet
  facet normal -0.977389 0.211451 1.28126e-19
    outer loop
      vertex 22.4548 3.56795 0
      vertex 22.4714 3.64468 5
      vertex 22.4714 3.64468 0
    endloop
  endfacet
  facet normal -0.977389 0.211451 1.28126e-19
    outer loop
      vertex 22.4714 3.64468 5
      vertex 22.4548 3.56795 0
      vertex 22.4548 3.56795 5
    endloop
  endfacet
  facet normal -0.961418 -0.275091 -2.73195e-19
    outer loop
      vertex 22.4612 3.95666 0
      vertex 22.4396 4.03215 5
      vertex 22.4396 4.03215 0
    endloop
  endfacet
  facet normal -0.961418 -0.275091 -2.73195e-19
    outer loop
      vertex 22.4396 4.03215 5
      vertex 22.4612 3.95666 0
      vertex 22.4612 3.95666 5
    endloop
  endfacet
  facet normal -0.783348 -0.621583 2.89144e-19
    outer loop
      vertex 22.3324 4.24098 0
      vertex 22.2836 4.30248 5
      vertex 22.2836 4.30248 0
    endloop
  endfacet
  facet normal -0.783348 -0.621583 2.89144e-19
    outer loop
      vertex 22.2836 4.30248 5
      vertex 22.3324 4.24098 0
      vertex 22.3324 4.24098 5
    endloop
  endfacet
  facet normal -0.397929 -0.917416 0
    outer loop
      vertex 21.9639 4.52373 0
      vertex 22.0359 4.4925 5
      vertex 21.9639 4.52373 5
    endloop
  endfacet
  facet normal -0.397929 -0.917416 -0
    outer loop
      vertex 22.0359 4.4925 5
      vertex 21.9639 4.52373 0
      vertex 22.0359 4.4925 0
    endloop
  endfacet
  facet normal -0.646724 -0.762724 0
    outer loop
      vertex 22.1691 4.40968 0
      vertex 22.229 4.35889 5
      vertex 22.1691 4.40968 5
    endloop
  endfacet
  facet normal -0.646724 -0.762724 -0
    outer loop
      vertex 22.229 4.35889 5
      vertex 22.1691 4.40968 0
      vertex 22.229 4.35889 0
    endloop
  endfacet
  facet normal -0.718541 -0.695485 -3.06418e-19
    outer loop
      vertex 22.2836 4.30248 0
      vertex 22.229 4.35889 5
      vertex 22.229 4.35889 0
    endloop
  endfacet
  facet normal -0.718541 -0.695485 -3.06418e-19
    outer loop
      vertex 22.229 4.35889 5
      vertex 22.2836 4.30248 0
      vertex 22.2836 4.30248 5
    endloop
  endfacet
  facet normal -0.84069 -0.541517 -6.52949e-20
    outer loop
      vertex 22.3749 4.175 0
      vertex 22.3324 4.24098 5
      vertex 22.3324 4.24098 0
    endloop
  endfacet
  facet normal -0.84069 -0.541517 -6.52949e-20
    outer loop
      vertex 22.3324 4.24098 5
      vertex 22.3749 4.175 0
      vertex 22.3749 4.175 5
    endloop
  endfacet
  facet normal -0.114247 -0.993452 0
    outer loop
      vertex 21.7844 4.56753 0
      vertex 21.8124 4.56431 5
      vertex 21.7844 4.56753 5
    endloop
  endfacet
  facet normal -0.114247 -0.993452 -0
    outer loop
      vertex 21.8124 4.56431 5
      vertex 21.7844 4.56753 0
      vertex 21.8124 4.56431 0
    endloop
  endfacet
  facet normal -0.211165 -0.97745 0
    outer loop
      vertex 21.8124 4.56431 0
      vertex 21.8891 4.54774 5
      vertex 21.8124 4.56431 5
    endloop
  endfacet
  facet normal -0.211165 -0.97745 -0
    outer loop
      vertex 21.8891 4.54774 5
      vertex 21.8124 4.56431 0
      vertex 21.8891 4.54774 0
    endloop
  endfacet
  facet normal -0.917822 0.396992 1.5684e-21
    outer loop
      vertex 22.4174 3.46222 0
      vertex 22.4308 3.4932 5
      vertex 22.4308 3.4932 0
    endloop
  endfacet
  facet normal -0.917822 0.396992 1.5684e-21
    outer loop
      vertex 22.4308 3.4932 5
      vertex 22.4174 3.46222 0
      vertex 22.4174 3.46222 5
    endloop
  endfacet
  facet normal -0.999863 0.0165582 -1.5846e-20
    outer loop
      vertex 22.4804 3.72268 0
      vertex 22.4817 3.80118 5
      vertex 22.4817 3.80118 0
    endloop
  endfacet
  facet normal -0.999863 0.0165582 -1.5846e-20
    outer loop
      vertex 22.4817 3.80118 5
      vertex 22.4804 3.72268 0
      vertex 22.4804 3.72268 5
    endloop
  endfacet
  facet normal -0.996567 -0.0827925 5.00336e-20
    outer loop
      vertex 22.4817 3.80118 0
      vertex 22.4752 3.87942 5
      vertex 22.4752 3.87942 0
    endloop
  endfacet
  facet normal -0.996567 -0.0827925 5.00336e-20
    outer loop
      vertex 22.4752 3.87942 5
      vertex 22.4817 3.80118 0
      vertex 22.4817 3.80118 5
    endloop
  endfacet
  facet normal -0.930258 -0.366905 -5.49802e-19
    outer loop
      vertex 22.4396 4.03215 0
      vertex 22.4108 4.10517 5
      vertex 22.4108 4.10517 0
    endloop
  endfacet
  facet normal -0.930258 -0.366905 -5.49802e-19
    outer loop
      vertex 22.4108 4.10517 5
      vertex 22.4396 4.03215 0
      vertex 22.4396 4.03215 5
    endloop
  endfacet
  facet normal -0.993409 0.114624 -8.36056e-20
    outer loop
      vertex 22.4714 3.64468 0
      vertex 22.4804 3.72268 5
      vertex 22.4804 3.72268 0
    endloop
  endfacet
  facet normal -0.993409 0.114624 -8.36056e-20
    outer loop
      vertex 22.4804 3.72268 5
      vertex 22.4714 3.64468 0
      vertex 22.4714 3.64468 5
    endloop
  endfacet
  facet normal -1 0 0
    outer loop
      vertex 29.7 8 0
      vertex 29.7 14.5 0.599999
      vertex 29.7 14.5 0
    endloop
  endfacet
  facet normal -1 -0 0
    outer loop
      vertex 29.7 14.5 0.599999
      vertex 29.7 8 0
      vertex 29.7 8 0.599999
    endloop
  endfacet
  facet normal 0 0 -1
    outer loop
      vertex 28.3 8 0.599999
      vertex 29.7 14.5 0.599999
      vertex 29.7 8 0.599999
    endloop
  endfacet
  facet normal -0 0 -1
    outer loop
      vertex 29.7 14.5 0.599999
      vertex 28.3 8 0.599999
      vertex 28.3 14.5 0.599999
    endloop
  endfacet
  facet normal 1 -0 0
    outer loop
      vertex 28.3 8 0.599999
      vertex 28.3 14.5 0
      vertex 28.3 14.5 0.599999
    endloop
  endfacet
  facet normal 1 0 0
    outer loop
      vertex 28.3 14.5 0
      vertex 28.3 8 0.599999
      vertex 28.3 8 0
    endloop
  endfacet
  facet normal 0 -1 0
    outer loop
      vertex 28.3 14.5 0
      vertex 29.7 14.5 0.599999
      vertex 28.3 14.5 0.599999
    endloop
  endfacet
  facet normal 0 -1 -0
    outer loop
      vertex 29.7 14.5 0.599999
      vertex 28.3 14.5 0
      vertex 29.7 14.5 0
    endloop
  endfacet
  facet normal 0 1 -0
    outer loop
      vertex 29.7 8 0
      vertex 28.3 8 0.599999
      vertex 29.7 8 0.599999
    endloop
  endfacet
  facet normal 0 1 0
    outer loop
      vertex 28.3 8 0.599999
      vertex 29.7 8 0
      vertex 28.3 8 0
    endloop
  endfacet
  facet normal 0.998796 0.049066 -9.32198e-20
    outer loop
      vertex 10 8 10
      vertex 9.99037 8.19603 5
      vertex 9.99037 8.19603 10
    endloop
  endfacet
  facet normal 0.998796 0.049066 -9.32198e-20
    outer loop
      vertex 9.99037 8.19603 5
      vertex 10 8 10
      vertex 10 8 5
    endloop
  endfacet
  facet normal -0.049066 0.998796 0
    outer loop
      vertex 8 10 5
      vertex 7.80397 9.99037 10
      vertex 8 10 10
    endloop
  endfacet
  facet normal -0.049066 0.998796 0
    outer loop
      vertex 7.80397 9.99037 10
      vertex 8 10 5
      vertex 7.80397 9.99037 5
    endloop
  endfacet
  facet normal 0.671584 0.740928 -0
    outer loop
      vertex 9.41421 9.41421 5
      vertex 9.26879 9.54602 10
      vertex 9.41421 9.41421 10
    endloop
  endfacet
  facet normal 0.671584 0.740928 0
    outer loop
      vertex 9.26879 9.54602 10
      vertex 9.41421 9.41421 5
      vertex 9.26879 9.54602 5
    endloop
  endfacet
  facet normal 0.336879 0.941548 -0
    outer loop
      vertex 8.76537 9.84776 5
      vertex 8.58057 9.91388 10
      vertex 8.76537 9.84776 10
    endloop
  endfacet
  facet normal 0.336879 0.941548 0
    outer loop
      vertex 8.58057 9.91388 10
      vertex 8.76537 9.84776 5
      vertex 8.58057 9.91388 5
    endloop
  endfacet
  facet normal -0.336879 0.941548 0
    outer loop
      vertex 7.41943 9.91388 5
      vertex 7.23463 9.84776 10
      vertex 7.41943 9.91388 10
    endloop
  endfacet
  facet normal -0.336879 0.941548 0
    outer loop
      vertex 7.23463 9.84776 10
      vertex 7.41943 9.91388 5
      vertex 7.23463 9.84776 5
    endloop
  endfacet
  facet normal -0.242979 0.970032 0
    outer loop
      vertex 7.60982 9.96157 5
      vertex 7.41943 9.91388 10
      vertex 7.60982 9.96157 10
    endloop
  endfacet
  facet normal -0.242979 0.970032 0
    outer loop
      vertex 7.41943 9.91388 10
      vertex 7.60982 9.96157 5
      vertex 7.41943 9.91388 5
    endloop
  endfacet
  facet normal -0.514084 0.85774 0
    outer loop
      vertex 7.05721 9.76384 5
      vertex 6.88886 9.66294 10
      vertex 7.05721 9.76384 10
    endloop
  endfacet
  facet normal -0.514084 0.85774 0
    outer loop
      vertex 6.88886 9.66294 10
      vertex 7.05721 9.76384 5
      vertex 6.88886 9.66294 5
    endloop
  endfacet
  facet normal 0.903976 0.427583 -1.84713e-19
    outer loop
      vertex 9.84776 8.76537 10
      vertex 9.76384 8.94279 5
      vertex 9.76384 8.94279 10
    endloop
  endfacet
  facet normal 0.903976 0.427583 -1.84713e-19
    outer loop
      vertex 9.76384 8.94279 5
      vertex 9.84776 8.76537 10
      vertex 9.84776 8.76537 5
    endloop
  endfacet
  facet normal 0.146733 0.989176 -0
    outer loop
      vertex 8.39018 9.96157 5
      vertex 8.19603 9.99037 10
      vertex 8.39018 9.96157 10
    endloop
  endfacet
  facet normal 0.146733 0.989176 0
    outer loop
      vertex 8.19603 9.99037 10
      vertex 8.39018 9.96157 5
      vertex 8.19603 9.99037 5
    endloop
  endfacet
  facet normal 0 0 1
    outer loop
      vertex 14.7164 4.30248 5
      vertex 9.84776 7.23463 5
      vertex 14.6676 4.24098 5
    endloop
  endfacet
  facet normal 0 0 1
    outer loop
      vertex 14.5196 12.2773 5
      vertex 14.1841 13.0751 5
      vertex 14.5183 12.1988 5
    endloop
  endfacet
  facet normal 0 0 1
    outer loop
      vertex 14.5286 12.3553 5
      vertex 14.1841 13.0751 5
      vertex 14.5196 12.2773 5
    endloop
  endfacet
  facet normal 0 0 1
    outer loop
      vertex 14.5452 12.4321 5
      vertex 14.1841 13.0751 5
      vertex 14.5286 12.3553 5
    endloop
  endfacet
  facet normal 0 0 1
    outer loop
      vertex 14.5692 12.5068 5
      vertex 14.1841 13.0751 5
      vertex 14.5452 12.4321 5
    endloop
  endfacet
  facet normal 0 0 1
    outer loop
      vertex 14.1841 13.0751 5
      vertex 14.5692 12.5068 5
      vertex 14.5826 12.5378 5
    endloop
  endfacet
  facet normal 0 0 1
    outer loop
      vertex 15.9615 8.78414 5
      vertex 15.9425 8.61841 5
      vertex 15.9687 8.63783 5
    endloop
  endfacet
  facet normal 0 0 1
    outer loop
      vertex 15.9615 8.78414 5
      vertex 15.8843 8.56569 5
      vertex 15.9425 8.61841 5
    endloop
  endfacet
  facet normal 0 0 1
    outer loop
      vertex 15.8316 8.50751 5
      vertex 15.9615 8.78414 5
      vertex 15.8463 9.56072 5
    endloop
  endfacet
  facet normal 0 0 1
    outer loop
      vertex 15.9615 8.78414 5
      vertex 15.8316 8.50751 5
      vertex 15.8843 8.56569 5
    endloop
  endfacet
  facet normal 0 0 1
    outer loop
      vertex 15.8463 9.56072 5
      vertex 15.7848 8.44446 5
      vertex 15.8316 8.50751 5
    endloop
  endfacet
  facet normal 0 0 1
    outer loop
      vertex 15.8463 9.56072 5
      vertex 15.7445 8.37712 5
      vertex 15.7848 8.44446 5
    endloop
  endfacet
  facet normal 0 0 1
    outer loop
      vertex 15.8463 9.56072 5
      vertex 15.7109 8.30615 5
      vertex 15.7445 8.37712 5
    endloop
  endfacet
  facet normal 0 0 1
    outer loop
      vertex 15.8463 9.56072 5
      vertex 15.6844 8.23223 5
      vertex 15.7109 8.30615 5
    endloop
  endfacet
  facet normal 0 0 1
    outer loop
      vertex 15.6555 10.3223 5
      vertex 15.6844 8.23223 5
      vertex 15.8463 9.56072 5
    endloop
  endfacet
  facet normal 0 0 1
    outer loop
      vertex 9.99037 8.19603 5
      vertex 15.6555 10.3223 5
      vertex 14.771 11.6411 5
    endloop
  endfacet
  facet normal 0 0 1
    outer loop
      vertex 15.6555 10.3223 5
      vertex 9.99037 8.19603 5
      vertex 15.6844 8.23223 5
    endloop
  endfacet
  facet normal 0 0 1
    outer loop
      vertex 9.99037 8.19603 5
      vertex 14.771 11.6411 5
      vertex 14.7164 11.6975 5
    endloop
  endfacet
  facet normal 0 0 1
    outer loop
      vertex 14.8955 11.5456 5
      vertex 15.6555 10.3223 5
      vertex 15.391 11.0615 5
    endloop
  endfacet
  facet normal 0 0 1
    outer loop
      vertex 15.9425 7.38159 5
      vertex 15.9615 7.21586 5
      vertex 15.9687 7.36218 5
    endloop
  endfacet
  facet normal 0 0 1
    outer loop
      vertex 15.8843 7.43431 5
      vertex 15.9615 7.21586 5
      vertex 15.9425 7.38159 5
    endloop
  endfacet
  facet normal 0 0 1
    outer loop
      vertex 15.8316 7.49249 5
      vertex 15.9615 7.21586 5
      vertex 15.8843 7.43431 5
    endloop
  endfacet
  facet normal 0 0 1
    outer loop
      vertex 15.9615 7.21586 5
      vertex 15.8316 7.49249 5
      vertex 15.8463 6.43928 5
    endloop
  endfacet
  facet normal 0 0 1
    outer loop
      vertex 15.7848 7.55554 5
      vertex 15.8463 6.43928 5
      vertex 15.8316 7.49249 5
    endloop
  endfacet
  facet normal 0 0 1
    outer loop
      vertex 15.7445 7.62288 5
      vertex 15.8463 6.43928 5
      vertex 15.7848 7.55554 5
    endloop
  endfacet
  facet normal 0 0 1
    outer loop
      vertex 15.7109 7.69385 5
      vertex 15.8463 6.43928 5
      vertex 15.7445 7.62288 5
    endloop
  endfacet
  facet normal 0 0 1
    outer loop
      vertex 15.6844 7.76777 5
      vertex 15.8463 6.43928 5
      vertex 15.7109 7.69385 5
    endloop
  endfacet
  facet normal 0 0 1
    outer loop
      vertex 9.99037 7.80397 5
      vertex 15.6539 7.92159 5
      vertex 10 8 5
    endloop
  endfacet
  facet normal 0 0 1
    outer loop
      vertex 15.6844 7.76777 5
      vertex 15.6555 5.67772 5
      vertex 15.8463 6.43928 5
    endloop
  endfacet
  facet normal 0 0 1
    outer loop
      vertex 15.65 8 5
      vertex 10 8 5
      vertex 15.6539 7.92159 5
    endloop
  endfacet
  facet normal 0 0 1
    outer loop
      vertex 15.6539 8.07841 5
      vertex 10 8 5
      vertex 15.65 8 5
    endloop
  endfacet
  facet normal 0 0 1
    outer loop
      vertex 14.771 11.6411 5
      vertex 15.6555 10.3223 5
      vertex 14.8309 11.5903 5
    endloop
  endfacet
  facet normal 0 0 1
    outer loop
      vertex 15.6844 8.23223 5
      vertex 9.99037 8.19603 5
      vertex 15.6654 8.15607 5
    endloop
  endfacet
  facet normal 0 0 1
    outer loop
      vertex 15.1876 11.4357 5
      vertex 15.391 11.0615 5
      vertex 15.2156 11.4325 5
    endloop
  endfacet
  facet normal 0 0 1
    outer loop
      vertex 15.1109 11.4523 5
      vertex 15.391 11.0615 5
      vertex 15.1876 11.4357 5
    endloop
  endfacet
  facet normal 0 0 1
    outer loop
      vertex 15.0361 11.4763 5
      vertex 15.391 11.0615 5
      vertex 15.1109 11.4523 5
    endloop
  endfacet
  facet normal 0 0 1
    outer loop
      vertex 15.391 4.93853 5
      vertex 15.1876 4.56431 5
      vertex 15.2156 4.56753 5
    endloop
  endfacet
  facet normal 0 0 1
    outer loop
      vertex 14.9641 11.5075 5
      vertex 15.391 11.0615 5
      vertex 15.0361 11.4763 5
    endloop
  endfacet
  facet normal 0 0 1
    outer loop
      vertex 15.391 4.93853 5
      vertex 15.1109 4.54774 5
      vertex 15.1876 4.56431 5
    endloop
  endfacet
  facet normal 0 0 1
    outer loop
      vertex 14.8955 11.5456 5
      vertex 15.391 11.0615 5
      vertex 14.9641 11.5075 5
    endloop
  endfacet
  facet normal 0 0 1
    outer loop
      vertex 15.391 4.93853 5
      vertex 15.0361 4.52373 5
      vertex 15.1109 4.54774 5
    endloop
  endfacet
  facet normal 0 0 1
    outer loop
      vertex 15.6555 10.3223 5
      vertex 14.8955 11.5456 5
      vertex 14.8309 11.5903 5
    endloop
  endfacet
  facet normal 0 0 1
    outer loop
      vertex 15.391 4.93853 5
      vertex 14.9641 4.4925 5
      vertex 15.0361 4.52373 5
    endloop
  endfacet
  facet normal 0 0 1
    outer loop
      vertex 9.99037 8.19603 5
      vertex 14.7164 11.6975 5
      vertex 14.6676 11.759 5
    endloop
  endfacet
  facet normal 0 0 1
    outer loop
      vertex 15.391 4.93853 5
      vertex 14.8955 4.45436 5
      vertex 14.9641 4.4925 5
    endloop
  endfacet
  facet normal 0 -0 1
    outer loop
      vertex 14.8955 4.45436 5
      vertex 15.6555 5.67772 5
      vertex 14.8309 4.40968 5
    endloop
  endfacet
  facet normal 0 0 1
    outer loop
      vertex 15.6555 5.67772 5
      vertex 14.8955 4.45436 5
      vertex 15.391 4.93853 5
    endloop
  endfacet
  facet normal 0 0 1
    outer loop
      vertex 15.6654 8.15607 5
      vertex 9.99037 8.19603 5
      vertex 15.6539 8.07841 5
    endloop
  endfacet
  facet normal 0 0 1
    outer loop
      vertex 15.6555 5.67772 5
      vertex 14.771 4.35889 5
      vertex 14.8309 4.40968 5
    endloop
  endfacet
  facet normal 0 0 1
    outer loop
      vertex 9.96157 7.60982 5
      vertex 15.6654 7.84393 5
      vertex 9.99037 7.80397 5
    endloop
  endfacet
  facet normal 0 0 1
    outer loop
      vertex 15.6539 7.92159 5
      vertex 9.99037 7.80397 5
      vertex 15.6654 7.84393 5
    endloop
  endfacet
  facet normal 0 0 1
    outer loop
      vertex 9.99037 8.19603 5
      vertex 14.6676 11.759 5
      vertex 14.6251 11.825 5
    endloop
  endfacet
  facet normal 0 0 1
    outer loop
      vertex 15.6654 7.84393 5
      vertex 9.96157 7.60982 5
      vertex 15.6844 7.76777 5
    endloop
  endfacet
  facet normal 0 -0 1
    outer loop
      vertex 10 8 5
      vertex 15.6539 8.07841 5
      vertex 9.99037 8.19603 5
    endloop
  endfacet
  facet normal 0 0 1
    outer loop
      vertex 15.6844 7.76777 5
      vertex 9.96157 7.60982 5
      vertex 15.6555 5.67772 5
    endloop
  endfacet
  facet normal 0 0 1
    outer loop
      vertex 9.99037 8.19603 5
      vertex 14.6251 11.825 5
      vertex 14.5892 11.8948 5
    endloop
  endfacet
  facet normal -0 0 1
    outer loop
      vertex 9.91388 7.41943 5
      vertex 15.6555 5.67772 5
      vertex 9.96157 7.60982 5
    endloop
  endfacet
  facet normal 0 0 1
    outer loop
      vertex 9.99037 8.19603 5
      vertex 14.5892 11.8948 5
      vertex 14.5604 11.9678 5
    endloop
  endfacet
  facet normal 0 0 1
    outer loop
      vertex 15.6555 5.67772 5
      vertex 9.91388 7.41943 5
      vertex 14.771 4.35889 5
    endloop
  endfacet
  facet normal 0 0 1
    outer loop
      vertex 9.99037 8.19603 5
      vertex 14.5388 12.0433 5
      vertex 14.1841 13.0751 5
    endloop
  endfacet
  facet normal 0 0 1
    outer loop
      vertex 14.5388 12.0433 5
      vertex 9.99037 8.19603 5
      vertex 14.5604 11.9678 5
    endloop
  endfacet
  facet normal 0 0 1
    outer loop
      vertex 14.1841 13.0751 5
      vertex 14.5388 12.0433 5
      vertex 14.5248 12.1206 5
    endloop
  endfacet
  facet normal 0 0 1
    outer loop
      vertex 14.771 4.35889 5
      vertex 9.91388 7.41943 5
      vertex 14.7164 4.30248 5
    endloop
  endfacet
  facet normal 0 0 1
    outer loop
      vertex 14.1841 13.0751 5
      vertex 14.5248 12.1206 5
      vertex 14.5183 12.1988 5
    endloop
  endfacet
  facet normal -0 0 1
    outer loop
      vertex 9.84776 7.23463 5
      vertex 14.7164 4.30248 5
      vertex 9.91388 7.41943 5
    endloop
  endfacet
  facet normal -0 0 1
    outer loop
      vertex 9.76384 7.05721 5
      vertex 14.6676 4.24098 5
      vertex 9.84776 7.23463 5
    endloop
  endfacet
  facet normal 0 0 1
    outer loop
      vertex 14.5692 3.4932 5
      vertex 14.1841 2.92485 5
      vertex 14.5826 3.46222 5
    endloop
  endfacet
  facet normal 0 0 1
    outer loop
      vertex 14.5452 3.56795 5
      vertex 14.1841 2.92485 5
      vertex 14.5692 3.4932 5
    endloop
  endfacet
  facet normal 0 0 1
    outer loop
      vertex 14.5286 3.64468 5
      vertex 14.1841 2.92485 5
      vertex 14.5452 3.56795 5
    endloop
  endfacet
  facet normal 0 0 1
    outer loop
      vertex 14.5196 3.72268 5
      vertex 14.1841 2.92485 5
      vertex 14.5286 3.64468 5
    endloop
  endfacet
  facet normal 0 0 1
    outer loop
      vertex 14.6676 4.24098 5
      vertex 9.76384 7.05721 5
      vertex 14.6251 4.175 5
    endloop
  endfacet
  facet normal 0 0 1
    outer loop
      vertex 9.54602 9.26879 5
      vertex 14.1841 13.0751 5
      vertex 13.6569 13.6569 5
    endloop
  endfacet
  facet normal 0 0 1
    outer loop
      vertex 14.6251 4.175 5
      vertex 9.66294 6.88886 5
      vertex 14.5892 4.10517 5
    endloop
  endfacet
  facet normal 0 0 1
    outer loop
      vertex 12.1206 14.5248 5
      vertex 13.6569 13.6569 5
      vertex 13.0751 14.1841 5
    endloop
  endfacet
  facet normal 0 0 1
    outer loop
      vertex 14.5892 4.10517 5
      vertex 9.66294 6.88886 5
      vertex 14.5604 4.03215 5
    endloop
  endfacet
  facet normal -0 0 1
    outer loop
      vertex 12.5068 14.5692 5
      vertex 13.0751 14.1841 5
      vertex 12.5378 14.5826 5
    endloop
  endfacet
  facet normal -0 0 1
    outer loop
      vertex 9.54602 6.73121 5
      vertex 14.5604 4.03215 5
      vertex 9.66294 6.88886 5
    endloop
  endfacet
  facet normal -0 0 1
    outer loop
      vertex 12.4321 14.5452 5
      vertex 13.0751 14.1841 5
      vertex 12.5068 14.5692 5
    endloop
  endfacet
  facet normal 0 0 1
    outer loop
      vertex 14.5604 4.03215 5
      vertex 9.54602 6.73121 5
      vertex 14.5388 3.95666 5
    endloop
  endfacet
  facet normal -0 0 1
    outer loop
      vertex 12.3553 14.5286 5
      vertex 13.0751 14.1841 5
      vertex 12.4321 14.5452 5
    endloop
  endfacet
  facet normal -0 0 1
    outer loop
      vertex 9.41421 6.58579 5
      vertex 14.5388 3.95666 5
      vertex 9.54602 6.73121 5
    endloop
  endfacet
  facet normal -0 0 1
    outer loop
      vertex 12.2773 14.5196 5
      vertex 13.0751 14.1841 5
      vertex 12.3553 14.5286 5
    endloop
  endfacet
  facet normal 0 -0 1
    outer loop
      vertex 13.6569 2.34315 5
      vertex 14.5388 3.95666 5
      vertex 9.41421 6.58579 5
    endloop
  endfacet
  facet normal -0 0 1
    outer loop
      vertex 12.1988 14.5183 5
      vertex 13.0751 14.1841 5
      vertex 12.2773 14.5196 5
    endloop
  endfacet
  facet normal 0 0 1
    outer loop
      vertex 14.5388 3.95666 5
      vertex 13.6569 2.34315 5
      vertex 14.5248 3.87942 5
    endloop
  endfacet
  facet normal 0 0 1
    outer loop
      vertex 12.1206 14.5248 5
      vertex 13.0751 14.1841 5
      vertex 12.1988 14.5183 5
    endloop
  endfacet
  facet normal 0 0 1
    outer loop
      vertex 13.0751 1.81592 5
      vertex 12.5068 1.43081 5
      vertex 12.5378 1.41738 5
    endloop
  endfacet
  facet normal 0 0 1
    outer loop
      vertex 12.0433 14.5388 5
      vertex 13.6569 13.6569 5
      vertex 12.1206 14.5248 5
    endloop
  endfacet
  facet normal 0 -0 1
    outer loop
      vertex 14.1841 2.92485 5
      vertex 14.5248 3.87942 5
      vertex 13.6569 2.34315 5
    endloop
  endfacet
  facet normal 0 0 1
    outer loop
      vertex 13.6569 13.6569 5
      vertex 12.0433 14.5388 5
      vertex 9.41421 9.41421 5
    endloop
  endfacet
  facet normal 0 0 1
    outer loop
      vertex 13.0751 1.81592 5
      vertex 12.4321 1.45483 5
      vertex 12.5068 1.43081 5
    endloop
  endfacet
  facet normal 0 0 1
    outer loop
      vertex 9.26879 9.54602 5
      vertex 12.0433 14.5388 5
      vertex 11.9678 14.5604 5
    endloop
  endfacet
  facet normal 0 0 1
    outer loop
      vertex 14.5183 3.80118 5
      vertex 14.1841 2.92485 5
      vertex 14.5196 3.72268 5
    endloop
  endfacet
  facet normal 0 0 1
    outer loop
      vertex 9.26879 9.54602 5
      vertex 11.9678 14.5604 5
      vertex 11.8948 14.5892 5
    endloop
  endfacet
  facet normal 0 0 1
    outer loop
      vertex 13.0751 1.81592 5
      vertex 12.3553 1.4714 5
      vertex 12.4321 1.45483 5
    endloop
  endfacet
  facet normal 0 0 1
    outer loop
      vertex 9.11114 9.66294 5
      vertex 11.8948 14.5892 5
      vertex 11.825 14.6251 5
    endloop
  endfacet
  facet normal 0 0 1
    outer loop
      vertex 14.5248 3.87942 5
      vertex 14.1841 2.92485 5
      vertex 14.5183 3.80118 5
    endloop
  endfacet
  facet normal 0 0 1
    outer loop
      vertex 8.94279 9.76384 5
      vertex 11.825 14.6251 5
      vertex 11.759 14.6676 5
    endloop
  endfacet
  facet normal 0 0 1
    outer loop
      vertex 13.0751 1.81592 5
      vertex 12.2773 1.48037 5
      vertex 12.3553 1.4714 5
    endloop
  endfacet
  facet normal 0 0 1
    outer loop
      vertex 8.76537 9.84776 5
      vertex 11.759 14.6676 5
      vertex 11.6975 14.7164 5
    endloop
  endfacet
  facet normal 0 0 1
    outer loop
      vertex 13.0751 1.81592 5
      vertex 12.1988 1.48166 5
      vertex 12.2773 1.48037 5
    endloop
  endfacet
  facet normal 0 0 1
    outer loop
      vertex 8.76537 9.84776 5
      vertex 11.6975 14.7164 5
      vertex 11.6411 14.771 5
    endloop
  endfacet
  facet normal 0 -0 1
    outer loop
      vertex 12.0433 1.46119 5
      vertex 13.6569 2.34315 5
      vertex 9.41421 6.58579 5
    endloop
  endfacet
  facet normal 0 0 1
    outer loop
      vertex 10.3223 15.6555 5
      vertex 11.6411 14.771 5
      vertex 11.5903 14.8309 5
    endloop
  endfacet
  facet normal 0 0 1
    outer loop
      vertex 13.0751 1.81592 5
      vertex 12.1206 1.47524 5
      vertex 12.1988 1.48166 5
    endloop
  endfacet
  facet normal 0 0 1
    outer loop
      vertex 10.3223 15.6555 5
      vertex 11.5903 14.8309 5
      vertex 11.5456 14.8955 5
    endloop
  endfacet
  facet normal 0 0 1
    outer loop
      vertex 13.6569 2.34315 5
      vertex 12.1206 1.47524 5
      vertex 13.0751 1.81592 5
    endloop
  endfacet
  facet normal 0 0 1
    outer loop
      vertex 11.0615 15.391 5
      vertex 11.5456 14.8955 5
      vertex 11.5075 14.9641 5
    endloop
  endfacet
  facet normal 0 0 1
    outer loop
      vertex 13.6569 2.34315 5
      vertex 12.0433 1.46119 5
      vertex 12.1206 1.47524 5
    endloop
  endfacet
  facet normal 0 0 1
    outer loop
      vertex 11.0615 15.391 5
      vertex 11.5075 14.9641 5
      vertex 11.4763 15.0361 5
    endloop
  endfacet
  facet normal -0 0 1
    outer loop
      vertex 9.26879 6.45398 5
      vertex 12.0433 1.46119 5
      vertex 9.41421 6.58579 5
    endloop
  endfacet
  facet normal 0 0 1
    outer loop
      vertex 11.0615 15.391 5
      vertex 11.4763 15.0361 5
      vertex 11.4523 15.1109 5
    endloop
  endfacet
  facet normal 0 0 1
    outer loop
      vertex 12.0433 1.46119 5
      vertex 9.26879 6.45398 5
      vertex 11.9678 1.43963 5
    endloop
  endfacet
  facet normal 0 0 1
    outer loop
      vertex 11.0615 15.391 5
      vertex 11.4523 15.1109 5
      vertex 11.4357 15.1876 5
    endloop
  endfacet
  facet normal 0 0 1
    outer loop
      vertex 11.9678 1.43963 5
      vertex 9.26879 6.45398 5
      vertex 11.8948 1.41078 5
    endloop
  endfacet
  facet normal 0 0 1
    outer loop
      vertex 11.0615 15.391 5
      vertex 11.4357 15.1876 5
      vertex 11.4325 15.2156 5
    endloop
  endfacet
  facet normal -0 0 1
    outer loop
      vertex 9.11114 6.33706 5
      vertex 11.8948 1.41078 5
      vertex 9.26879 6.45398 5
    endloop
  endfacet
  facet normal 0 0 1
    outer loop
      vertex 11.5456 14.8955 5
      vertex 11.0615 15.391 5
      vertex 10.3223 15.6555 5
    endloop
  endfacet
  facet normal 0 0 1
    outer loop
      vertex 11.8948 1.41078 5
      vertex 9.11114 6.33706 5
      vertex 11.825 1.37491 5
    endloop
  endfacet
  facet normal 0 0 1
    outer loop
      vertex 11.6411 14.771 5
      vertex 10.3223 15.6555 5
      vertex 8.58057 9.91388 5
    endloop
  endfacet
  facet normal -0 0 1
    outer loop
      vertex 8.94279 6.23616 5
      vertex 11.825 1.37491 5
      vertex 9.11114 6.33706 5
    endloop
  endfacet
  facet normal 0 0 1
    outer loop
      vertex 11.825 1.37491 5
      vertex 8.94279 6.23616 5
      vertex 11.759 1.33236 5
    endloop
  endfacet
  facet normal -0 0 1
    outer loop
      vertex 9.66294 6.88886 5
      vertex 14.6251 4.175 5
      vertex 9.76384 7.05721 5
    endloop
  endfacet
  facet normal 0 0 1
    outer loop
      vertex 14.1841 13.0751 5
      vertex 9.96157 8.39018 5
      vertex 9.99037 8.19603 5
    endloop
  endfacet
  facet normal 0 0 1
    outer loop
      vertex 14.1841 13.0751 5
      vertex 9.91388 8.58057 5
      vertex 9.96157 8.39018 5
    endloop
  endfacet
  facet normal 0 0 1
    outer loop
      vertex 14.1841 13.0751 5
      vertex 9.84776 8.76537 5
      vertex 9.91388 8.58057 5
    endloop
  endfacet
  facet normal 0 0 1
    outer loop
      vertex 14.1841 13.0751 5
      vertex 9.76384 8.94279 5
      vertex 9.84776 8.76537 5
    endloop
  endfacet
  facet normal 0 0 1
    outer loop
      vertex 14.1841 13.0751 5
      vertex 9.66294 9.11114 5
      vertex 9.76384 8.94279 5
    endloop
  endfacet
  facet normal -0 0 1
    outer loop
      vertex 8.23223 15.6844 5
      vertex 10.3223 15.6555 5
      vertex 9.56072 15.8463 5
    endloop
  endfacet
  facet normal 0 0 1
    outer loop
      vertex 14.1841 13.0751 5
      vertex 9.54602 9.26879 5
      vertex 9.66294 9.11114 5
    endloop
  endfacet
  facet normal 0 0 1
    outer loop
      vertex 13.6569 13.6569 5
      vertex 9.41421 9.41421 5
      vertex 9.54602 9.26879 5
    endloop
  endfacet
  facet normal 0 0 1
    outer loop
      vertex 12.0433 14.5388 5
      vertex 9.26879 9.54602 5
      vertex 9.41421 9.41421 5
    endloop
  endfacet
  facet normal 0 0 1
    outer loop
      vertex 11.8948 14.5892 5
      vertex 9.11114 9.66294 5
      vertex 9.26879 9.54602 5
    endloop
  endfacet
  facet normal 0 0 1
    outer loop
      vertex 11.825 14.6251 5
      vertex 8.94279 9.76384 5
      vertex 9.11114 9.66294 5
    endloop
  endfacet
  facet normal 0 0 1
    outer loop
      vertex 8.44446 15.7848 5
      vertex 9.56072 15.8463 5
      vertex 8.78414 15.9615 5
    endloop
  endfacet
  facet normal 0 0 1
    outer loop
      vertex 11.759 14.6676 5
      vertex 8.76537 9.84776 5
      vertex 8.94279 9.76384 5
    endloop
  endfacet
  facet normal 0 0 1
    outer loop
      vertex 8.61841 15.9425 5
      vertex 8.78414 15.9615 5
      vertex 8.63783 15.9687 5
    endloop
  endfacet
  facet normal 0 0 1
    outer loop
      vertex 8.56569 15.8843 5
      vertex 8.78414 15.9615 5
      vertex 8.61841 15.9425 5
    endloop
  endfacet
  facet normal 0 0 1
    outer loop
      vertex 8.50751 15.8316 5
      vertex 8.78414 15.9615 5
      vertex 8.56569 15.8843 5
    endloop
  endfacet
  facet normal 0 0 1
    outer loop
      vertex 8.44446 15.7848 5
      vertex 8.78414 15.9615 5
      vertex 8.50751 15.8316 5
    endloop
  endfacet
  facet normal 0 0 1
    outer loop
      vertex 8.37712 15.7445 5
      vertex 9.56072 15.8463 5
      vertex 8.44446 15.7848 5
    endloop
  endfacet
  facet normal 0 0 1
    outer loop
      vertex 8.30615 15.7109 5
      vertex 9.56072 15.8463 5
      vertex 8.37712 15.7445 5
    endloop
  endfacet
  facet normal 0 0 1
    outer loop
      vertex 11.6411 14.771 5
      vertex 8.58057 9.91388 5
      vertex 8.76537 9.84776 5
    endloop
  endfacet
  facet normal 0 0 1
    outer loop
      vertex 8.23223 15.6844 5
      vertex 9.56072 15.8463 5
      vertex 8.30615 15.7109 5
    endloop
  endfacet
  facet normal 0 0 1
    outer loop
      vertex 10.3223 15.6555 5
      vertex 8.23223 15.6844 5
      vertex 8.58057 9.91388 5
    endloop
  endfacet
  facet normal 0 0 1
    outer loop
      vertex 8.58057 9.91388 5
      vertex 8.23223 15.6844 5
      vertex 8.39018 9.96157 5
    endloop
  endfacet
  facet normal -0 0 1
    outer loop
      vertex 8.15607 15.6654 5
      vertex 8.39018 9.96157 5
      vertex 8.23223 15.6844 5
    endloop
  endfacet
  facet normal 0 0 1
    outer loop
      vertex 8.39018 9.96157 5
      vertex 8.15607 15.6654 5
      vertex 8.19603 9.99037 5
    endloop
  endfacet
  facet normal -0 0 1
    outer loop
      vertex 8.07841 15.6539 5
      vertex 8.19603 9.99037 5
      vertex 8.15607 15.6654 5
    endloop
  endfacet
  facet normal 0 0 1
    outer loop
      vertex 8 10 5
      vertex 8.07841 15.6539 5
      vertex 8 15.65 5
    endloop
  endfacet
  facet normal 0 0 1
    outer loop
      vertex 8.07841 15.6539 5
      vertex 8 10 5
      vertex 8.19603 9.99037 5
    endloop
  endfacet
  facet normal 0 0 1
    outer loop
      vertex 7.92159 15.6539 5
      vertex 8 10 5
      vertex 8 15.65 5
    endloop
  endfacet
  facet normal 0 0 1
    outer loop
      vertex 7.80397 9.99037 5
      vertex 7.92159 15.6539 5
      vertex 7.84393 15.6654 5
    endloop
  endfacet
  facet normal 0 0 1
    outer loop
      vertex 7.92159 15.6539 5
      vertex 7.80397 9.99037 5
      vertex 8 10 5
    endloop
  endfacet
  facet normal 0 0 1
    outer loop
      vertex 7.60982 9.96157 5
      vertex 7.84393 15.6654 5
      vertex 7.76777 15.6844 5
    endloop
  endfacet
  facet normal 0 0 1
    outer loop
      vertex 5.67772 15.6555 5
      vertex 7.76777 15.6844 5
      vertex 7.69385 15.7109 5
    endloop
  endfacet
  facet normal 0 0 1
    outer loop
      vertex 6.43928 15.8463 5
      vertex 7.69385 15.7109 5
      vertex 7.62288 15.7445 5
    endloop
  endfacet
  facet normal 0 0 1
    outer loop
      vertex 7.84393 15.6654 5
      vertex 7.60982 9.96157 5
      vertex 7.80397 9.99037 5
    endloop
  endfacet
  facet normal 0 0 1
    outer loop
      vertex 6.43928 15.8463 5
      vertex 7.62288 15.7445 5
      vertex 7.55554 15.7848 5
    endloop
  endfacet
  facet normal 0 0 1
    outer loop
      vertex 6.43928 15.8463 5
      vertex 7.55554 15.7848 5
      vertex 7.49249 15.8316 5
    endloop
  endfacet
  facet normal 0 0 1
    outer loop
      vertex 7.21586 15.9615 5
      vertex 7.49249 15.8316 5
      vertex 7.43431 15.8843 5
    endloop
  endfacet
  facet normal 0 0 1
    outer loop
      vertex 5.67772 15.6555 5
      vertex 7.69385 15.7109 5
      vertex 6.43928 15.8463 5
    endloop
  endfacet
  facet normal 0 0 1
    outer loop
      vertex 7.21586 15.9615 5
      vertex 7.43431 15.8843 5
      vertex 7.38159 15.9425 5
    endloop
  endfacet
  facet normal -0 0 1
    outer loop
      vertex 7.21586 15.9615 5
      vertex 7.38159 15.9425 5
      vertex 7.36218 15.9687 5
    endloop
  endfacet
  facet normal 0 0 1
    outer loop
      vertex 7.49249 15.8316 5
      vertex 7.21586 15.9615 5
      vertex 6.43928 15.8463 5
    endloop
  endfacet
  facet normal 0 0 1
    outer loop
      vertex 7.76777 15.6844 5
      vertex 7.41943 9.91388 5
      vertex 7.60982 9.96157 5
    endloop
  endfacet
  facet normal 0 0 1
    outer loop
      vertex 7.76777 15.6844 5
      vertex 5.67772 15.6555 5
      vertex 7.41943 9.91388 5
    endloop
  endfacet
  facet normal -0 0 1
    outer loop
      vertex 4.35889 14.771 5
      vertex 7.41943 9.91388 5
      vertex 5.67772 15.6555 5
    endloop
  endfacet
  facet normal 0 0 1
    outer loop
      vertex 7.41943 9.91388 5
      vertex 4.35889 14.771 5
      vertex 7.23463 9.84776 5
    endloop
  endfacet
  facet normal -0 0 1
    outer loop
      vertex 4.24098 14.6676 5
      vertex 7.23463 9.84776 5
      vertex 4.30248 14.7164 5
    endloop
  endfacet
  facet normal -0 0 1
    outer loop
      vertex 4.30248 14.7164 5
      vertex 7.23463 9.84776 5
      vertex 4.35889 14.771 5
    endloop
  endfacet
  facet normal 0 0 1
    outer loop
      vertex 6.75 9.55995 5
      vertex 1.46119 12.0433 5
      vertex 1.43963 11.9678 5
    endloop
  endfacet
  facet normal 0 0 1
    outer loop
      vertex 6.75 6.44005 5
      vertex 1.47524 3.87942 5
      vertex 1.48166 3.80118 5
    endloop
  endfacet
  facet normal -0 0 1
    outer loop
      vertex 1.41078 11.8948 5
      vertex 6.75 9.55995 5
      vertex 1.43963 11.9678 5
    endloop
  endfacet
  facet normal 0 0 1
    outer loop
      vertex 6.75 6.44005 5
      vertex 1.46119 3.95666 5
      vertex 1.47524 3.87942 5
    endloop
  endfacet
  facet normal -0 0 1
    outer loop
      vertex 1.37491 11.825 5
      vertex 6.75 9.55995 5
      vertex 1.41078 11.8948 5
    endloop
  endfacet
  facet normal 0 0 1
    outer loop
      vertex 6.75 6.44005 5
      vertex 1.43963 4.03215 5
      vertex 1.46119 3.95666 5
    endloop
  endfacet
  facet normal -0 0 1
    outer loop
      vertex 1.33236 11.759 5
      vertex 6.75 9.55995 5
      vertex 1.37491 11.825 5
    endloop
  endfacet
  facet normal 0 0 1
    outer loop
      vertex 6.75 6.44005 5
      vertex 1.41078 4.10517 5
      vertex 1.43963 4.03215 5
    endloop
  endfacet
  facet normal -0 0 1
    outer loop
      vertex 1.28356 11.6975 5
      vertex 6.75 9.55995 5
      vertex 1.33236 11.759 5
    endloop
  endfacet
  facet normal 0 0 1
    outer loop
      vertex 6.75 6.44005 5
      vertex 1.37491 4.175 5
      vertex 1.41078 4.10517 5
    endloop
  endfacet
  facet normal -0 0 1
    outer loop
      vertex 1.22896 11.6411 5
      vertex 6.75 9.55995 5
      vertex 1.28356 11.6975 5
    endloop
  endfacet
  facet normal -0 0 1
    outer loop
      vertex 0.346148 7.92159 5
      vertex 6.75 6.44005 5
      vertex 0.35 8 5
    endloop
  endfacet
  facet normal 0 -0 1
    outer loop
      vertex 0.346148 8.07841 5
      vertex 6.75 9.55995 5
      vertex 0.334629 8.15607 5
    endloop
  endfacet
  facet normal 0 0 1
    outer loop
      vertex 6.75 6.44005 5
      vertex 1.33236 4.24098 5
      vertex 1.37491 4.175 5
    endloop
  endfacet
  facet normal 0 0 1
    outer loop
      vertex 0.315553 8.23223 5
      vertex 6.75 9.55995 5
      vertex 1.22896 11.6411 5
    endloop
  endfacet
  facet normal -0 0 1
    outer loop
      vertex 0.334629 7.84393 5
      vertex 6.75 6.44005 5
      vertex 0.346148 7.92159 5
    endloop
  endfacet
  facet normal 0 0 1
    outer loop
      vertex 0.344478 10.3223 5
      vertex 1.22896 11.6411 5
      vertex 1.1691 11.5903 5
    endloop
  endfacet
  facet normal 0 0 1
    outer loop
      vertex 6.75 6.44005 5
      vertex 1.28356 4.30248 5
      vertex 1.33236 4.24098 5
    endloop
  endfacet
  facet normal 0 0 1
    outer loop
      vertex 0.344478 10.3223 5
      vertex 1.1691 11.5903 5
      vertex 1.10454 11.5456 5
    endloop
  endfacet
  facet normal -0 0 1
    outer loop
      vertex 0.315553 7.76777 5
      vertex 6.75 6.44005 5
      vertex 0.334629 7.84393 5
    endloop
  endfacet
  facet normal 0 0 1
    outer loop
      vertex 0.608964 11.0615 5
      vertex 1.10454 11.5456 5
      vertex 1.03592 11.5075 5
    endloop
  endfacet
  facet normal 0 0 1
    outer loop
      vertex 6.75 6.44005 5
      vertex 1.22896 4.35889 5
      vertex 1.28356 4.30248 5
    endloop
  endfacet
  facet normal 0 0 1
    outer loop
      vertex 0.608964 11.0615 5
      vertex 1.03592 11.5075 5
      vertex 0.963886 11.4763 5
    endloop
  endfacet
  facet normal 0 0 1
    outer loop
      vertex 6.75 6.44005 5
      vertex 0.315553 7.76777 5
      vertex 1.22896 4.35889 5
    endloop
  endfacet
  facet normal 0 0 1
    outer loop
      vertex 0.608964 11.0615 5
      vertex 0.963886 11.4763 5
      vertex 0.889141 11.4523 5
    endloop
  endfacet
  facet normal -0 -0 1
    outer loop
      vertex 0.344478 5.67772 5
      vertex 1.22896 4.35889 5
      vertex 0.315553 7.76777 5
    endloop
  endfacet
  facet normal 0 0 1
    outer loop
      vertex 0.608964 11.0615 5
      vertex 0.889141 11.4523 5
      vertex 0.812402 11.4357 5
    endloop
  endfacet
  facet normal 0 0 1
    outer loop
      vertex 1.22896 4.35889 5
      vertex 0.344478 5.67772 5
      vertex 1.1691 4.40968 5
    endloop
  endfacet
  facet normal 0 0 1
    outer loop
      vertex 0.608964 11.0615 5
      vertex 0.812402 11.4357 5
      vertex 0.784434 11.4325 5
    endloop
  endfacet
  facet normal 0 0 1
    outer loop
      vertex 1.1691 4.40968 5
      vertex 0.344478 5.67772 5
      vertex 1.10454 4.45436 5
    endloop
  endfacet
  facet normal 0 0 1
    outer loop
      vertex 1.10454 11.5456 5
      vertex 0.608964 11.0615 5
      vertex 0.344478 10.3223 5
    endloop
  endfacet
  facet normal -0 -0 1
    outer loop
      vertex 0.608964 4.93853 5
      vertex 1.10454 4.45436 5
      vertex 0.344478 5.67772 5
    endloop
  endfacet
  facet normal 0 0 1
    outer loop
      vertex 1.10454 4.45436 5
      vertex 0.608964 4.93853 5
      vertex 1.03592 4.4925 5
    endloop
  endfacet
  facet normal 0 0 1
    outer loop
      vertex 6.75 9.55995 5
      vertex 0.35 8 5
      vertex 6.75 6.44005 5
    endloop
  endfacet
  facet normal 0 0 1
    outer loop
      vertex 1.22896 11.6411 5
      vertex 0.344478 10.3223 5
      vertex 0.315553 8.23223 5
    endloop
  endfacet
  facet normal 0 -0 1
    outer loop
      vertex 0.35 8 5
      vertex 6.75 9.55995 5
      vertex 0.346148 8.07841 5
    endloop
  endfacet
  facet normal 0 0 1
    outer loop
      vertex 6.75 9.55995 5
      vertex 0.315553 8.23223 5
      vertex 0.334629 8.15607 5
    endloop
  endfacet
  facet normal 0 0 1
    outer loop
      vertex 0.344478 10.3223 5
      vertex 0.289104 8.30615 5
      vertex 0.315553 8.23223 5
    endloop
  endfacet
  facet normal -0 0 1
    outer loop
      vertex 0.153718 9.56072 5
      vertex 0.289104 8.30615 5
      vertex 0.344478 10.3223 5
    endloop
  endfacet
  facet normal 0 0 1
    outer loop
      vertex 0.289104 8.30615 5
      vertex 0.153718 9.56072 5
      vertex 0.255537 8.37712 5
    endloop
  endfacet
  facet normal 0 0 1
    outer loop
      vertex 0.255537 8.37712 5
      vertex 0.153718 9.56072 5
      vertex 0.215177 8.44446 5
    endloop
  endfacet
  facet normal 0 0 1
    outer loop
      vertex 0.215177 8.44446 5
      vertex 0.153718 9.56072 5
      vertex 0.168408 8.50751 5
    endloop
  endfacet
  facet normal -0 0 1
    outer loop
      vertex 0.0385227 8.78414 5
      vertex 0.168408 8.50751 5
      vertex 0.153718 9.56072 5
    endloop
  endfacet
  facet normal 0 0 1
    outer loop
      vertex 0.168408 8.50751 5
      vertex 0.0385227 8.78414 5
      vertex 0.115685 8.56569 5
    endloop
  endfacet
  facet normal 0 0 1
    outer loop
      vertex 0.115685 8.56569 5
      vertex 0.0385227 8.78414 5
      vertex 0.0575151 8.61841 5
    endloop
  endfacet
  facet normal 0 0 1
    outer loop
      vertex 0.0575151 8.61841 5
      vertex 0.0385227 8.78414 5
      vertex 0.0313348 8.63783 5
    endloop
  endfacet
  facet normal 0 0 1
    outer loop
      vertex 2.34315 2.34315 5
      vertex 1.48166 3.80118 5
      vertex 1.81592 2.92485 5
    endloop
  endfacet
  facet normal -0 0 1
    outer loop
      vertex 1.48037 3.72268 5
      vertex 1.81592 2.92485 5
      vertex 1.48166 3.80118 5
    endloop
  endfacet
  facet normal -0 0 1
    outer loop
      vertex 1.4714 3.64468 5
      vertex 1.81592 2.92485 5
      vertex 1.48037 3.72268 5
    endloop
  endfacet
  facet normal -0 0 1
    outer loop
      vertex 1.45483 3.56795 5
      vertex 1.81592 2.92485 5
      vertex 1.4714 3.64468 5
    endloop
  endfacet
  facet normal -0 0 1
    outer loop
      vertex 1.43081 3.4932 5
      vertex 1.81592 2.92485 5
      vertex 1.45483 3.56795 5
    endloop
  endfacet
  facet normal 0 0 1
    outer loop
      vertex 1.81592 2.92485 5
      vertex 1.43081 3.4932 5
      vertex 1.41738 3.46222 5
    endloop
  endfacet
  facet normal 0 0 1
    outer loop
      vertex 0.963886 4.52373 5
      vertex 0.608964 4.93853 5
      vertex 0.889141 4.54774 5
    endloop
  endfacet
  facet normal 0 0 1
    outer loop
      vertex 0.812402 4.56431 5
      vertex 0.608964 4.93853 5
      vertex 0.784434 4.56753 5
    endloop
  endfacet
  facet normal 0 0 1
    outer loop
      vertex 0.889141 4.54774 5
      vertex 0.608964 4.93853 5
      vertex 0.812402 4.56431 5
    endloop
  endfacet
  facet normal 0 0 1
    outer loop
      vertex 1.03592 4.4925 5
      vertex 0.608964 4.93853 5
      vertex 0.963886 4.52373 5
    endloop
  endfacet
  facet normal -0 0 1
    outer loop
      vertex 0.289104 7.69385 5
      vertex 0.344478 5.67772 5
      vertex 0.315553 7.76777 5
    endloop
  endfacet
  facet normal 0 0 1
    outer loop
      vertex 0.153718 6.43928 5
      vertex 0.289104 7.69385 5
      vertex 0.255537 7.62288 5
    endloop
  endfacet
  facet normal 0 0 1
    outer loop
      vertex 0.153718 6.43928 5
      vertex 0.255537 7.62288 5
      vertex 0.215177 7.55554 5
    endloop
  endfacet
  facet normal 0 0 1
    outer loop
      vertex 0.153718 6.43928 5
      vertex 0.215177 7.55554 5
      vertex 0.168408 7.49249 5
    endloop
  endfacet
  facet normal 0 0 1
    outer loop
      vertex 0.289104 7.69385 5
      vertex 0.153718 6.43928 5
      vertex 0.344478 5.67772 5
    endloop
  endfacet
  facet normal 0 0 1
    outer loop
      vertex 0.0385227 7.21586 5
      vertex 0.168408 7.49249 5
      vertex 0.115685 7.43431 5
    endloop
  endfacet
  facet normal 0 0 1
    outer loop
      vertex 0.0385227 7.21586 5
      vertex 0.115685 7.43431 5
      vertex 0.0575151 7.38159 5
    endloop
  endfacet
  facet normal 0 0 1
    outer loop
      vertex 0.168408 7.49249 5
      vertex 0.0385227 7.21586 5
      vertex 0.153718 6.43928 5
    endloop
  endfacet
  facet normal 0 -0 1
    outer loop
      vertex 0.0385227 7.21586 5
      vertex 0.0575151 7.38159 5
      vertex 0.0313348 7.36218 5
    endloop
  endfacet
  facet normal -0 0 1
    outer loop
      vertex 8.76537 6.15224 5
      vertex 11.759 1.33236 5
      vertex 8.94279 6.23616 5
    endloop
  endfacet
  facet normal 0 0 1
    outer loop
      vertex 11.759 1.33236 5
      vertex 8.76537 6.15224 5
      vertex 11.6975 1.28356 5
    endloop
  endfacet
  facet normal 0 0 1
    outer loop
      vertex 11.6975 1.28356 5
      vertex 8.76537 6.15224 5
      vertex 11.6411 1.22896 5
    endloop
  endfacet
  facet normal -0 0 1
    outer loop
      vertex 8.58057 6.08612 5
      vertex 11.6411 1.22896 5
      vertex 8.76537 6.15224 5
    endloop
  endfacet
  facet normal 0 -0 1
    outer loop
      vertex 10.3223 0.344478 5
      vertex 11.6411 1.22896 5
      vertex 8.58057 6.08612 5
    endloop
  endfacet
  facet normal 0 0 1
    outer loop
      vertex 11.6411 1.22896 5
      vertex 10.3223 0.344478 5
      vertex 11.5903 1.1691 5
    endloop
  endfacet
  facet normal 0 0 1
    outer loop
      vertex 11.5903 1.1691 5
      vertex 10.3223 0.344478 5
      vertex 11.5456 1.10454 5
    endloop
  endfacet
  facet normal 0 -0 1
    outer loop
      vertex 11.0615 0.608964 5
      vertex 11.5456 1.10454 5
      vertex 10.3223 0.344478 5
    endloop
  endfacet
  facet normal 0 0 1
    outer loop
      vertex 11.5456 1.10454 5
      vertex 11.0615 0.608964 5
      vertex 11.5075 1.03592 5
    endloop
  endfacet
  facet normal 0 0 1
    outer loop
      vertex 11.4523 0.889141 5
      vertex 11.0615 0.608964 5
      vertex 11.4357 0.812402 5
    endloop
  endfacet
  facet normal 0 0 1
    outer loop
      vertex 11.4357 0.812402 5
      vertex 11.0615 0.608964 5
      vertex 11.4325 0.784434 5
    endloop
  endfacet
  facet normal 0 0 1
    outer loop
      vertex 11.4763 0.963886 5
      vertex 11.0615 0.608964 5
      vertex 11.4523 0.889141 5
    endloop
  endfacet
  facet normal 0 0 1
    outer loop
      vertex 11.5075 1.03592 5
      vertex 11.0615 0.608964 5
      vertex 11.4763 0.963886 5
    endloop
  endfacet
  facet normal 0 0 1
    outer loop
      vertex 8.23223 0.315553 5
      vertex 10.3223 0.344478 5
      vertex 8.58057 6.08612 5
    endloop
  endfacet
  facet normal 0 0 1
    outer loop
      vertex 9.56072 0.153718 5
      vertex 8.44446 0.215177 5
      vertex 8.78414 0.0385227 5
    endloop
  endfacet
  facet normal 0 0 1
    outer loop
      vertex 8.78414 0.0385227 5
      vertex 8.61841 0.0575151 5
      vertex 8.63783 0.0313348 5
    endloop
  endfacet
  facet normal 0 0 1
    outer loop
      vertex 10.3223 0.344478 5
      vertex 8.23223 0.315553 5
      vertex 9.56072 0.153718 5
    endloop
  endfacet
  facet normal 0 0 1
    outer loop
      vertex 8.78414 0.0385227 5
      vertex 8.56569 0.115685 5
      vertex 8.61841 0.0575151 5
    endloop
  endfacet
  facet normal 0 0 1
    outer loop
      vertex 8.78414 0.0385227 5
      vertex 8.50751 0.168408 5
      vertex 8.56569 0.115685 5
    endloop
  endfacet
  facet normal 0 0 1
    outer loop
      vertex 8.78414 0.0385227 5
      vertex 8.44446 0.215177 5
      vertex 8.50751 0.168408 5
    endloop
  endfacet
  facet normal 0 0 1
    outer loop
      vertex 8.23223 0.315553 5
      vertex 8.58057 6.08612 5
      vertex 8.39018 6.03843 5
    endloop
  endfacet
  facet normal 0 0 1
    outer loop
      vertex 9.56072 0.153718 5
      vertex 8.37712 0.255537 5
      vertex 8.44446 0.215177 5
    endloop
  endfacet
  facet normal 0 0 1
    outer loop
      vertex 9.56072 0.153718 5
      vertex 8.30615 0.289104 5
      vertex 8.37712 0.255537 5
    endloop
  endfacet
  facet normal 0 0 1
    outer loop
      vertex 9.56072 0.153718 5
      vertex 8.23223 0.315553 5
      vertex 8.30615 0.289104 5
    endloop
  endfacet
  facet normal 0 0 1
    outer loop
      vertex 8.15607 0.334629 5
      vertex 8.39018 6.03843 5
      vertex 8.19603 6.00963 5
    endloop
  endfacet
  facet normal 0 0 1
    outer loop
      vertex 8.39018 6.03843 5
      vertex 8.15607 0.334629 5
      vertex 8.23223 0.315553 5
    endloop
  endfacet
  facet normal 0 0 1
    outer loop
      vertex 8.19603 6.00963 5
      vertex 8.07841 0.346148 5
      vertex 8.15607 0.334629 5
    endloop
  endfacet
  facet normal -0 0 1
    outer loop
      vertex 8 6 5
      vertex 8.07841 0.346148 5
      vertex 8.19603 6.00963 5
    endloop
  endfacet
  facet normal 0 0 1
    outer loop
      vertex 8 6 5
      vertex 8 0.35 5
      vertex 8.07841 0.346148 5
    endloop
  endfacet
  facet normal 0 0 1
    outer loop
      vertex 8 6 5
      vertex 7.92159 0.346148 5
      vertex 8 0.35 5
    endloop
  endfacet
  facet normal 0 0 1
    outer loop
      vertex 7.80397 6.00963 5
      vertex 7.92159 0.346148 5
      vertex 8 6 5
    endloop
  endfacet
  facet normal 0 0 1
    outer loop
      vertex 7.92159 0.346148 5
      vertex 7.80397 6.00963 5
      vertex 7.84393 0.334629 5
    endloop
  endfacet
  facet normal 0 0 1
    outer loop
      vertex 7.60982 6.03843 5
      vertex 7.84393 0.334629 5
      vertex 7.80397 6.00963 5
    endloop
  endfacet
  facet normal 0 0 1
    outer loop
      vertex 7.84393 0.334629 5
      vertex 7.60982 6.03843 5
      vertex 7.76777 0.315553 5
    endloop
  endfacet
  facet normal 0 0 1
    outer loop
      vertex 7.41943 6.08612 5
      vertex 7.76777 0.315553 5
      vertex 7.60982 6.03843 5
    endloop
  endfacet
  facet normal -0 0 1
    outer loop
      vertex 5.67772 0.344478 5
      vertex 7.76777 0.315553 5
      vertex 7.41943 6.08612 5
    endloop
  endfacet
  facet normal 0 0 1
    outer loop
      vertex 7.69385 0.289104 5
      vertex 6.43928 0.153718 5
      vertex 7.62288 0.255537 5
    endloop
  endfacet
  facet normal 0 0 1
    outer loop
      vertex 7.62288 0.255537 5
      vertex 6.43928 0.153718 5
      vertex 7.55554 0.215177 5
    endloop
  endfacet
  facet normal 0 0 1
    outer loop
      vertex 7.55554 0.215177 5
      vertex 6.43928 0.153718 5
      vertex 7.49249 0.168408 5
    endloop
  endfacet
  facet normal 0 0 1
    outer loop
      vertex 7.76777 0.315553 5
      vertex 5.67772 0.344478 5
      vertex 7.69385 0.289104 5
    endloop
  endfacet
  facet normal 0 -0 1
    outer loop
      vertex 7.21586 0.0385227 5
      vertex 7.49249 0.168408 5
      vertex 6.43928 0.153718 5
    endloop
  endfacet
  facet normal 0 0 1
    outer loop
      vertex 7.49249 0.168408 5
      vertex 7.21586 0.0385227 5
      vertex 7.43431 0.115685 5
    endloop
  endfacet
  facet normal 0 0 1
    outer loop
      vertex 4.35889 1.22896 5
      vertex 7.41943 6.08612 5
      vertex 7.23463 6.15224 5
    endloop
  endfacet
  facet normal 0 0 1
    outer loop
      vertex 7.38159 0.0575151 5
      vertex 7.21586 0.0385227 5
      vertex 7.36218 0.0313348 5
    endloop
  endfacet
  facet normal 0 0 1
    outer loop
      vertex 4.24098 1.33236 5
      vertex 7.23463 6.15224 5
      vertex 7.05721 6.23616 5
    endloop
  endfacet
  facet normal 0 0 1
    outer loop
      vertex 4.175 1.37491 5
      vertex 7.05721 6.23616 5
      vertex 6.88886 6.33706 5
    endloop
  endfacet
  facet normal 0 0 1
    outer loop
      vertex 4.10517 1.41078 5
      vertex 6.88886 6.33706 5
      vertex 6.75 6.44005 5
    endloop
  endfacet
  facet normal 0 0 1
    outer loop
      vertex 7.43431 0.115685 5
      vertex 7.21586 0.0385227 5
      vertex 7.38159 0.0575151 5
    endloop
  endfacet
  facet normal 0 0 1
    outer loop
      vertex 7.05721 9.76384 5
      vertex 4.175 14.6251 5
      vertex 6.88886 9.66294 5
    endloop
  endfacet
  facet normal 0 0 1
    outer loop
      vertex 7.23463 9.84776 5
      vertex 4.24098 14.6676 5
      vertex 7.05721 9.76384 5
    endloop
  endfacet
  facet normal -0 0 1
    outer loop
      vertex 4.10517 14.5892 5
      vertex 6.88886 9.66294 5
      vertex 4.175 14.6251 5
    endloop
  endfacet
  facet normal 0 0 1
    outer loop
      vertex 4.45436 14.8955 5
      vertex 5.67772 15.6555 5
      vertex 4.93853 15.391 5
    endloop
  endfacet
  facet normal -0 0 1
    outer loop
      vertex 4.175 14.6251 5
      vertex 7.05721 9.76384 5
      vertex 4.24098 14.6676 5
    endloop
  endfacet
  facet normal 0 0 1
    outer loop
      vertex 4.56431 15.1876 5
      vertex 4.93853 15.391 5
      vertex 4.56753 15.2156 5
    endloop
  endfacet
  facet normal 0 0 1
    outer loop
      vertex 4.54774 15.1109 5
      vertex 4.93853 15.391 5
      vertex 4.56431 15.1876 5
    endloop
  endfacet
  facet normal 0 0 1
    outer loop
      vertex 4.52373 15.0361 5
      vertex 4.93853 15.391 5
      vertex 4.54774 15.1109 5
    endloop
  endfacet
  facet normal 0 0 1
    outer loop
      vertex 4.93853 0.608964 5
      vertex 4.56431 0.812402 5
      vertex 4.56753 0.784434 5
    endloop
  endfacet
  facet normal 0 0 1
    outer loop
      vertex 4.4925 14.9641 5
      vertex 4.93853 15.391 5
      vertex 4.52373 15.0361 5
    endloop
  endfacet
  facet normal 0 0 1
    outer loop
      vertex 4.93853 0.608964 5
      vertex 4.54774 0.889141 5
      vertex 4.56431 0.812402 5
    endloop
  endfacet
  facet normal 0 0 1
    outer loop
      vertex 4.45436 14.8955 5
      vertex 4.93853 15.391 5
      vertex 4.4925 14.9641 5
    endloop
  endfacet
  facet normal 0 0 1
    outer loop
      vertex 4.93853 0.608964 5
      vertex 4.52373 0.963886 5
      vertex 4.54774 0.889141 5
    endloop
  endfacet
  facet normal 0 0 1
    outer loop
      vertex 5.67772 15.6555 5
      vertex 4.45436 14.8955 5
      vertex 4.40968 14.8309 5
    endloop
  endfacet
  facet normal 0 0 1
    outer loop
      vertex 4.93853 0.608964 5
      vertex 4.4925 1.03592 5
      vertex 4.52373 0.963886 5
    endloop
  endfacet
  facet normal 0 0 1
    outer loop
      vertex 5.67772 15.6555 5
      vertex 4.40968 14.8309 5
      vertex 4.35889 14.771 5
    endloop
  endfacet
  facet normal 0 0 1
    outer loop
      vertex 4.93853 0.608964 5
      vertex 4.45436 1.10454 5
      vertex 4.4925 1.03592 5
    endloop
  endfacet
  facet normal 0 0 1
    outer loop
      vertex 6.88886 9.66294 5
      vertex 4.10517 14.5892 5
      vertex 6.75 9.55995 5
    endloop
  endfacet
  facet normal 0 0 1
    outer loop
      vertex 5.67772 0.344478 5
      vertex 4.45436 1.10454 5
      vertex 4.93853 0.608964 5
    endloop
  endfacet
  facet normal -0 -0 1
    outer loop
      vertex 4.40968 1.1691 5
      vertex 5.67772 0.344478 5
      vertex 4.35889 1.22896 5
    endloop
  endfacet
  facet normal -0 -0 1
    outer loop
      vertex 4.45436 1.10454 5
      vertex 5.67772 0.344478 5
      vertex 4.40968 1.1691 5
    endloop
  endfacet
  facet normal 0 0 1
    outer loop
      vertex 7.41943 6.08612 5
      vertex 4.35889 1.22896 5
      vertex 5.67772 0.344478 5
    endloop
  endfacet
  facet normal 0 0 1
    outer loop
      vertex 7.69385 0.289104 5
      vertex 5.67772 0.344478 5
      vertex 6.43928 0.153718 5
    endloop
  endfacet
  facet normal 0 0 1
    outer loop
      vertex 7.23463 6.15224 5
      vertex 4.24098 1.33236 5
      vertex 4.30248 1.28356 5
    endloop
  endfacet
  facet normal 0 0 1
    outer loop
      vertex 7.23463 6.15224 5
      vertex 4.30248 1.28356 5
      vertex 4.35889 1.22896 5
    endloop
  endfacet
  facet normal -0 0 1
    outer loop
      vertex 4.03215 14.5604 5
      vertex 6.75 9.55995 5
      vertex 4.10517 14.5892 5
    endloop
  endfacet
  facet normal 0 0 1
    outer loop
      vertex 7.05721 6.23616 5
      vertex 4.175 1.37491 5
      vertex 4.24098 1.33236 5
    endloop
  endfacet
  facet normal -0 0 1
    outer loop
      vertex 3.95666 14.5388 5
      vertex 6.75 9.55995 5
      vertex 4.03215 14.5604 5
    endloop
  endfacet
  facet normal -0 0 1
    outer loop
      vertex 2.34315 13.6569 5
      vertex 6.75 9.55995 5
      vertex 3.95666 14.5388 5
    endloop
  endfacet
  facet normal 0 0 1
    outer loop
      vertex 6.75 9.55995 5
      vertex 2.34315 13.6569 5
      vertex 1.46119 12.0433 5
    endloop
  endfacet
  facet normal 0 0 1
    outer loop
      vertex 6.88886 6.33706 5
      vertex 4.10517 1.41078 5
      vertex 4.175 1.37491 5
    endloop
  endfacet
  facet normal 0 0 1
    outer loop
      vertex 1.46119 12.0433 5
      vertex 2.34315 13.6569 5
      vertex 1.47524 12.1206 5
    endloop
  endfacet
  facet normal -0 0 1
    outer loop
      vertex 1.48166 3.80118 5
      vertex 2.34315 2.34315 5
      vertex 6.75 6.44005 5
    endloop
  endfacet
  facet normal 0 0 1
    outer loop
      vertex 2.34315 13.6569 5
      vertex 3.95666 14.5388 5
      vertex 3.87942 14.5248 5
    endloop
  endfacet
  facet normal 0 0 1
    outer loop
      vertex 6.75 6.44005 5
      vertex 4.03215 1.43963 5
      vertex 4.10517 1.41078 5
    endloop
  endfacet
  facet normal 0 0 1
    outer loop
      vertex 2.92485 14.1841 5
      vertex 3.87942 14.5248 5
      vertex 3.80118 14.5183 5
    endloop
  endfacet
  facet normal 0 0 1
    outer loop
      vertex 6.75 6.44005 5
      vertex 3.95666 1.46119 5
      vertex 4.03215 1.43963 5
    endloop
  endfacet
  facet normal 0 0 1
    outer loop
      vertex 2.92485 14.1841 5
      vertex 3.80118 14.5183 5
      vertex 3.72268 14.5196 5
    endloop
  endfacet
  facet normal 0 0 1
    outer loop
      vertex 6.75 6.44005 5
      vertex 2.34315 2.34315 5
      vertex 3.95666 1.46119 5
    endloop
  endfacet
  facet normal 0 0 1
    outer loop
      vertex 2.92485 14.1841 5
      vertex 3.72268 14.5196 5
      vertex 3.64468 14.5286 5
    endloop
  endfacet
  facet normal 0 0 1
    outer loop
      vertex 3.95666 1.46119 5
      vertex 2.34315 2.34315 5
      vertex 3.87942 1.47524 5
    endloop
  endfacet
  facet normal 0 0 1
    outer loop
      vertex 2.92485 14.1841 5
      vertex 3.64468 14.5286 5
      vertex 3.56795 14.5452 5
    endloop
  endfacet
  facet normal -0 -0 1
    outer loop
      vertex 2.92485 1.81592 5
      vertex 3.87942 1.47524 5
      vertex 2.34315 2.34315 5
    endloop
  endfacet
  facet normal 0 0 1
    outer loop
      vertex 2.92485 14.1841 5
      vertex 3.56795 14.5452 5
      vertex 3.4932 14.5692 5
    endloop
  endfacet
  facet normal 0 0 1
    outer loop
      vertex 3.87942 1.47524 5
      vertex 2.92485 1.81592 5
      vertex 3.80118 1.48166 5
    endloop
  endfacet
  facet normal 0 0 1
    outer loop
      vertex 2.92485 14.1841 5
      vertex 3.4932 14.5692 5
      vertex 3.46222 14.5826 5
    endloop
  endfacet
  facet normal 0 0 1
    outer loop
      vertex 3.80118 1.48166 5
      vertex 2.92485 1.81592 5
      vertex 3.72268 1.48037 5
    endloop
  endfacet
  facet normal 0 0 1
    outer loop
      vertex 3.87942 14.5248 5
      vertex 2.92485 14.1841 5
      vertex 2.34315 13.6569 5
    endloop
  endfacet
  facet normal 0 0 1
    outer loop
      vertex 3.72268 1.48037 5
      vertex 2.92485 1.81592 5
      vertex 3.64468 1.4714 5
    endloop
  endfacet
  facet normal -0 0 1
    outer loop
      vertex 1.81592 13.0751 5
      vertex 1.47524 12.1206 5
      vertex 2.34315 13.6569 5
    endloop
  endfacet
  facet normal 0 0 1
    outer loop
      vertex 3.4932 1.43081 5
      vertex 2.92485 1.81592 5
      vertex 3.46222 1.41738 5
    endloop
  endfacet
  facet normal 0 0 1
    outer loop
      vertex 1.47524 12.1206 5
      vertex 1.81592 13.0751 5
      vertex 1.48166 12.1988 5
    endloop
  endfacet
  facet normal 0 0 1
    outer loop
      vertex 3.56795 1.45483 5
      vertex 2.92485 1.81592 5
      vertex 3.4932 1.43081 5
    endloop
  endfacet
  facet normal 0 0 1
    outer loop
      vertex 3.64468 1.4714 5
      vertex 2.92485 1.81592 5
      vertex 3.56795 1.45483 5
    endloop
  endfacet
  facet normal 0 0 1
    outer loop
      vertex 1.81592 13.0751 5
      vertex 1.48037 12.2773 5
      vertex 1.48166 12.1988 5
    endloop
  endfacet
  facet normal 0 0 1
    outer loop
      vertex 1.81592 13.0751 5
      vertex 1.4714 12.3553 5
      vertex 1.48037 12.2773 5
    endloop
  endfacet
  facet normal 0 0 1
    outer loop
      vertex 1.81592 13.0751 5
      vertex 1.45483 12.4321 5
      vertex 1.4714 12.3553 5
    endloop
  endfacet
  facet normal 0 0 1
    outer loop
      vertex 1.81592 13.0751 5
      vertex 1.43081 12.5068 5
      vertex 1.45483 12.4321 5
    endloop
  endfacet
  facet normal 0 -0 1
    outer loop
      vertex 1.43081 12.5068 5
      vertex 1.81592 13.0751 5
      vertex 1.41738 12.5378 5
    endloop
  endfacet
  facet normal -0.146733 0.989176 0
    outer loop
      vertex 7.80397 9.99037 5
      vertex 7.60982 9.96157 10
      vertex 7.80397 9.99037 10
    endloop
  endfacet
  facet normal -0.146733 0.989176 0
    outer loop
      vertex 7.60982 9.96157 10
      vertex 7.80397 9.99037 5
      vertex 7.60982 9.96157 5
    endloop
  endfacet
  facet normal -0.427583 0.903976 0
    outer loop
      vertex 7.23463 9.84776 5
      vertex 7.05721 9.76384 10
      vertex 7.23463 9.84776 10
    endloop
  endfacet
  facet normal -0.427583 0.903976 0
    outer loop
      vertex 7.05721 9.76384 10
      vertex 7.23463 9.84776 5
      vertex 7.05721 9.76384 5
    endloop
  endfacet
  facet normal -0.595716 0.803195 0
    outer loop
      vertex 6.88886 9.66294 5
      vertex 6.75 9.55995 10
      vertex 6.88886 9.66294 10
    endloop
  endfacet
  facet normal -0.595716 0.803195 0
    outer loop
      vertex 6.75 9.55995 10
      vertex 6.88886 9.66294 5
      vertex 6.75 9.55995 5
    endloop
  endfacet
  facet normal 0.970032 0.242979 4.98021e-19
    outer loop
      vertex 9.96157 8.39018 10
      vertex 9.91388 8.58057 5
      vertex 9.91388 8.58057 10
    endloop
  endfacet
  facet normal 0.970032 0.242979 4.98021e-19
    outer loop
      vertex 9.91388 8.58057 5
      vertex 9.96157 8.39018 10
      vertex 9.96157 8.39018 5
    endloop
  endfacet
  facet normal 0.80321 0.595695 1.56395e-18
    outer loop
      vertex 9.66294 9.11114 10
      vertex 9.54602 9.26879 5
      vertex 9.54602 9.26879 10
    endloop
  endfacet
  facet normal 0.80321 0.595695 1.56395e-18
    outer loop
      vertex 9.54602 9.26879 5
      vertex 9.66294 9.11114 10
      vertex 9.66294 9.11114 5
    endloop
  endfacet
  facet normal 0.740928 0.671584 -1.13935e-18
    outer loop
      vertex 9.54602 9.26879 10
      vertex 9.41421 9.41421 5
      vertex 9.41421 9.41421 10
    endloop
  endfacet
  facet normal 0.740928 0.671584 -1.13935e-18
    outer loop
      vertex 9.41421 9.41421 5
      vertex 9.54602 9.26879 10
      vertex 9.54602 9.26879 5
    endloop
  endfacet
  facet normal 0.85774 0.514084 1.55362e-18
    outer loop
      vertex 9.76384 8.94279 10
      vertex 9.66294 9.11114 5
      vertex 9.66294 9.11114 10
    endloop
  endfacet
  facet normal 0.85774 0.514084 1.55362e-18
    outer loop
      vertex 9.66294 9.11114 5
      vertex 9.76384 8.94279 10
      vertex 9.76384 8.94279 5
    endloop
  endfacet
  facet normal 0.941548 0.336879 -3.45248e-21
    outer loop
      vertex 9.91388 8.58057 10
      vertex 9.84776 8.76537 5
      vertex 9.84776 8.76537 10
    endloop
  endfacet
  facet normal 0.941548 0.336879 -3.45248e-21
    outer loop
      vertex 9.84776 8.76537 5
      vertex 9.91388 8.58057 10
      vertex 9.91388 8.58057 5
    endloop
  endfacet
  facet normal 0.989176 0.146733 4.28534e-19
    outer loop
      vertex 9.99037 8.19603 10
      vertex 9.96157 8.39018 5
      vertex 9.96157 8.39018 10
    endloop
  endfacet
  facet normal 0.989176 0.146733 4.28534e-19
    outer loop
      vertex 9.96157 8.39018 5
      vertex 9.99037 8.19603 10
      vertex 9.99037 8.19603 5
    endloop
  endfacet
  facet normal 0 0 1
    outer loop
      vertex 9.99037 8.19603 10
      vertex 9.99037 7.80397 10
      vertex 10 8 10
    endloop
  endfacet
  facet normal 0 0 1
    outer loop
      vertex 9.96157 8.39018 10
      vertex 9.99037 7.80397 10
      vertex 9.99037 8.19603 10
    endloop
  endfacet
  facet normal 0 0 1
    outer loop
      vertex 9.96157 8.39018 10
      vertex 9.96157 7.60982 10
      vertex 9.99037 7.80397 10
    endloop
  endfacet
  facet normal 0 0 1
    outer loop
      vertex 9.91388 8.58057 10
      vertex 9.96157 7.60982 10
      vertex 9.96157 8.39018 10
    endloop
  endfacet
  facet normal 0 0 1
    outer loop
      vertex 9.91388 8.58057 10
      vertex 9.91388 7.41943 10
      vertex 9.96157 7.60982 10
    endloop
  endfacet
  facet normal 0 0 1
    outer loop
      vertex 9.84776 8.76537 10
      vertex 9.91388 7.41943 10
      vertex 9.91388 8.58057 10
    endloop
  endfacet
  facet normal 0 0 1
    outer loop
      vertex 9.84776 8.76537 10
      vertex 9.84776 7.23463 10
      vertex 9.91388 7.41943 10
    endloop
  endfacet
  facet normal 0 0 1
    outer loop
      vertex 9.76384 8.94279 10
      vertex 9.84776 7.23463 10
      vertex 9.84776 8.76537 10
    endloop
  endfacet
  facet normal 0 0 1
    outer loop
      vertex 9.76384 8.94279 10
      vertex 9.76384 7.05721 10
      vertex 9.84776 7.23463 10
    endloop
  endfacet
  facet normal 0 0 1
    outer loop
      vertex 9.66294 9.11114 10
      vertex 9.76384 7.05721 10
      vertex 9.76384 8.94279 10
    endloop
  endfacet
  facet normal 0 0 1
    outer loop
      vertex 9.66294 9.11114 10
      vertex 9.66294 6.88886 10
      vertex 9.76384 7.05721 10
    endloop
  endfacet
  facet normal 0 0 1
    outer loop
      vertex 9.54602 9.26879 10
      vertex 9.66294 6.88886 10
      vertex 9.66294 9.11114 10
    endloop
  endfacet
  facet normal 0 0 1
    outer loop
      vertex 9.54602 9.26879 10
      vertex 9.54602 6.73121 10
      vertex 9.66294 6.88886 10
    endloop
  endfacet
  facet normal 0 0 1
    outer loop
      vertex 9.41421 9.41421 10
      vertex 9.54602 6.73121 10
      vertex 9.54602 9.26879 10
    endloop
  endfacet
  facet normal 0 0 1
    outer loop
      vertex 9.41421 9.41421 10
      vertex 9.41421 6.58579 10
      vertex 9.54602 6.73121 10
    endloop
  endfacet
  facet normal 0 0 1
    outer loop
      vertex 9.26879 9.54602 10
      vertex 9.41421 6.58579 10
      vertex 9.41421 9.41421 10
    endloop
  endfacet
  facet normal 0 0 1
    outer loop
      vertex 9.26879 9.54602 10
      vertex 9.26879 6.45398 10
      vertex 9.41421 6.58579 10
    endloop
  endfacet
  facet normal 0 0 1
    outer loop
      vertex 9.11114 9.66294 10
      vertex 9.26879 6.45398 10
      vertex 9.26879 9.54602 10
    endloop
  endfacet
  facet normal 0 0 1
    outer loop
      vertex 9.11114 9.66294 10
      vertex 9.11114 6.33706 10
      vertex 9.26879 6.45398 10
    endloop
  endfacet
  facet normal 0 0 1
    outer loop
      vertex 8.94279 9.76384 10
      vertex 9.11114 6.33706 10
      vertex 9.11114 9.66294 10
    endloop
  endfacet
  facet normal 0 0 1
    outer loop
      vertex 8.94279 9.76384 10
      vertex 8.94279 6.23616 10
      vertex 9.11114 6.33706 10
    endloop
  endfacet
  facet normal 0 0 1
    outer loop
      vertex 8.76537 9.84776 10
      vertex 8.94279 6.23616 10
      vertex 8.94279 9.76384 10
    endloop
  endfacet
  facet normal 0 0 1
    outer loop
      vertex 8.76537 9.84776 10
      vertex 8.76537 6.15224 10
      vertex 8.94279 6.23616 10
    endloop
  endfacet
  facet normal 0 0 1
    outer loop
      vertex 8.58057 9.91388 10
      vertex 8.76537 6.15224 10
      vertex 8.76537 9.84776 10
    endloop
  endfacet
  facet normal 0 0 1
    outer loop
      vertex 8.58057 9.91388 10
      vertex 8.58057 6.08612 10
      vertex 8.76537 6.15224 10
    endloop
  endfacet
  facet normal 0 0 1
    outer loop
      vertex 8.39018 9.96157 10
      vertex 8.58057 6.08612 10
      vertex 8.58057 9.91388 10
    endloop
  endfacet
  facet normal 0 0 1
    outer loop
      vertex 8.39018 9.96157 10
      vertex 8.39018 6.03843 10
      vertex 8.58057 6.08612 10
    endloop
  endfacet
  facet normal 0 0 1
    outer loop
      vertex 8.19603 9.99037 10
      vertex 8.39018 6.03843 10
      vertex 8.39018 9.96157 10
    endloop
  endfacet
  facet normal 0 0 1
    outer loop
      vertex 8.19603 9.99037 10
      vertex 8.19603 6.00963 10
      vertex 8.39018 6.03843 10
    endloop
  endfacet
  facet normal 0 0 1
    outer loop
      vertex 8 10 10
      vertex 8.19603 6.00963 10
      vertex 8.19603 9.99037 10
    endloop
  endfacet
  facet normal 0 0 1
    outer loop
      vertex 8 10 10
      vertex 8 6 10
      vertex 8.19603 6.00963 10
    endloop
  endfacet
  facet normal -0 0 1
    outer loop
      vertex 7.80397 9.99037 10
      vertex 8 6 10
      vertex 8 10 10
    endloop
  endfacet
  facet normal 0 0 1
    outer loop
      vertex 7.80397 9.99037 10
      vertex 7.80397 6.00963 10
      vertex 8 6 10
    endloop
  endfacet
  facet normal -0 0 1
    outer loop
      vertex 7.60982 9.96157 10
      vertex 7.80397 6.00963 10
      vertex 7.80397 9.99037 10
    endloop
  endfacet
  facet normal 0 0 1
    outer loop
      vertex 7.60982 9.96157 10
      vertex 7.60982 6.03843 10
      vertex 7.80397 6.00963 10
    endloop
  endfacet
  facet normal -0 0 1
    outer loop
      vertex 7.41943 9.91388 10
      vertex 7.60982 6.03843 10
      vertex 7.60982 9.96157 10
    endloop
  endfacet
  facet normal 0 0 1
    outer loop
      vertex 7.41943 9.91388 10
      vertex 7.41943 6.08612 10
      vertex 7.60982 6.03843 10
    endloop
  endfacet
  facet normal -0 0 1
    outer loop
      vertex 7.23463 9.84776 10
      vertex 7.41943 6.08612 10
      vertex 7.41943 9.91388 10
    endloop
  endfacet
  facet normal 0 0 1
    outer loop
      vertex 7.23463 9.84776 10
      vertex 7.23463 6.15224 10
      vertex 7.41943 6.08612 10
    endloop
  endfacet
  facet normal -0 0 1
    outer loop
      vertex 7.05721 9.76384 10
      vertex 7.23463 6.15224 10
      vertex 7.23463 9.84776 10
    endloop
  endfacet
  facet normal 0 0 1
    outer loop
      vertex 7.05721 9.76384 10
      vertex 7.05721 6.23616 10
      vertex 7.23463 6.15224 10
    endloop
  endfacet
  facet normal -0 0 1
    outer loop
      vertex 6.88886 9.66294 10
      vertex 7.05721 6.23616 10
      vertex 7.05721 9.76384 10
    endloop
  endfacet
  facet normal 0 0 1
    outer loop
      vertex 6.88886 9.66294 10
      vertex 6.88886 6.33706 10
      vertex 7.05721 6.23616 10
    endloop
  endfacet
  facet normal -0 0 1
    outer loop
      vertex 6.75 9.55995 10
      vertex 6.88886 6.33706 10
      vertex 6.88886 9.66294 10
    endloop
  endfacet
  facet normal 0 0 1
    outer loop
      vertex 6.88886 6.33706 10
      vertex 6.75 9.55995 10
      vertex 6.75 6.44005 10
    endloop
  endfacet
  facet normal 0.514084 0.85774 -0
    outer loop
      vertex 9.11114 9.66294 5
      vertex 8.94279 9.76384 10
      vertex 9.11114 9.66294 10
    endloop
  endfacet
  facet normal 0.514084 0.85774 0
    outer loop
      vertex 8.94279 9.76384 10
      vertex 9.11114 9.66294 5
      vertex 8.94279 9.76384 5
    endloop
  endfacet
  facet normal 0.427583 0.903976 -0
    outer loop
      vertex 8.94279 9.76384 5
      vertex 8.76537 9.84776 10
      vertex 8.94279 9.76384 10
    endloop
  endfacet
  facet normal 0.427583 0.903976 0
    outer loop
      vertex 8.76537 9.84776 10
      vertex 8.94279 9.76384 5
      vertex 8.76537 9.84776 5
    endloop
  endfacet
  facet normal 0.595695 0.80321 -0
    outer loop
      vertex 9.26879 9.54602 5
      vertex 9.11114 9.66294 10
      vertex 9.26879 9.54602 10
    endloop
  endfacet
  facet normal 0.595695 0.80321 0
    outer loop
      vertex 9.11114 9.66294 10
      vertex 9.26879 9.54602 5
      vertex 9.11114 9.66294 5
    endloop
  endfacet
  facet normal 0.242979 0.970032 -0
    outer loop
      vertex 8.58057 9.91388 5
      vertex 8.39018 9.96157 10
      vertex 8.58057 9.91388 10
    endloop
  endfacet
  facet normal 0.242979 0.970032 0
    outer loop
      vertex 8.39018 9.96157 10
      vertex 8.58057 9.91388 5
      vertex 8.39018 9.96157 5
    endloop
  endfacet
  facet normal 0.049066 0.998796 -0
    outer loop
      vertex 8.19603 9.99037 5
      vertex 8 10 10
      vertex 8.19603 9.99037 10
    endloop
  endfacet
  facet normal 0.049066 0.998796 0
    outer loop
      vertex 8 10 10
      vertex 8.19603 9.99037 5
      vertex 8 10 5
    endloop
  endfacet
  facet normal -0.049066 -0.998796 0
    outer loop
      vertex 7.80397 6.00963 5
      vertex 8 6 10
      vertex 7.80397 6.00963 10
    endloop
  endfacet
  facet normal -0.049066 -0.998796 -0
    outer loop
      vertex 8 6 10
      vertex 7.80397 6.00963 5
      vertex 8 6 5
    endloop
  endfacet
  facet normal -0.242979 -0.970032 0
    outer loop
      vertex 7.41943 6.08612 5
      vertex 7.60982 6.03843 10
      vertex 7.41943 6.08612 10
    endloop
  endfacet
  facet normal -0.242979 -0.970032 -0
    outer loop
      vertex 7.60982 6.03843 10
      vertex 7.41943 6.08612 5
      vertex 7.60982 6.03843 5
    endloop
  endfacet
  facet normal -0.595716 -0.803195 0
    outer loop
      vertex 6.75 6.44005 5
      vertex 6.88886 6.33706 10
      vertex 6.75 6.44005 10
    endloop
  endfacet
  facet normal -0.595716 -0.803195 -0
    outer loop
      vertex 6.88886 6.33706 10
      vertex 6.75 6.44005 5
      vertex 6.88886 6.33706 5
    endloop
  endfacet
  facet normal -0.427583 -0.903976 0
    outer loop
      vertex 7.05721 6.23616 5
      vertex 7.23463 6.15224 10
      vertex 7.05721 6.23616 10
    endloop
  endfacet
  facet normal -0.427583 -0.903976 -0
    outer loop
      vertex 7.23463 6.15224 10
      vertex 7.05721 6.23616 5
      vertex 7.23463 6.15224 5
    endloop
  endfacet
  facet normal 0.671584 -0.740928 0
    outer loop
      vertex 9.26879 6.45398 5
      vertex 9.41421 6.58579 10
      vertex 9.26879 6.45398 10
    endloop
  endfacet
  facet normal 0.671584 -0.740928 0
    outer loop
      vertex 9.41421 6.58579 10
      vertex 9.26879 6.45398 5
      vertex 9.41421 6.58579 5
    endloop
  endfacet
  facet normal 0.514084 -0.85774 0
    outer loop
      vertex 8.94279 6.23616 5
      vertex 9.11114 6.33706 10
      vertex 8.94279 6.23616 10
    endloop
  endfacet
  facet normal 0.514084 -0.85774 0
    outer loop
      vertex 9.11114 6.33706 10
      vertex 8.94279 6.23616 5
      vertex 9.11114 6.33706 5
    endloop
  endfacet
  facet normal 0.336879 -0.941548 0
    outer loop
      vertex 8.58057 6.08612 5
      vertex 8.76537 6.15224 10
      vertex 8.58057 6.08612 10
    endloop
  endfacet
  facet normal 0.336879 -0.941548 0
    outer loop
      vertex 8.76537 6.15224 10
      vertex 8.58057 6.08612 5
      vertex 8.76537 6.15224 5
    endloop
  endfacet
  facet normal 0.146733 -0.989176 0
    outer loop
      vertex 8.19603 6.00963 5
      vertex 8.39018 6.03843 10
      vertex 8.19603 6.00963 10
    endloop
  endfacet
  facet normal 0.146733 -0.989176 0
    outer loop
      vertex 8.39018 6.03843 10
      vertex 8.19603 6.00963 5
      vertex 8.39018 6.03843 5
    endloop
  endfacet
  facet normal 0.80321 -0.595695 -1.08061e-18
    outer loop
      vertex 9.54602 6.73121 10
      vertex 9.66294 6.88886 5
      vertex 9.66294 6.88886 10
    endloop
  endfacet
  facet normal 0.80321 -0.595695 -1.08061e-18
    outer loop
      vertex 9.66294 6.88886 5
      vertex 9.54602 6.73121 10
      vertex 9.54602 6.73121 5
    endloop
  endfacet
  facet normal 0.903976 -0.427583 1.84713e-19
    outer loop
      vertex 9.76384 7.05721 10
      vertex 9.84776 7.23463 5
      vertex 9.84776 7.23463 10
    endloop
  endfacet
  facet normal 0.903976 -0.427583 1.84713e-19
    outer loop
      vertex 9.84776 7.23463 5
      vertex 9.76384 7.05721 10
      vertex 9.76384 7.05721 5
    endloop
  endfacet
  facet normal 0.85774 -0.514084 -1.55362e-18
    outer loop
      vertex 9.66294 6.88886 10
      vertex 9.76384 7.05721 5
      vertex 9.76384 7.05721 10
    endloop
  endfacet
  facet normal 0.85774 -0.514084 -1.55362e-18
    outer loop
      vertex 9.76384 7.05721 5
      vertex 9.66294 6.88886 10
      vertex 9.66294 6.88886 5
    endloop
  endfacet
  facet normal 0.970032 -0.242979 5.31683e-19
    outer loop
      vertex 9.91388 7.41943 10
      vertex 9.96157 7.60982 5
      vertex 9.96157 7.60982 10
    endloop
  endfacet
  facet normal 0.970032 -0.242979 5.31683e-19
    outer loop
      vertex 9.96157 7.60982 5
      vertex 9.91388 7.41943 10
      vertex 9.91388 7.41943 5
    endloop
  endfacet
  facet normal 0.941548 -0.336879 -2.55483e-19
    outer loop
      vertex 9.84776 7.23463 10
      vertex 9.91388 7.41943 5
      vertex 9.91388 7.41943 10
    endloop
  endfacet
  facet normal 0.941548 -0.336879 -2.55483e-19
    outer loop
      vertex 9.91388 7.41943 5
      vertex 9.84776 7.23463 10
      vertex 9.84776 7.23463 5
    endloop
  endfacet
  facet normal 0.998796 -0.049066 9.32198e-20
    outer loop
      vertex 9.99037 7.80397 10
      vertex 10 8 5
      vertex 10 8 10
    endloop
  endfacet
  facet normal 0.998796 -0.049066 9.32198e-20
    outer loop
      vertex 10 8 5
      vertex 9.99037 7.80397 10
      vertex 9.99037 7.80397 5
    endloop
  endfacet
  facet normal -0.146733 -0.989176 0
    outer loop
      vertex 7.60982 6.03843 5
      vertex 7.80397 6.00963 10
      vertex 7.60982 6.03843 10
    endloop
  endfacet
  facet normal -0.146733 -0.989176 -0
    outer loop
      vertex 7.80397 6.00963 10
      vertex 7.60982 6.03843 5
      vertex 7.80397 6.00963 5
    endloop
  endfacet
  facet normal -0.336879 -0.941548 0
    outer loop
      vertex 7.23463 6.15224 5
      vertex 7.41943 6.08612 10
      vertex 7.23463 6.15224 10
    endloop
  endfacet
  facet normal -0.336879 -0.941548 -0
    outer loop
      vertex 7.41943 6.08612 10
      vertex 7.23463 6.15224 5
      vertex 7.41943 6.08612 5
    endloop
  endfacet
  facet normal -0.514084 -0.85774 0
    outer loop
      vertex 6.88886 6.33706 5
      vertex 7.05721 6.23616 10
      vertex 6.88886 6.33706 10
    endloop
  endfacet
  facet normal -0.514084 -0.85774 -0
    outer loop
      vertex 7.05721 6.23616 10
      vertex 6.88886 6.33706 5
      vertex 7.05721 6.23616 5
    endloop
  endfacet
  facet normal 0.595695 -0.80321 0
    outer loop
      vertex 9.11114 6.33706 5
      vertex 9.26879 6.45398 10
      vertex 9.11114 6.33706 10
    endloop
  endfacet
  facet normal 0.595695 -0.80321 0
    outer loop
      vertex 9.26879 6.45398 10
      vertex 9.11114 6.33706 5
      vertex 9.26879 6.45398 5
    endloop
  endfacet
  facet normal 0.427583 -0.903976 0
    outer loop
      vertex 8.76537 6.15224 5
      vertex 8.94279 6.23616 10
      vertex 8.76537 6.15224 10
    endloop
  endfacet
  facet normal 0.427583 -0.903976 0
    outer loop
      vertex 8.94279 6.23616 10
      vertex 8.76537 6.15224 5
      vertex 8.94279 6.23616 5
    endloop
  endfacet
  facet normal 0.242979 -0.970032 0
    outer loop
      vertex 8.39018 6.03843 5
      vertex 8.58057 6.08612 10
      vertex 8.39018 6.03843 10
    endloop
  endfacet
  facet normal 0.242979 -0.970032 0
    outer loop
      vertex 8.58057 6.08612 10
      vertex 8.39018 6.03843 5
      vertex 8.58057 6.08612 5
    endloop
  endfacet
  facet normal 0.049066 -0.998796 0
    outer loop
      vertex 8 6 5
      vertex 8.19603 6.00963 10
      vertex 8 6 10
    endloop
  endfacet
  facet normal 0.049066 -0.998796 0
    outer loop
      vertex 8.19603 6.00963 10
      vertex 8 6 5
      vertex 8.19603 6.00963 5
    endloop
  endfacet
  facet normal 0.740928 -0.671584 -6.74977e-19
    outer loop
      vertex 9.41421 6.58579 10
      vertex 9.54602 6.73121 5
      vertex 9.54602 6.73121 10
    endloop
  endfacet
  facet normal 0.740928 -0.671584 -6.74977e-19
    outer loop
      vertex 9.54602 6.73121 5
      vertex 9.41421 6.58579 10
      vertex 9.41421 6.58579 5
    endloop
  endfacet
  facet normal 0.989176 -0.146733 5.61022e-21
    outer loop
      vertex 9.96157 7.60982 10
      vertex 9.99037 7.80397 5
      vertex 9.99037 7.80397 10
    endloop
  endfacet
  facet normal 0.989176 -0.146733 5.61022e-21
    outer loop
      vertex 9.99037 7.80397 5
      vertex 9.96157 7.60982 10
      vertex 9.96157 7.60982 5
    endloop
  endfacet
  facet normal -1 0 0
    outer loop
      vertex 6.75 6.44005 5
      vertex 6.75 9.55995 10
      vertex 6.75 9.55995 5
    endloop
  endfacet
  facet normal -1 -0 0
    outer loop
      vertex 6.75 9.55995 10
      vertex 6.75 6.44005 5
      vertex 6.75 6.44005 10
    endloop
  endfacet
  facet normal -0.998795 0.0490687 8.58676e-20
    outer loop
      vertex 0.0313348 8.63783 0
      vertex 0.0385227 8.78414 5
      vertex 0.0385227 8.78414 0
    endloop
  endfacet
  facet normal -0.998795 0.0490687 8.58676e-20
    outer loop
      vertex 0.0385227 8.78414 5
      vertex 0.0313348 8.63783 0
      vertex 0.0313348 8.63783 5
    endloop
  endfacet
  facet normal 0.998791 0.0491511 7.24234e-20
    outer loop
      vertex 15.9687 8.63783 5
      vertex 15.9615 8.78414 0
      vertex 15.9615 8.78414 5
    endloop
  endfacet
  facet normal 0.998791 0.0491511 7.24234e-20
    outer loop
      vertex 15.9615 8.78414 0
      vertex 15.9687 8.63783 5
      vertex 15.9687 8.63783 0
    endloop
  endfacet
  facet normal -0.0491478 0.998792 0
    outer loop
      vertex 7.36218 15.9687 0
      vertex 7.21586 15.9615 5
      vertex 7.36218 15.9687 5
    endloop
  endfacet
  facet normal -0.0491478 0.998792 0
    outer loop
      vertex 7.21586 15.9615 5
      vertex 7.36218 15.9687 0
      vertex 7.21586 15.9615 0
    endloop
  endfacet
  facet normal 0.0490687 -0.998795 0
    outer loop
      vertex 8.63783 0.0313348 0
      vertex 8.78414 0.0385227 5
      vertex 8.63783 0.0313348 5
    endloop
  endfacet
  facet normal 0.0490687 -0.998795 0
    outer loop
      vertex 8.78414 0.0385227 5
      vertex 8.63783 0.0313348 0
      vertex 8.78414 0.0385227 0
    endloop
  endfacet
  facet normal -0.741004 0.671501 -2.15418e-18
    outer loop
      vertex 1.81592 13.0751 0
      vertex 2.34315 13.6569 5
      vertex 2.34315 13.6569 0
    endloop
  endfacet
  facet normal -0.741004 0.671501 -2.15418e-18
    outer loop
      vertex 2.34315 13.6569 5
      vertex 1.81592 13.0751 0
      vertex 1.81592 13.0751 5
    endloop
  endfacet
  facet normal 0.67148 0.741023 -0
    outer loop
      vertex 13.6569 13.6569 0
      vertex 13.0751 14.1841 5
      vertex 13.6569 13.6569 5
    endloop
  endfacet
  facet normal 0.67148 0.741023 0
    outer loop
      vertex 13.0751 14.1841 5
      vertex 13.6569 13.6569 0
      vertex 13.0751 14.1841 0
    endloop
  endfacet
  facet normal 0.336901 0.94154 -0
    outer loop
      vertex 11.0615 15.391 0
      vertex 10.3223 15.6555 5
      vertex 11.0615 15.391 5
    endloop
  endfacet
  facet normal 0.336901 0.94154 0
    outer loop
      vertex 10.3223 15.6555 5
      vertex 11.0615 15.391 0
      vertex 10.3223 15.6555 0
    endloop
  endfacet
  facet normal -0.941546 0.336885 -1.33956e-18
    outer loop
      vertex 0.344478 10.3223 0
      vertex 0.608964 11.0615 5
      vertex 0.608964 11.0615 0
    endloop
  endfacet
  facet normal -0.941546 0.336885 -1.33956e-18
    outer loop
      vertex 0.608964 11.0615 5
      vertex 0.344478 10.3223 0
      vertex 0.344478 10.3223 5
    endloop
  endfacet
  facet normal -0.989176 0.146731 6.93959e-19
    outer loop
      vertex 0.0385227 8.78414 0
      vertex 0.153718 9.56072 5
      vertex 0.153718 9.56072 0
    endloop
  endfacet
  facet normal -0.989176 0.146731 6.93959e-19
    outer loop
      vertex 0.153718 9.56072 5
      vertex 0.0385227 8.78414 0
      vertex 0.0385227 8.78414 5
    endloop
  endfacet
  facet normal -0.427416 0.904055 0
    outer loop
      vertex 4.93853 15.391 0
      vertex 4.56753 15.2156 5
      vertex 4.93853 15.391 5
    endloop
  endfacet
  facet normal -0.427416 0.904055 0
    outer loop
      vertex 4.56753 15.2156 5
      vertex 4.93853 15.391 0
      vertex 4.56753 15.2156 0
    endloop
  endfacet
  facet normal -0.59566 0.803237 0
    outer loop
      vertex 3.46222 14.5826 0
      vertex 2.92485 14.1841 5
      vertex 3.46222 14.5826 5
    endloop
  endfacet
  facet normal -0.59566 0.803237 0
    outer loop
      vertex 2.92485 14.1841 5
      vertex 3.46222 14.5826 0
      vertex 2.92485 14.1841 0
    endloop
  endfacet
  facet normal 0.904055 0.427416 -3.99601e-19
    outer loop
      vertex 15.391 11.0615 5
      vertex 15.2156 11.4325 0
      vertex 15.2156 11.4325 5
    endloop
  endfacet
  facet normal 0.904055 0.427416 -3.99601e-19
    outer loop
      vertex 15.2156 11.4325 0
      vertex 15.391 11.0615 5
      vertex 15.391 11.0615 0
    endloop
  endfacet
  facet normal 0.146737 0.989176 -0
    outer loop
      vertex 9.56072 15.8463 0
      vertex 8.78414 15.9615 5
      vertex 9.56072 15.8463 5
    endloop
  endfacet
  facet normal 0.146737 0.989176 0
    outer loop
      vertex 8.78414 15.9615 5
      vertex 9.56072 15.8463 0
      vertex 8.78414 15.9615 0
    endloop
  endfacet
  facet normal -0.903989 -0.427555 -1.98795e-18
    outer loop
      vertex 0.784434 4.56753 0
      vertex 0.608964 4.93853 5
      vertex 0.608964 4.93853 0
    endloop
  endfacet
  facet normal -0.903989 -0.427555 -1.98795e-18
    outer loop
      vertex 0.608964 4.93853 5
      vertex 0.784434 4.56753 0
      vertex 0.784434 4.56753 5
    endloop
  endfacet
  facet normal 0 -0 -1
    outer loop
      vertex 12.0433 14.5388 0
      vertex 14.5388 12.0433 0
      vertex 8.7 8 0
    endloop
  endfacet
  facet normal -0 0 -1
    outer loop
      vertex 14.5196 3.72268 0
      vertex 14.1841 2.92485 0
      vertex 14.5183 3.80118 0
    endloop
  endfacet
  facet normal -0 0 -1
    outer loop
      vertex 14.5286 3.64468 0
      vertex 14.1841 2.92485 0
      vertex 14.5196 3.72268 0
    endloop
  endfacet
  facet normal -0 0 -1
    outer loop
      vertex 14.5452 3.56795 0
      vertex 14.1841 2.92485 0
      vertex 14.5286 3.64468 0
    endloop
  endfacet
  facet normal -0 0 -1
    outer loop
      vertex 14.5692 3.4932 0
      vertex 14.1841 2.92485 0
      vertex 14.5452 3.56795 0
    endloop
  endfacet
  facet normal 0 0 -1
    outer loop
      vertex 14.1841 2.92485 0
      vertex 14.5692 3.4932 0
      vertex 14.5826 3.46222 0
    endloop
  endfacet
  facet normal 0 0 -1
    outer loop
      vertex 15.9615 7.21586 0
      vertex 15.9425 7.38159 0
      vertex 15.9687 7.36218 0
    endloop
  endfacet
  facet normal 0 0 -1
    outer loop
      vertex 15.9615 7.21586 0
      vertex 15.8843 7.43431 0
      vertex 15.9425 7.38159 0
    endloop
  endfacet
  facet normal 0 0 -1
    outer loop
      vertex 15.8316 7.49249 0
      vertex 15.9615 7.21586 0
      vertex 15.8463 6.43928 0
    endloop
  endfacet
  facet normal 0 0 -1
    outer loop
      vertex 15.9615 7.21586 0
      vertex 15.8316 7.49249 0
      vertex 15.8843 7.43431 0
    endloop
  endfacet
  facet normal 0 0 -1
    outer loop
      vertex 15.8463 6.43928 0
      vertex 15.7848 7.55554 0
      vertex 15.8316 7.49249 0
    endloop
  endfacet
  facet normal 0 0 -1
    outer loop
      vertex 15.8463 6.43928 0
      vertex 15.7445 7.62288 0
      vertex 15.7848 7.55554 0
    endloop
  endfacet
  facet normal 0 0 -1
    outer loop
      vertex 15.8463 6.43928 0
      vertex 15.7109 7.69385 0
      vertex 15.7445 7.62288 0
    endloop
  endfacet
  facet normal 0 0 -1
    outer loop
      vertex 15.8463 6.43928 0
      vertex 15.6844 7.76777 0
      vertex 15.7109 7.69385 0
    endloop
  endfacet
  facet normal 0 0 -1
    outer loop
      vertex 15.6555 5.67772 0
      vertex 15.6844 7.76777 0
      vertex 15.8463 6.43928 0
    endloop
  endfacet
  facet normal 0 0 -1
    outer loop
      vertex 14.771 4.35889 0
      vertex 15.6844 7.76777 0
      vertex 15.6555 5.67772 0
    endloop
  endfacet
  facet normal 0 0 -1
    outer loop
      vertex 8.7 8 0
      vertex 15.6844 7.76777 0
      vertex 14.771 4.35889 0
    endloop
  endfacet
  facet normal 0 0 -1
    outer loop
      vertex 8.7 8 0
      vertex 14.771 4.35889 0
      vertex 14.7164 4.30248 0
    endloop
  endfacet
  facet normal 0 0 -1
    outer loop
      vertex 14.8955 4.45436 0
      vertex 15.6555 5.67772 0
      vertex 15.391 4.93853 0
    endloop
  endfacet
  facet normal 0 0 -1
    outer loop
      vertex 15.9425 8.61841 0
      vertex 15.9615 8.78414 0
      vertex 15.9687 8.63783 0
    endloop
  endfacet
  facet normal 0 0 -1
    outer loop
      vertex 15.8843 8.56569 0
      vertex 15.9615 8.78414 0
      vertex 15.9425 8.61841 0
    endloop
  endfacet
  facet normal 0 0 -1
    outer loop
      vertex 15.8316 8.50751 0
      vertex 15.9615 8.78414 0
      vertex 15.8843 8.56569 0
    endloop
  endfacet
  facet normal -0 0 -1
    outer loop
      vertex 15.9615 8.78414 0
      vertex 15.8316 8.50751 0
      vertex 15.8463 9.56072 0
    endloop
  endfacet
  facet normal 0 0 -1
    outer loop
      vertex 15.7848 8.44446 0
      vertex 15.8463 9.56072 0
      vertex 15.8316 8.50751 0
    endloop
  endfacet
  facet normal 0 0 -1
    outer loop
      vertex 15.7445 8.37712 0
      vertex 15.8463 9.56072 0
      vertex 15.7848 8.44446 0
    endloop
  endfacet
  facet normal 0 0 -1
    outer loop
      vertex 15.7109 8.30615 0
      vertex 15.8463 9.56072 0
      vertex 15.7445 8.37712 0
    endloop
  endfacet
  facet normal 0 0 -1
    outer loop
      vertex 15.6844 8.23223 0
      vertex 15.8463 9.56072 0
      vertex 15.7109 8.30615 0
    endloop
  endfacet
  facet normal 0 0 -1
    outer loop
      vertex 8.7 8 0
      vertex 15.6844 8.23223 0
      vertex 15.6654 8.15607 0
    endloop
  endfacet
  facet normal 0 0 -1
    outer loop
      vertex 15.6844 8.23223 0
      vertex 15.6555 10.3223 0
      vertex 15.8463 9.56072 0
    endloop
  endfacet
  facet normal 0 0 -1
    outer loop
      vertex 8.7 8 0
      vertex 15.6654 8.15607 0
      vertex 15.6539 8.07841 0
    endloop
  endfacet
  facet normal 0 0 -1
    outer loop
      vertex 8.7 8 0
      vertex 15.6539 8.07841 0
      vertex 15.65 8 0
    endloop
  endfacet
  facet normal 0 0 -1
    outer loop
      vertex 14.771 4.35889 0
      vertex 15.6555 5.67772 0
      vertex 14.8309 4.40968 0
    endloop
  endfacet
  facet normal 0 0 -1
    outer loop
      vertex 15.6844 7.76777 0
      vertex 8.7 8 0
      vertex 15.6654 7.84393 0
    endloop
  endfacet
  facet normal 0 0 -1
    outer loop
      vertex 15.1876 4.56431 0
      vertex 15.391 4.93853 0
      vertex 15.2156 4.56753 0
    endloop
  endfacet
  facet normal 0 0 -1
    outer loop
      vertex 15.1109 4.54774 0
      vertex 15.391 4.93853 0
      vertex 15.1876 4.56431 0
    endloop
  endfacet
  facet normal 0 0 -1
    outer loop
      vertex 15.0361 4.52373 0
      vertex 15.391 4.93853 0
      vertex 15.1109 4.54774 0
    endloop
  endfacet
  facet normal 0 0 -1
    outer loop
      vertex 15.391 11.0615 0
      vertex 15.1876 11.4357 0
      vertex 15.2156 11.4325 0
    endloop
  endfacet
  facet normal 0 0 -1
    outer loop
      vertex 14.9641 4.4925 0
      vertex 15.391 4.93853 0
      vertex 15.0361 4.52373 0
    endloop
  endfacet
  facet normal 0 0 -1
    outer loop
      vertex 15.391 11.0615 0
      vertex 15.1109 11.4523 0
      vertex 15.1876 11.4357 0
    endloop
  endfacet
  facet normal 0 0 -1
    outer loop
      vertex 14.8955 4.45436 0
      vertex 15.391 4.93853 0
      vertex 14.9641 4.4925 0
    endloop
  endfacet
  facet normal 0 0 -1
    outer loop
      vertex 15.391 11.0615 0
      vertex 15.0361 11.4763 0
      vertex 15.1109 11.4523 0
    endloop
  endfacet
  facet normal 0 0 -1
    outer loop
      vertex 15.6555 5.67772 0
      vertex 14.8955 4.45436 0
      vertex 14.8309 4.40968 0
    endloop
  endfacet
  facet normal 0 0 -1
    outer loop
      vertex 15.391 11.0615 0
      vertex 14.9641 11.5075 0
      vertex 15.0361 11.4763 0
    endloop
  endfacet
  facet normal 0 0 -1
    outer loop
      vertex 8.7 8 0
      vertex 14.7164 4.30248 0
      vertex 14.6676 4.24098 0
    endloop
  endfacet
  facet normal 0 0 -1
    outer loop
      vertex 15.391 11.0615 0
      vertex 14.8955 11.5456 0
      vertex 14.9641 11.5075 0
    endloop
  endfacet
  facet normal -0 -0 -1
    outer loop
      vertex 14.8955 11.5456 0
      vertex 15.6555 10.3223 0
      vertex 14.8309 11.5903 0
    endloop
  endfacet
  facet normal 0 0 -1
    outer loop
      vertex 15.6555 10.3223 0
      vertex 14.8955 11.5456 0
      vertex 15.391 11.0615 0
    endloop
  endfacet
  facet normal 0 0 -1
    outer loop
      vertex 15.6654 7.84393 0
      vertex 8.7 8 0
      vertex 15.6539 7.92159 0
    endloop
  endfacet
  facet normal 0 0 -1
    outer loop
      vertex 15.6555 10.3223 0
      vertex 14.771 11.6411 0
      vertex 14.8309 11.5903 0
    endloop
  endfacet
  facet normal -0 0 -1
    outer loop
      vertex 15.6844 8.23223 0
      vertex 8.7 8 0
      vertex 14.771 11.6411 0
    endloop
  endfacet
  facet normal 0 0 -1
    outer loop
      vertex 15.6844 8.23223 0
      vertex 14.771 11.6411 0
      vertex 15.6555 10.3223 0
    endloop
  endfacet
  facet normal 0 0 -1
    outer loop
      vertex 8.7 8 0
      vertex 14.6676 4.24098 0
      vertex 14.6251 4.175 0
    endloop
  endfacet
  facet normal -0 0 -1
    outer loop
      vertex 14.771 11.6411 0
      vertex 8.7 8 0
      vertex 14.7164 11.6975 0
    endloop
  endfacet
  facet normal 0 0 -1
    outer loop
      vertex 15.6539 7.92159 0
      vertex 8.7 8 0
      vertex 15.65 8 0
    endloop
  endfacet
  facet normal -0 0 -1
    outer loop
      vertex 14.7164 11.6975 0
      vertex 8.7 8 0
      vertex 14.6676 11.759 0
    endloop
  endfacet
  facet normal 0 0 -1
    outer loop
      vertex 8.7 8 0
      vertex 14.6251 4.175 0
      vertex 14.5892 4.10517 0
    endloop
  endfacet
  facet normal -0 0 -1
    outer loop
      vertex 14.6676 11.759 0
      vertex 8.7 8 0
      vertex 14.6251 11.825 0
    endloop
  endfacet
  facet normal 0 0 -1
    outer loop
      vertex 8.7 8 0
      vertex 14.5892 4.10517 0
      vertex 14.5604 4.03215 0
    endloop
  endfacet
  facet normal -0 0 -1
    outer loop
      vertex 14.6251 11.825 0
      vertex 8.7 8 0
      vertex 14.5892 11.8948 0
    endloop
  endfacet
  facet normal 0 0 -1
    outer loop
      vertex 8.7 8 0
      vertex 14.5388 3.95666 0
      vertex 14.1841 2.92485 0
    endloop
  endfacet
  facet normal 0 0 -1
    outer loop
      vertex 14.5388 3.95666 0
      vertex 8.7 8 0
      vertex 14.5604 4.03215 0
    endloop
  endfacet
  facet normal 0 0 -1
    outer loop
      vertex 14.1841 2.92485 0
      vertex 14.5388 3.95666 0
      vertex 14.5248 3.87942 0
    endloop
  endfacet
  facet normal -0 0 -1
    outer loop
      vertex 14.5892 11.8948 0
      vertex 8.7 8 0
      vertex 14.5604 11.9678 0
    endloop
  endfacet
  facet normal 0 0 -1
    outer loop
      vertex 14.1841 2.92485 0
      vertex 14.5248 3.87942 0
      vertex 14.5183 3.80118 0
    endloop
  endfacet
  facet normal -0 0 -1
    outer loop
      vertex 14.5604 11.9678 0
      vertex 8.7 8 0
      vertex 14.5388 12.0433 0
    endloop
  endfacet
  facet normal -0 -0 -1
    outer loop
      vertex 13.6569 13.6569 0
      vertex 14.5388 12.0433 0
      vertex 12.0433 14.5388 0
    endloop
  endfacet
  facet normal 0 0 -1
    outer loop
      vertex 14.5692 12.5068 0
      vertex 14.1841 13.0751 0
      vertex 14.5826 12.5378 0
    endloop
  endfacet
  facet normal 0 0 -1
    outer loop
      vertex 14.5452 12.4321 0
      vertex 14.1841 13.0751 0
      vertex 14.5692 12.5068 0
    endloop
  endfacet
  facet normal 0 0 -1
    outer loop
      vertex 14.5286 12.3553 0
      vertex 14.1841 13.0751 0
      vertex 14.5452 12.4321 0
    endloop
  endfacet
  facet normal 0 0 -1
    outer loop
      vertex 14.5196 12.2773 0
      vertex 14.1841 13.0751 0
      vertex 14.5286 12.3553 0
    endloop
  endfacet
  facet normal 0 0 -1
    outer loop
      vertex 14.5388 12.0433 0
      vertex 13.6569 13.6569 0
      vertex 14.5248 12.1206 0
    endloop
  endfacet
  facet normal 0 0 -1
    outer loop
      vertex 8.7 8 0
      vertex 14.1841 2.92485 0
      vertex 13.6569 2.34315 0
    endloop
  endfacet
  facet normal -0 -0 -1
    outer loop
      vertex 14.1841 13.0751 0
      vertex 14.5248 12.1206 0
      vertex 13.6569 13.6569 0
    endloop
  endfacet
  facet normal 0 0 -1
    outer loop
      vertex 12.1206 1.47524 0
      vertex 13.6569 2.34315 0
      vertex 13.0751 1.81592 0
    endloop
  endfacet
  facet normal 0 0 -1
    outer loop
      vertex 14.5183 12.1988 0
      vertex 14.1841 13.0751 0
      vertex 14.5196 12.2773 0
    endloop
  endfacet
  facet normal 0 0 -1
    outer loop
      vertex 12.5068 1.43081 0
      vertex 13.0751 1.81592 0
      vertex 12.5378 1.41738 0
    endloop
  endfacet
  facet normal 0 0 -1
    outer loop
      vertex 14.5248 12.1206 0
      vertex 14.1841 13.0751 0
      vertex 14.5183 12.1988 0
    endloop
  endfacet
  facet normal 0 0 -1
    outer loop
      vertex 12.4321 1.45483 0
      vertex 13.0751 1.81592 0
      vertex 12.5068 1.43081 0
    endloop
  endfacet
  facet normal -0 -0 -1
    outer loop
      vertex 12.1206 14.5248 0
      vertex 13.6569 13.6569 0
      vertex 12.0433 14.5388 0
    endloop
  endfacet
  facet normal 0 0 -1
    outer loop
      vertex 12.3553 1.4714 0
      vertex 13.0751 1.81592 0
      vertex 12.4321 1.45483 0
    endloop
  endfacet
  facet normal 0 0 -1
    outer loop
      vertex 13.0751 14.1841 0
      vertex 12.5068 14.5692 0
      vertex 12.5378 14.5826 0
    endloop
  endfacet
  facet normal 0 0 -1
    outer loop
      vertex 12.2773 1.48037 0
      vertex 13.0751 1.81592 0
      vertex 12.3553 1.4714 0
    endloop
  endfacet
  facet normal 0 0 -1
    outer loop
      vertex 13.0751 14.1841 0
      vertex 12.4321 14.5452 0
      vertex 12.5068 14.5692 0
    endloop
  endfacet
  facet normal 0 0 -1
    outer loop
      vertex 12.1988 1.48166 0
      vertex 13.0751 1.81592 0
      vertex 12.2773 1.48037 0
    endloop
  endfacet
  facet normal 0 0 -1
    outer loop
      vertex 13.0751 14.1841 0
      vertex 12.3553 14.5286 0
      vertex 12.4321 14.5452 0
    endloop
  endfacet
  facet normal 0 0 -1
    outer loop
      vertex 12.1206 1.47524 0
      vertex 13.0751 1.81592 0
      vertex 12.1988 1.48166 0
    endloop
  endfacet
  facet normal 0 0 -1
    outer loop
      vertex 13.0751 14.1841 0
      vertex 12.2773 14.5196 0
      vertex 12.3553 14.5286 0
    endloop
  endfacet
  facet normal 0 0 -1
    outer loop
      vertex 13.6569 2.34315 0
      vertex 12.1206 1.47524 0
      vertex 12.0433 1.46119 0
    endloop
  endfacet
  facet normal 0 0 -1
    outer loop
      vertex 13.0751 14.1841 0
      vertex 12.1988 14.5183 0
      vertex 12.2773 14.5196 0
    endloop
  endfacet
  facet normal -0 0 -1
    outer loop
      vertex 13.6569 2.34315 0
      vertex 12.0433 1.46119 0
      vertex 8.7 8 0
    endloop
  endfacet
  facet normal 0 0 -1
    outer loop
      vertex 13.0751 14.1841 0
      vertex 12.1206 14.5248 0
      vertex 12.1988 14.5183 0
    endloop
  endfacet
  facet normal 0 0 -1
    outer loop
      vertex 8.7 8 0
      vertex 12.0433 1.46119 0
      vertex 11.9678 1.43963 0
    endloop
  endfacet
  facet normal 0 0 -1
    outer loop
      vertex 13.6569 13.6569 0
      vertex 12.1206 14.5248 0
      vertex 13.0751 14.1841 0
    endloop
  endfacet
  facet normal 0 0 -1
    outer loop
      vertex 8.7 8 0
      vertex 11.9678 1.43963 0
      vertex 11.8948 1.41078 0
    endloop
  endfacet
  facet normal -0 0 -1
    outer loop
      vertex 12.0433 14.5388 0
      vertex 8.7 8 0
      vertex 11.9678 14.5604 0
    endloop
  endfacet
  facet normal 0 0 -1
    outer loop
      vertex 8.7 8 0
      vertex 11.8948 1.41078 0
      vertex 11.825 1.37491 0
    endloop
  endfacet
  facet normal -0 0 -1
    outer loop
      vertex 11.9678 14.5604 0
      vertex 8.7 8 0
      vertex 11.8948 14.5892 0
    endloop
  endfacet
  facet normal 0 0 -1
    outer loop
      vertex 8.7 8 0
      vertex 11.825 1.37491 0
      vertex 11.759 1.33236 0
    endloop
  endfacet
  facet normal 0 0 -1
    outer loop
      vertex 8.7 14.5 0
      vertex 11.8948 14.5892 0
      vertex 8.7 8 0
    endloop
  endfacet
  facet normal 0 0 -1
    outer loop
      vertex 8.7 8 0
      vertex 11.759 1.33236 0
      vertex 11.6975 1.28356 0
    endloop
  endfacet
  facet normal -0 0 -1
    outer loop
      vertex 11.8948 14.5892 0
      vertex 8.7 14.5 0
      vertex 11.825 14.6251 0
    endloop
  endfacet
  facet normal 0 0 -1
    outer loop
      vertex 8.15607 0.334629 0
      vertex 11.6975 1.28356 0
      vertex 11.6411 1.22896 0
    endloop
  endfacet
  facet normal -0 0 -1
    outer loop
      vertex 11.825 14.6251 0
      vertex 8.7 14.5 0
      vertex 11.759 14.6676 0
    endloop
  endfacet
  facet normal 0 0 -1
    outer loop
      vertex 10.3223 0.344478 0
      vertex 11.6411 1.22896 0
      vertex 11.5903 1.1691 0
    endloop
  endfacet
  facet normal -0 0 -1
    outer loop
      vertex 11.759 14.6676 0
      vertex 8.7 14.5 0
      vertex 11.6975 14.7164 0
    endloop
  endfacet
  facet normal 0 0 -1
    outer loop
      vertex 10.3223 0.344478 0
      vertex 11.5903 1.1691 0
      vertex 11.5456 1.10454 0
    endloop
  endfacet
  facet normal -0 0 -1
    outer loop
      vertex 11.6975 14.7164 0
      vertex 8.7 14.5 0
      vertex 11.6411 14.771 0
    endloop
  endfacet
  facet normal 0 0 -1
    outer loop
      vertex 11.0615 0.608964 0
      vertex 11.5456 1.10454 0
      vertex 11.5075 1.03592 0
    endloop
  endfacet
  facet normal -0 0 -1
    outer loop
      vertex 11.6411 14.771 0
      vertex 8.7 14.5 0
      vertex 11.5903 14.8309 0
    endloop
  endfacet
  facet normal 0 0 -1
    outer loop
      vertex 11.0615 0.608964 0
      vertex 11.5075 1.03592 0
      vertex 11.4763 0.963886 0
    endloop
  endfacet
  facet normal -0 0 -1
    outer loop
      vertex 11.5903 14.8309 0
      vertex 8.7 14.5 0
      vertex 11.5456 14.8955 0
    endloop
  endfacet
  facet normal 0 0 -1
    outer loop
      vertex 11.0615 0.608964 0
      vertex 11.4763 0.963886 0
      vertex 11.4523 0.889141 0
    endloop
  endfacet
  facet normal 0 -0 -1
    outer loop
      vertex 11.0615 15.391 0
      vertex 11.5456 14.8955 0
      vertex 8.7 14.5 0
    endloop
  endfacet
  facet normal 0 0 -1
    outer loop
      vertex 11.0615 0.608964 0
      vertex 11.4523 0.889141 0
      vertex 11.4357 0.812402 0
    endloop
  endfacet
  facet normal 0 0 -1
    outer loop
      vertex 11.5456 14.8955 0
      vertex 11.0615 15.391 0
      vertex 11.5075 14.9641 0
    endloop
  endfacet
  facet normal 0 0 -1
    outer loop
      vertex 11.0615 0.608964 0
      vertex 11.4357 0.812402 0
      vertex 11.4325 0.784434 0
    endloop
  endfacet
  facet normal 0 0 -1
    outer loop
      vertex 11.5075 14.9641 0
      vertex 11.0615 15.391 0
      vertex 11.4763 15.0361 0
    endloop
  endfacet
  facet normal 0 0 -1
    outer loop
      vertex 11.5456 1.10454 0
      vertex 11.0615 0.608964 0
      vertex 10.3223 0.344478 0
    endloop
  endfacet
  facet normal 0 0 -1
    outer loop
      vertex 11.4763 15.0361 0
      vertex 11.0615 15.391 0
      vertex 11.4523 15.1109 0
    endloop
  endfacet
  facet normal 0 0 -1
    outer loop
      vertex 11.6411 1.22896 0
      vertex 10.3223 0.344478 0
      vertex 8.23223 0.315553 0
    endloop
  endfacet
  facet normal 0 0 -1
    outer loop
      vertex 11.4523 15.1109 0
      vertex 11.0615 15.391 0
      vertex 11.4357 15.1876 0
    endloop
  endfacet
  facet normal 0 0 -1
    outer loop
      vertex 8.23223 0.315553 0
      vertex 10.3223 0.344478 0
      vertex 9.56072 0.153718 0
    endloop
  endfacet
  facet normal 0 0 -1
    outer loop
      vertex 11.4357 15.1876 0
      vertex 11.0615 15.391 0
      vertex 11.4325 15.2156 0
    endloop
  endfacet
  facet normal 0 0 -1
    outer loop
      vertex 8.44446 0.215177 0
      vertex 9.56072 0.153718 0
      vertex 8.78414 0.0385227 0
    endloop
  endfacet
  facet normal -0 0 -1
    outer loop
      vertex 11.0615 15.391 0
      vertex 8.7 14.5 0
      vertex 10.3223 15.6555 0
    endloop
  endfacet
  facet normal -0 0 -1
    outer loop
      vertex 10.3223 15.6555 0
      vertex 8.7 14.5 0
      vertex 9.56072 15.8463 0
    endloop
  endfacet
  facet normal 0 0 -1
    outer loop
      vertex 8.61841 0.0575151 0
      vertex 8.78414 0.0385227 0
      vertex 8.63783 0.0313348 0
    endloop
  endfacet
  facet normal 0 0 -1
    outer loop
      vertex 8.56569 0.115685 0
      vertex 8.78414 0.0385227 0
      vertex 8.61841 0.0575151 0
    endloop
  endfacet
  facet normal 0 0 -1
    outer loop
      vertex 8.50751 0.168408 0
      vertex 8.78414 0.0385227 0
      vertex 8.56569 0.115685 0
    endloop
  endfacet
  facet normal 0 0 -1
    outer loop
      vertex 8.44446 0.215177 0
      vertex 8.78414 0.0385227 0
      vertex 8.50751 0.168408 0
    endloop
  endfacet
  facet normal 0 0 -1
    outer loop
      vertex 8.37712 0.255537 0
      vertex 9.56072 0.153718 0
      vertex 8.44446 0.215177 0
    endloop
  endfacet
  facet normal 0 0 -1
    outer loop
      vertex 8.30615 0.289104 0
      vertex 9.56072 0.153718 0
      vertex 8.37712 0.255537 0
    endloop
  endfacet
  facet normal 0 0 -1
    outer loop
      vertex 8.23223 0.315553 0
      vertex 9.56072 0.153718 0
      vertex 8.30615 0.289104 0
    endloop
  endfacet
  facet normal 0 0 -1
    outer loop
      vertex 11.6411 1.22896 0
      vertex 8.23223 0.315553 0
      vertex 8.15607 0.334629 0
    endloop
  endfacet
  facet normal -0 0 -1
    outer loop
      vertex 11.6975 1.28356 0
      vertex 8.15607 0.334629 0
      vertex 8.7 8 0
    endloop
  endfacet
  facet normal 0 0 -1
    outer loop
      vertex 8.07841 0.346148 0
      vertex 8.7 8 0
      vertex 8.15607 0.334629 0
    endloop
  endfacet
  facet normal 0 0 -1
    outer loop
      vertex 8 0.35 0
      vertex 8.7 8 0
      vertex 8.07841 0.346148 0
    endloop
  endfacet
  facet normal 0 0 -1
    outer loop
      vertex 7.3 8 0
      vertex 8 0.35 0
      vertex 7.92159 0.346148 0
    endloop
  endfacet
  facet normal 0 0 -1
    outer loop
      vertex 7.3 8 0
      vertex 7.92159 0.346148 0
      vertex 7.84393 0.334629 0
    endloop
  endfacet
  facet normal 0 0 -1
    outer loop
      vertex 4.30248 1.28356 0
      vertex 7.84393 0.334629 0
      vertex 7.76777 0.315553 0
    endloop
  endfacet
  facet normal 0 0 -1
    outer loop
      vertex 5.67772 0.344478 0
      vertex 7.76777 0.315553 0
      vertex 7.69385 0.289104 0
    endloop
  endfacet
  facet normal 0 0 -1
    outer loop
      vertex 6.43928 0.153718 0
      vertex 7.69385 0.289104 0
      vertex 7.62288 0.255537 0
    endloop
  endfacet
  facet normal 0 0 -1
    outer loop
      vertex 6.43928 0.153718 0
      vertex 7.62288 0.255537 0
      vertex 7.55554 0.215177 0
    endloop
  endfacet
  facet normal 0 0 -1
    outer loop
      vertex 6.43928 0.153718 0
      vertex 7.55554 0.215177 0
      vertex 7.49249 0.168408 0
    endloop
  endfacet
  facet normal 0 0 -1
    outer loop
      vertex 7.21586 0.0385227 0
      vertex 7.49249 0.168408 0
      vertex 7.43431 0.115685 0
    endloop
  endfacet
  facet normal 0 0 -1
    outer loop
      vertex 7.21586 0.0385227 0
      vertex 7.43431 0.115685 0
      vertex 7.38159 0.0575151 0
    endloop
  endfacet
  facet normal 0 0 -1
    outer loop
      vertex 7.21586 0.0385227 0
      vertex 7.38159 0.0575151 0
      vertex 7.36218 0.0313348 0
    endloop
  endfacet
  facet normal 0 0 -1
    outer loop
      vertex 8 0.35 0
      vertex 7.3 8 0
      vertex 8.7 8 0
    endloop
  endfacet
  facet normal -0 0 -1
    outer loop
      vertex 7.69385 0.289104 0
      vertex 6.43928 0.153718 0
      vertex 5.67772 0.344478 0
    endloop
  endfacet
  facet normal 0 0 -1
    outer loop
      vertex 7.49249 0.168408 0
      vertex 7.21586 0.0385227 0
      vertex 6.43928 0.153718 0
    endloop
  endfacet
  facet normal 0 0 -1
    outer loop
      vertex 7.3 8 0
      vertex 1.43963 4.03215 0
      vertex 1.41078 4.10517 0
    endloop
  endfacet
  facet normal 0 0 -1
    outer loop
      vertex 7.3 14.5 0
      vertex 1.47524 12.1206 0
      vertex 1.48166 12.1988 0
    endloop
  endfacet
  facet normal 0 0 -1
    outer loop
      vertex 4.03215 1.43963 0
      vertex 7.3 8 0
      vertex 4.10517 1.41078 0
    endloop
  endfacet
  facet normal 0 0 -1
    outer loop
      vertex 7.3 14.5 0
      vertex 1.46119 12.0433 0
      vertex 1.47524 12.1206 0
    endloop
  endfacet
  facet normal 0 0 -1
    outer loop
      vertex 7.3 8 0
      vertex 1.41078 4.10517 0
      vertex 1.37491 4.175 0
    endloop
  endfacet
  facet normal 0 0 -1
    outer loop
      vertex 7.3 8 0
      vertex 1.46119 12.0433 0
      vertex 7.3 14.5 0
    endloop
  endfacet
  facet normal 0 0 -1
    outer loop
      vertex 1.33236 4.24098 0
      vertex 7.3 8 0
      vertex 1.37491 4.175 0
    endloop
  endfacet
  facet normal 0 -0 -1
    outer loop
      vertex 1.46119 12.0433 0
      vertex 7.3 8 0
      vertex 1.43963 11.9678 0
    endloop
  endfacet
  facet normal 0 0 -1
    outer loop
      vertex 0.346148 8.07841 0
      vertex 7.3 8 0
      vertex 0.35 8 0
    endloop
  endfacet
  facet normal 0 -0 -1
    outer loop
      vertex 1.43963 11.9678 0
      vertex 7.3 8 0
      vertex 1.41078 11.8948 0
    endloop
  endfacet
  facet normal 0 0 -1
    outer loop
      vertex 1.28356 4.30248 0
      vertex 7.3 8 0
      vertex 1.33236 4.24098 0
    endloop
  endfacet
  facet normal 0 0 -1
    outer loop
      vertex 0.334629 8.15607 0
      vertex 7.3 8 0
      vertex 0.346148 8.07841 0
    endloop
  endfacet
  facet normal 0 0 -1
    outer loop
      vertex 1.22896 4.35889 0
      vertex 7.3 8 0
      vertex 1.28356 4.30248 0
    endloop
  endfacet
  facet normal 0 -0 -1
    outer loop
      vertex 1.41078 11.8948 0
      vertex 7.3 8 0
      vertex 1.37491 11.825 0
    endloop
  endfacet
  facet normal 0 0 -1
    outer loop
      vertex 0.315553 7.76777 0
      vertex 7.3 8 0
      vertex 1.22896 4.35889 0
    endloop
  endfacet
  facet normal 0 -0 -1
    outer loop
      vertex 1.37491 11.825 0
      vertex 7.3 8 0
      vertex 1.33236 11.759 0
    endloop
  endfacet
  facet normal 0 0 -1
    outer loop
      vertex 0.344478 5.67772 0
      vertex 1.22896 4.35889 0
      vertex 1.1691 4.40968 0
    endloop
  endfacet
  facet normal 0 0 -1
    outer loop
      vertex 7.3 8 0
      vertex 1.28356 11.6975 0
      vertex 1.33236 11.759 0
    endloop
  endfacet
  facet normal 0 0 -1
    outer loop
      vertex 0.344478 5.67772 0
      vertex 1.1691 4.40968 0
      vertex 1.10454 4.45436 0
    endloop
  endfacet
  facet normal 0 0 -1
    outer loop
      vertex 0.315553 8.23223 0
      vertex 7.3 8 0
      vertex 0.334629 8.15607 0
    endloop
  endfacet
  facet normal 0 0 -1
    outer loop
      vertex 0.608964 4.93853 0
      vertex 1.10454 4.45436 0
      vertex 1.03592 4.4925 0
    endloop
  endfacet
  facet normal 0 0 -1
    outer loop
      vertex 7.3 8 0
      vertex 1.22896 11.6411 0
      vertex 1.28356 11.6975 0
    endloop
  endfacet
  facet normal 0 0 -1
    outer loop
      vertex 0.608964 4.93853 0
      vertex 1.03592 4.4925 0
      vertex 0.963886 4.52373 0
    endloop
  endfacet
  facet normal 0 0 -1
    outer loop
      vertex 7.3 8 0
      vertex 0.315553 8.23223 0
      vertex 1.22896 11.6411 0
    endloop
  endfacet
  facet normal 0 0 -1
    outer loop
      vertex 0.608964 4.93853 0
      vertex 0.963886 4.52373 0
      vertex 0.889141 4.54774 0
    endloop
  endfacet
  facet normal 0 -0 -1
    outer loop
      vertex 0.344478 10.3223 0
      vertex 1.22896 11.6411 0
      vertex 0.315553 8.23223 0
    endloop
  endfacet
  facet normal 0 0 -1
    outer loop
      vertex 0.608964 4.93853 0
      vertex 0.889141 4.54774 0
      vertex 0.812402 4.56431 0
    endloop
  endfacet
  facet normal 0 0 -1
    outer loop
      vertex 1.22896 11.6411 0
      vertex 0.344478 10.3223 0
      vertex 1.1691 11.5903 0
    endloop
  endfacet
  facet normal 0 0 -1
    outer loop
      vertex 0.608964 4.93853 0
      vertex 0.812402 4.56431 0
      vertex 0.784434 4.56753 0
    endloop
  endfacet
  facet normal 0 0 -1
    outer loop
      vertex 1.1691 11.5903 0
      vertex 0.344478 10.3223 0
      vertex 1.10454 11.5456 0
    endloop
  endfacet
  facet normal 0 0 -1
    outer loop
      vertex 1.10454 4.45436 0
      vertex 0.608964 4.93853 0
      vertex 0.344478 5.67772 0
    endloop
  endfacet
  facet normal 0 -0 -1
    outer loop
      vertex 0.608964 11.0615 0
      vertex 1.10454 11.5456 0
      vertex 0.344478 10.3223 0
    endloop
  endfacet
  facet normal 0 0 -1
    outer loop
      vertex 1.10454 11.5456 0
      vertex 0.608964 11.0615 0
      vertex 1.03592 11.5075 0
    endloop
  endfacet
  facet normal -0 0 -1
    outer loop
      vertex 7.3 8 0
      vertex 0.346148 7.92159 0
      vertex 0.35 8 0
    endloop
  endfacet
  facet normal 0 0 -1
    outer loop
      vertex 1.22896 4.35889 0
      vertex 0.344478 5.67772 0
      vertex 0.315553 7.76777 0
    endloop
  endfacet
  facet normal 0 0 -1
    outer loop
      vertex 7.3 8 0
      vertex 0.334629 7.84393 0
      vertex 0.346148 7.92159 0
    endloop
  endfacet
  facet normal 0 0 -1
    outer loop
      vertex 7.3 8 0
      vertex 0.315553 7.76777 0
      vertex 0.334629 7.84393 0
    endloop
  endfacet
  facet normal 0 0 -1
    outer loop
      vertex 0.344478 5.67772 0
      vertex 0.289104 7.69385 0
      vertex 0.315553 7.76777 0
    endloop
  endfacet
  facet normal 0 0 -1
    outer loop
      vertex 0.153718 6.43928 0
      vertex 0.289104 7.69385 0
      vertex 0.344478 5.67772 0
    endloop
  endfacet
  facet normal 0 0 -1
    outer loop
      vertex 0.289104 7.69385 0
      vertex 0.153718 6.43928 0
      vertex 0.255537 7.62288 0
    endloop
  endfacet
  facet normal 0 0 -1
    outer loop
      vertex 0.255537 7.62288 0
      vertex 0.153718 6.43928 0
      vertex 0.215177 7.55554 0
    endloop
  endfacet
  facet normal 0 0 -1
    outer loop
      vertex 0.215177 7.55554 0
      vertex 0.153718 6.43928 0
      vertex 0.168408 7.49249 0
    endloop
  endfacet
  facet normal 0 0 -1
    outer loop
      vertex 0.0385227 7.21586 0
      vertex 0.168408 7.49249 0
      vertex 0.153718 6.43928 0
    endloop
  endfacet
  facet normal 0 0 -1
    outer loop
      vertex 0.168408 7.49249 0
      vertex 0.0385227 7.21586 0
      vertex 0.115685 7.43431 0
    endloop
  endfacet
  facet normal 0 0 -1
    outer loop
      vertex 0.115685 7.43431 0
      vertex 0.0385227 7.21586 0
      vertex 0.0575151 7.38159 0
    endloop
  endfacet
  facet normal 0 0 -1
    outer loop
      vertex 0.0575151 7.38159 0
      vertex 0.0385227 7.21586 0
      vertex 0.0313348 7.36218 0
    endloop
  endfacet
  facet normal 0 0 -1
    outer loop
      vertex 2.34315 13.6569 0
      vertex 1.48166 12.1988 0
      vertex 1.81592 13.0751 0
    endloop
  endfacet
  facet normal 0 0 -1
    outer loop
      vertex 1.48037 12.2773 0
      vertex 1.81592 13.0751 0
      vertex 1.48166 12.1988 0
    endloop
  endfacet
  facet normal 0 0 -1
    outer loop
      vertex 1.4714 12.3553 0
      vertex 1.81592 13.0751 0
      vertex 1.48037 12.2773 0
    endloop
  endfacet
  facet normal 0 0 -1
    outer loop
      vertex 1.45483 12.4321 0
      vertex 1.81592 13.0751 0
      vertex 1.4714 12.3553 0
    endloop
  endfacet
  facet normal 0 0 -1
    outer loop
      vertex 1.43081 12.5068 0
      vertex 1.81592 13.0751 0
      vertex 1.45483 12.4321 0
    endloop
  endfacet
  facet normal 0 0 -1
    outer loop
      vertex 1.81592 13.0751 0
      vertex 1.43081 12.5068 0
      vertex 1.41738 12.5378 0
    endloop
  endfacet
  facet normal 0 0 -1
    outer loop
      vertex 0.963886 11.4763 0
      vertex 0.608964 11.0615 0
      vertex 0.889141 11.4523 0
    endloop
  endfacet
  facet normal 0 0 -1
    outer loop
      vertex 0.812402 11.4357 0
      vertex 0.608964 11.0615 0
      vertex 0.784434 11.4325 0
    endloop
  endfacet
  facet normal 0 0 -1
    outer loop
      vertex 0.889141 11.4523 0
      vertex 0.608964 11.0615 0
      vertex 0.812402 11.4357 0
    endloop
  endfacet
  facet normal 0 0 -1
    outer loop
      vertex 1.03592 11.5075 0
      vertex 0.608964 11.0615 0
      vertex 0.963886 11.4763 0
    endloop
  endfacet
  facet normal 0 0 -1
    outer loop
      vertex 0.289104 8.30615 0
      vertex 0.344478 10.3223 0
      vertex 0.315553 8.23223 0
    endloop
  endfacet
  facet normal 0 0 -1
    outer loop
      vertex 0.153718 9.56072 0
      vertex 0.289104 8.30615 0
      vertex 0.255537 8.37712 0
    endloop
  endfacet
  facet normal 0 0 -1
    outer loop
      vertex 0.153718 9.56072 0
      vertex 0.255537 8.37712 0
      vertex 0.215177 8.44446 0
    endloop
  endfacet
  facet normal 0 0 -1
    outer loop
      vertex 0.153718 9.56072 0
      vertex 0.215177 8.44446 0
      vertex 0.168408 8.50751 0
    endloop
  endfacet
  facet normal 0 0 -1
    outer loop
      vertex 0.289104 8.30615 0
      vertex 0.153718 9.56072 0
      vertex 0.344478 10.3223 0
    endloop
  endfacet
  facet normal 0 0 -1
    outer loop
      vertex 0.0385227 8.78414 0
      vertex 0.168408 8.50751 0
      vertex 0.115685 8.56569 0
    endloop
  endfacet
  facet normal 0 0 -1
    outer loop
      vertex 0.0385227 8.78414 0
      vertex 0.115685 8.56569 0
      vertex 0.0575151 8.61841 0
    endloop
  endfacet
  facet normal 0 0 -1
    outer loop
      vertex 0.168408 8.50751 0
      vertex 0.0385227 8.78414 0
      vertex 0.153718 9.56072 0
    endloop
  endfacet
  facet normal 0 -0 -1
    outer loop
      vertex 0.0385227 8.78414 0
      vertex 0.0575151 8.61841 0
      vertex 0.0313348 8.63783 0
    endloop
  endfacet
  facet normal -0 0 -1
    outer loop
      vertex 9.56072 15.8463 0
      vertex 8.7 14.5 0
      vertex 8.78414 15.9615 0
    endloop
  endfacet
  facet normal 0 0 -1
    outer loop
      vertex 8.50751 15.8316 0
      vertex 8.78414 15.9615 0
      vertex 8.7 14.5 0
    endloop
  endfacet
  facet normal -0 0 -1
    outer loop
      vertex 8.78414 15.9615 0
      vertex 8.61841 15.9425 0
      vertex 8.63783 15.9687 0
    endloop
  endfacet
  facet normal 0 0 -1
    outer loop
      vertex 8.78414 15.9615 0
      vertex 8.56569 15.8843 0
      vertex 8.61841 15.9425 0
    endloop
  endfacet
  facet normal 0 0 -1
    outer loop
      vertex 8.78414 15.9615 0
      vertex 8.50751 15.8316 0
      vertex 8.56569 15.8843 0
    endloop
  endfacet
  facet normal 0 0 -1
    outer loop
      vertex 8.7 14.5 0
      vertex 8.44446 15.7848 0
      vertex 8.50751 15.8316 0
    endloop
  endfacet
  facet normal 0 0 -1
    outer loop
      vertex 8.7 14.5 0
      vertex 8.37712 15.7445 0
      vertex 8.44446 15.7848 0
    endloop
  endfacet
  facet normal 0 0 -1
    outer loop
      vertex 8.7 14.5 0
      vertex 8.30615 15.7109 0
      vertex 8.37712 15.7445 0
    endloop
  endfacet
  facet normal 0 0 -1
    outer loop
      vertex 8.7 14.5 0
      vertex 8.23223 15.6844 0
      vertex 8.30615 15.7109 0
    endloop
  endfacet
  facet normal 0 0 -1
    outer loop
      vertex 8.7 14.5 0
      vertex 8.15607 15.6654 0
      vertex 8.23223 15.6844 0
    endloop
  endfacet
  facet normal 0 0 -1
    outer loop
      vertex 8.7 14.5 0
      vertex 8.07841 15.6539 0
      vertex 8.15607 15.6654 0
    endloop
  endfacet
  facet normal 0 0 -1
    outer loop
      vertex 8.7 14.5 0
      vertex 8 15.65 0
      vertex 8.07841 15.6539 0
    endloop
  endfacet
  facet normal 0 0 -1
    outer loop
      vertex 7.3 14.5 0
      vertex 8 15.65 0
      vertex 8.7 14.5 0
    endloop
  endfacet
  facet normal -0 0 -1
    outer loop
      vertex 8 15.65 0
      vertex 7.3 14.5 0
      vertex 7.92159 15.6539 0
    endloop
  endfacet
  facet normal -0 0 -1
    outer loop
      vertex 7.92159 15.6539 0
      vertex 7.3 14.5 0
      vertex 7.84393 15.6654 0
    endloop
  endfacet
  facet normal -0 0 -1
    outer loop
      vertex 7.84393 15.6654 0
      vertex 7.3 14.5 0
      vertex 7.76777 15.6844 0
    endloop
  endfacet
  facet normal -0 0 -1
    outer loop
      vertex 7.76777 15.6844 0
      vertex 7.3 14.5 0
      vertex 7.69385 15.7109 0
    endloop
  endfacet
  facet normal -0 0 -1
    outer loop
      vertex 7.69385 15.7109 0
      vertex 7.3 14.5 0
      vertex 7.62288 15.7445 0
    endloop
  endfacet
  facet normal -0 0 -1
    outer loop
      vertex 7.62288 15.7445 0
      vertex 7.3 14.5 0
      vertex 7.55554 15.7848 0
    endloop
  endfacet
  facet normal -0 0 -1
    outer loop
      vertex 7.55554 15.7848 0
      vertex 7.3 14.5 0
      vertex 7.49249 15.8316 0
    endloop
  endfacet
  facet normal 0 0 -1
    outer loop
      vertex 7.21586 15.9615 0
      vertex 7.49249 15.8316 0
      vertex 7.3 14.5 0
    endloop
  endfacet
  facet normal 0 0 -1
    outer loop
      vertex 7.49249 15.8316 0
      vertex 7.21586 15.9615 0
      vertex 7.43431 15.8843 0
    endloop
  endfacet
  facet normal 0 0 -1
    outer loop
      vertex 7.43431 15.8843 0
      vertex 7.21586 15.9615 0
      vertex 7.38159 15.9425 0
    endloop
  endfacet
  facet normal 0 0 -1
    outer loop
      vertex 7.38159 15.9425 0
      vertex 7.21586 15.9615 0
      vertex 7.36218 15.9687 0
    endloop
  endfacet
  facet normal 0 0 -1
    outer loop
      vertex 4.175 1.37491 0
      vertex 7.3 8 0
      vertex 4.24098 1.33236 0
    endloop
  endfacet
  facet normal 0 0 -1
    outer loop
      vertex 7.76777 0.315553 0
      vertex 4.35889 1.22896 0
      vertex 4.30248 1.28356 0
    endloop
  endfacet
  facet normal 0 0 -1
    outer loop
      vertex 4.10517 1.41078 0
      vertex 7.3 8 0
      vertex 4.175 1.37491 0
    endloop
  endfacet
  facet normal 0 0 -1
    outer loop
      vertex 7.76777 0.315553 0
      vertex 5.67772 0.344478 0
      vertex 4.35889 1.22896 0
    endloop
  endfacet
  facet normal 0 0 -1
    outer loop
      vertex 7.3 8 0
      vertex 4.30248 1.28356 0
      vertex 4.24098 1.33236 0
    endloop
  endfacet
  facet normal 0 0 -1
    outer loop
      vertex 4.45436 1.10454 0
      vertex 5.67772 0.344478 0
      vertex 4.93853 0.608964 0
    endloop
  endfacet
  facet normal 0 0 -1
    outer loop
      vertex 7.84393 0.334629 0
      vertex 4.30248 1.28356 0
      vertex 7.3 8 0
    endloop
  endfacet
  facet normal 0 0 -1
    outer loop
      vertex 4.56431 0.812402 0
      vertex 4.93853 0.608964 0
      vertex 4.56753 0.784434 0
    endloop
  endfacet
  facet normal 0 0 -1
    outer loop
      vertex 4.54774 0.889141 0
      vertex 4.93853 0.608964 0
      vertex 4.56431 0.812402 0
    endloop
  endfacet
  facet normal 0 0 -1
    outer loop
      vertex 4.52373 0.963886 0
      vertex 4.93853 0.608964 0
      vertex 4.54774 0.889141 0
    endloop
  endfacet
  facet normal 0 0 -1
    outer loop
      vertex 4.93853 15.391 0
      vertex 4.56431 15.1876 0
      vertex 4.56753 15.2156 0
    endloop
  endfacet
  facet normal 0 0 -1
    outer loop
      vertex 4.4925 1.03592 0
      vertex 4.93853 0.608964 0
      vertex 4.52373 0.963886 0
    endloop
  endfacet
  facet normal 0 0 -1
    outer loop
      vertex 4.93853 15.391 0
      vertex 4.54774 15.1109 0
      vertex 4.56431 15.1876 0
    endloop
  endfacet
  facet normal 0 0 -1
    outer loop
      vertex 4.45436 1.10454 0
      vertex 4.93853 0.608964 0
      vertex 4.4925 1.03592 0
    endloop
  endfacet
  facet normal 0 0 -1
    outer loop
      vertex 4.93853 15.391 0
      vertex 4.52373 15.0361 0
      vertex 4.54774 15.1109 0
    endloop
  endfacet
  facet normal 0 0 -1
    outer loop
      vertex 5.67772 0.344478 0
      vertex 4.45436 1.10454 0
      vertex 4.40968 1.1691 0
    endloop
  endfacet
  facet normal 0 0 -1
    outer loop
      vertex 4.93853 15.391 0
      vertex 4.4925 14.9641 0
      vertex 4.52373 15.0361 0
    endloop
  endfacet
  facet normal 0 0 -1
    outer loop
      vertex 5.67772 0.344478 0
      vertex 4.40968 1.1691 0
      vertex 4.35889 1.22896 0
    endloop
  endfacet
  facet normal 0 0 -1
    outer loop
      vertex 4.93853 15.391 0
      vertex 4.45436 14.8955 0
      vertex 4.4925 14.9641 0
    endloop
  endfacet
  facet normal 0 -0 -1
    outer loop
      vertex 4.30248 14.7164 0
      vertex 7.3 14.5 0
      vertex 4.24098 14.6676 0
    endloop
  endfacet
  facet normal 0 0 -1
    outer loop
      vertex 7.3 14.5 0
      vertex 4.93853 15.391 0
      vertex 5.67772 15.6555 0
    endloop
  endfacet
  facet normal 0 -0 -1
    outer loop
      vertex 4.45436 14.8955 0
      vertex 7.3 14.5 0
      vertex 4.40968 14.8309 0
    endloop
  endfacet
  facet normal 0 -0 -1
    outer loop
      vertex 4.93853 15.391 0
      vertex 7.3 14.5 0
      vertex 4.45436 14.8955 0
    endloop
  endfacet
  facet normal 0 -0 -1
    outer loop
      vertex 4.40968 14.8309 0
      vertex 7.3 14.5 0
      vertex 4.35889 14.771 0
    endloop
  endfacet
  facet normal 0 0 -1
    outer loop
      vertex 7.3 14.5 0
      vertex 5.67772 15.6555 0
      vertex 6.43928 15.8463 0
    endloop
  endfacet
  facet normal 0 -0 -1
    outer loop
      vertex 4.35889 14.771 0
      vertex 7.3 14.5 0
      vertex 4.30248 14.7164 0
    endloop
  endfacet
  facet normal 0 0 -1
    outer loop
      vertex 7.3 14.5 0
      vertex 6.43928 15.8463 0
      vertex 7.21586 15.9615 0
    endloop
  endfacet
  facet normal 0 0 -1
    outer loop
      vertex 1.43963 4.03215 0
      vertex 4.03215 1.43963 0
      vertex 1.46119 3.95666 0
    endloop
  endfacet
  facet normal 0 0 -1
    outer loop
      vertex 7.3 14.5 0
      vertex 4.175 14.6251 0
      vertex 4.24098 14.6676 0
    endloop
  endfacet
  facet normal 0 0 -1
    outer loop
      vertex 3.95666 1.46119 0
      vertex 1.46119 3.95666 0
      vertex 4.03215 1.43963 0
    endloop
  endfacet
  facet normal 0 0 -1
    outer loop
      vertex 7.3 8 0
      vertex 4.03215 1.43963 0
      vertex 1.43963 4.03215 0
    endloop
  endfacet
  facet normal 0 0 -1
    outer loop
      vertex 2.34315 2.34315 0
      vertex 1.46119 3.95666 0
      vertex 3.95666 1.46119 0
    endloop
  endfacet
  facet normal 0 0 -1
    outer loop
      vertex 7.3 14.5 0
      vertex 4.10517 14.5892 0
      vertex 4.175 14.6251 0
    endloop
  endfacet
  facet normal 0 0 -1
    outer loop
      vertex 1.46119 3.95666 0
      vertex 2.34315 2.34315 0
      vertex 1.47524 3.87942 0
    endloop
  endfacet
  facet normal 0 0 -1
    outer loop
      vertex 1.48166 12.1988 0
      vertex 4.03215 14.5604 0
      vertex 7.3 14.5 0
    endloop
  endfacet
  facet normal 0 0 -1
    outer loop
      vertex 2.34315 2.34315 0
      vertex 3.95666 1.46119 0
      vertex 3.87942 1.47524 0
    endloop
  endfacet
  facet normal 0 0 -1
    outer loop
      vertex 7.3 14.5 0
      vertex 4.03215 14.5604 0
      vertex 4.10517 14.5892 0
    endloop
  endfacet
  facet normal 0 0 -1
    outer loop
      vertex 2.92485 1.81592 0
      vertex 3.87942 1.47524 0
      vertex 3.80118 1.48166 0
    endloop
  endfacet
  facet normal 0 0 -1
    outer loop
      vertex 1.48166 12.1988 0
      vertex 3.95666 14.5388 0
      vertex 4.03215 14.5604 0
    endloop
  endfacet
  facet normal 0 0 -1
    outer loop
      vertex 2.92485 1.81592 0
      vertex 3.80118 1.48166 0
      vertex 3.72268 1.48037 0
    endloop
  endfacet
  facet normal 0 0 -1
    outer loop
      vertex 1.48166 12.1988 0
      vertex 2.34315 13.6569 0
      vertex 3.95666 14.5388 0
    endloop
  endfacet
  facet normal 0 0 -1
    outer loop
      vertex 2.92485 1.81592 0
      vertex 3.72268 1.48037 0
      vertex 3.64468 1.4714 0
    endloop
  endfacet
  facet normal 0 0 -1
    outer loop
      vertex 3.95666 14.5388 0
      vertex 2.34315 13.6569 0
      vertex 3.87942 14.5248 0
    endloop
  endfacet
  facet normal 0 0 -1
    outer loop
      vertex 2.92485 1.81592 0
      vertex 3.64468 1.4714 0
      vertex 3.56795 1.45483 0
    endloop
  endfacet
  facet normal 0 -0 -1
    outer loop
      vertex 2.92485 14.1841 0
      vertex 3.87942 14.5248 0
      vertex 2.34315 13.6569 0
    endloop
  endfacet
  facet normal 0 0 -1
    outer loop
      vertex 2.92485 1.81592 0
      vertex 3.56795 1.45483 0
      vertex 3.4932 1.43081 0
    endloop
  endfacet
  facet normal 0 0 -1
    outer loop
      vertex 3.87942 14.5248 0
      vertex 2.92485 14.1841 0
      vertex 3.80118 14.5183 0
    endloop
  endfacet
  facet normal 0 0 -1
    outer loop
      vertex 2.92485 1.81592 0
      vertex 3.4932 1.43081 0
      vertex 3.46222 1.41738 0
    endloop
  endfacet
  facet normal -0 0 -1
    outer loop
      vertex 3.80118 14.5183 0
      vertex 2.92485 14.1841 0
      vertex 3.72268 14.5196 0
    endloop
  endfacet
  facet normal 0 0 -1
    outer loop
      vertex 3.87942 1.47524 0
      vertex 2.92485 1.81592 0
      vertex 2.34315 2.34315 0
    endloop
  endfacet
  facet normal -0 0 -1
    outer loop
      vertex 3.72268 14.5196 0
      vertex 2.92485 14.1841 0
      vertex 3.64468 14.5286 0
    endloop
  endfacet
  facet normal 0 0 -1
    outer loop
      vertex 1.81592 2.92485 0
      vertex 1.47524 3.87942 0
      vertex 2.34315 2.34315 0
    endloop
  endfacet
  facet normal -0 0 -1
    outer loop
      vertex 3.4932 14.5692 0
      vertex 2.92485 14.1841 0
      vertex 3.46222 14.5826 0
    endloop
  endfacet
  facet normal 0 0 -1
    outer loop
      vertex 1.47524 3.87942 0
      vertex 1.81592 2.92485 0
      vertex 1.48166 3.80118 0
    endloop
  endfacet
  facet normal -0 0 -1
    outer loop
      vertex 3.56795 14.5452 0
      vertex 2.92485 14.1841 0
      vertex 3.4932 14.5692 0
    endloop
  endfacet
  facet normal -0 0 -1
    outer loop
      vertex 3.64468 14.5286 0
      vertex 2.92485 14.1841 0
      vertex 3.56795 14.5452 0
    endloop
  endfacet
  facet normal 0 0 -1
    outer loop
      vertex 1.81592 2.92485 0
      vertex 1.48037 3.72268 0
      vertex 1.48166 3.80118 0
    endloop
  endfacet
  facet normal 0 0 -1
    outer loop
      vertex 1.81592 2.92485 0
      vertex 1.4714 3.64468 0
      vertex 1.48037 3.72268 0
    endloop
  endfacet
  facet normal 0 0 -1
    outer loop
      vertex 1.81592 2.92485 0
      vertex 1.45483 3.56795 0
      vertex 1.4714 3.64468 0
    endloop
  endfacet
  facet normal 0 0 -1
    outer loop
      vertex 1.81592 2.92485 0
      vertex 1.43081 3.4932 0
      vertex 1.45483 3.56795 0
    endloop
  endfacet
  facet normal 0 -0 -1
    outer loop
      vertex 1.43081 3.4932 0
      vertex 1.81592 2.92485 0
      vertex 1.41738 3.46222 0
    endloop
  endfacet
  facet normal -0.970033 0.242973 1.38787e-18
    outer loop
      vertex 0.153718 9.56072 0
      vertex 0.344478 10.3223 5
      vertex 0.344478 10.3223 0
    endloop
  endfacet
  facet normal -0.970033 0.242973 1.38787e-18
    outer loop
      vertex 0.344478 10.3223 5
      vertex 0.153718 9.56072 0
      vertex 0.153718 9.56072 5
    endloop
  endfacet
  facet normal -0.803171 0.595749 -9.319e-19
    outer loop
      vertex 1.41738 12.5378 0
      vertex 1.81592 13.0751 5
      vertex 1.81592 13.0751 0
    endloop
  endfacet
  facet normal -0.803171 0.595749 -9.319e-19
    outer loop
      vertex 1.81592 13.0751 5
      vertex 1.41738 12.5378 0
      vertex 1.41738 12.5378 5
    endloop
  endfacet
  facet normal -0.903989 0.427555 -1.66433e-18
    outer loop
      vertex 0.608964 11.0615 0
      vertex 0.784434 11.4325 5
      vertex 0.784434 11.4325 0
    endloop
  endfacet
  facet normal -0.903989 0.427555 -1.66433e-18
    outer loop
      vertex 0.784434 11.4325 5
      vertex 0.608964 11.0615 0
      vertex 0.608964 11.0615 5
    endloop
  endfacet
  facet normal -0.243027 0.970019 0
    outer loop
      vertex 6.43928 15.8463 0
      vertex 5.67772 15.6555 5
      vertex 6.43928 15.8463 5
    endloop
  endfacet
  facet normal -0.243027 0.970019 0
    outer loop
      vertex 5.67772 15.6555 5
      vertex 6.43928 15.8463 0
      vertex 5.67772 15.6555 0
    endloop
  endfacet
  facet normal -0.336905 0.941539 0
    outer loop
      vertex 5.67772 15.6555 0
      vertex 4.93853 15.391 5
      vertex 5.67772 15.6555 5
    endloop
  endfacet
  facet normal -0.336905 0.941539 0
    outer loop
      vertex 4.93853 15.391 5
      vertex 5.67772 15.6555 0
      vertex 4.93853 15.391 0
    endloop
  endfacet
  facet normal -0.146737 0.989176 0
    outer loop
      vertex 7.21586 15.9615 0
      vertex 6.43928 15.8463 5
      vertex 7.21586 15.9615 5
    endloop
  endfacet
  facet normal -0.146737 0.989176 0
    outer loop
      vertex 6.43928 15.8463 5
      vertex 7.21586 15.9615 0
      vertex 6.43928 15.8463 0
    endloop
  endfacet
  facet normal -0.671543 0.740965 0
    outer loop
      vertex 2.92485 14.1841 0
      vertex 2.34315 13.6569 5
      vertex 2.92485 14.1841 5
    endloop
  endfacet
  facet normal -0.671543 0.740965 0
    outer loop
      vertex 2.34315 13.6569 5
      vertex 2.92485 14.1841 0
      vertex 2.34315 13.6569 0
    endloop
  endfacet
  facet normal 0.970021 0.243021 3.45581e-18
    outer loop
      vertex 15.8463 9.56072 5
      vertex 15.6555 10.3223 0
      vertex 15.6555 10.3223 5
    endloop
  endfacet
  facet normal 0.970021 0.243021 3.45581e-18
    outer loop
      vertex 15.6555 10.3223 0
      vertex 15.8463 9.56072 5
      vertex 15.8463 9.56072 0
    endloop
  endfacet
  facet normal 0.8032 0.59571 -2.18802e-19
    outer loop
      vertex 14.5826 12.5378 5
      vertex 14.1841 13.0751 0
      vertex 14.1841 13.0751 5
    endloop
  endfacet
  facet normal 0.8032 0.59571 -2.18802e-19
    outer loop
      vertex 14.1841 13.0751 0
      vertex 14.5826 12.5378 5
      vertex 14.5826 12.5378 0
    endloop
  endfacet
  facet normal 0.741023 0.67148 -5.99319e-18
    outer loop
      vertex 14.1841 13.0751 5
      vertex 13.6569 13.6569 0
      vertex 13.6569 13.6569 5
    endloop
  endfacet
  facet normal 0.741023 0.67148 -5.99319e-18
    outer loop
      vertex 13.6569 13.6569 0
      vertex 14.1841 13.0751 5
      vertex 14.1841 13.0751 0
    endloop
  endfacet
  facet normal 0.94154 0.336901 2.94494e-18
    outer loop
      vertex 15.6555 10.3223 5
      vertex 15.391 11.0615 0
      vertex 15.391 11.0615 5
    endloop
  endfacet
  facet normal 0.94154 0.336901 2.94494e-18
    outer loop
      vertex 15.391 11.0615 0
      vertex 15.6555 10.3223 5
      vertex 15.6555 10.3223 0
    endloop
  endfacet
  facet normal 0.989176 0.146737 1.72626e-18
    outer loop
      vertex 15.9615 8.78414 5
      vertex 15.8463 9.56072 0
      vertex 15.8463 9.56072 5
    endloop
  endfacet
  facet normal 0.989176 0.146737 1.72626e-18
    outer loop
      vertex 15.8463 9.56072 0
      vertex 15.9615 8.78414 5
      vertex 15.9615 8.78414 0
    endloop
  endfacet
  facet normal 0.427416 0.904055 -0
    outer loop
      vertex 11.4325 15.2156 0
      vertex 11.0615 15.391 5
      vertex 11.4325 15.2156 5
    endloop
  endfacet
  facet normal 0.427416 0.904055 0
    outer loop
      vertex 11.0615 15.391 5
      vertex 11.4325 15.2156 0
      vertex 11.0615 15.391 0
    endloop
  endfacet
  facet normal 0.59571 0.8032 -0
    outer loop
      vertex 13.0751 14.1841 0
      vertex 12.5378 14.5826 5
      vertex 13.0751 14.1841 5
    endloop
  endfacet
  facet normal 0.59571 0.8032 0
    outer loop
      vertex 12.5378 14.5826 5
      vertex 13.0751 14.1841 0
      vertex 12.5378 14.5826 0
    endloop
  endfacet
  facet normal 0.243021 0.970021 -0
    outer loop
      vertex 10.3223 15.6555 0
      vertex 9.56072 15.8463 5
      vertex 10.3223 15.6555 5
    endloop
  endfacet
  facet normal 0.243021 0.970021 0
    outer loop
      vertex 9.56072 15.8463 5
      vertex 10.3223 15.6555 0
      vertex 9.56072 15.8463 0
    endloop
  endfacet
  facet normal 0.0491511 0.998791 -0
    outer loop
      vertex 8.78414 15.9615 0
      vertex 8.63783 15.9687 5
      vertex 8.78414 15.9615 5
    endloop
  endfacet
  facet normal 0.0491511 0.998791 0
    outer loop
      vertex 8.63783 15.9687 5
      vertex 8.78414 15.9615 0
      vertex 8.63783 15.9687 0
    endloop
  endfacet
  facet normal -0.0490654 -0.998796 0
    outer loop
      vertex 7.21586 0.0385227 0
      vertex 7.36218 0.0313348 5
      vertex 7.21586 0.0385227 5
    endloop
  endfacet
  facet normal -0.0490654 -0.998796 -0
    outer loop
      vertex 7.36218 0.0313348 5
      vertex 7.21586 0.0385227 0
      vertex 7.36218 0.0313348 0
    endloop
  endfacet
  facet normal -0.242979 -0.970032 0
    outer loop
      vertex 5.67772 0.344478 0
      vertex 6.43928 0.153718 5
      vertex 5.67772 0.344478 5
    endloop
  endfacet
  facet normal -0.242979 -0.970032 -0
    outer loop
      vertex 6.43928 0.153718 5
      vertex 5.67772 0.344478 0
      vertex 6.43928 0.153718 0
    endloop
  endfacet
  facet normal -0.595699 -0.803208 0
    outer loop
      vertex 2.92485 1.81592 0
      vertex 3.46222 1.41738 5
      vertex 2.92485 1.81592 5
    endloop
  endfacet
  facet normal -0.595699 -0.803208 -0
    outer loop
      vertex 3.46222 1.41738 5
      vertex 2.92485 1.81592 0
      vertex 3.46222 1.41738 0
    endloop
  endfacet
  facet normal -0.427555 -0.903989 0
    outer loop
      vertex 4.56753 0.784434 0
      vertex 4.93853 0.608964 5
      vertex 4.56753 0.784434 5
    endloop
  endfacet
  facet normal -0.427555 -0.903989 -0
    outer loop
      vertex 4.93853 0.608964 5
      vertex 4.56753 0.784434 0
      vertex 4.93853 0.608964 0
    endloop
  endfacet
  facet normal -0.740946 -0.671564 2.33391e-18
    outer loop
      vertex 2.34315 2.34315 0
      vertex 1.81592 2.92485 5
      vertex 1.81592 2.92485 0
    endloop
  endfacet
  facet normal -0.740946 -0.671564 2.33391e-18
    outer loop
      vertex 1.81592 2.92485 5
      vertex 2.34315 2.34315 0
      vertex 2.34315 2.34315 5
    endloop
  endfacet
  facet normal 0.671501 -0.741004 0
    outer loop
      vertex 13.0751 1.81592 0
      vertex 13.6569 2.34315 5
      vertex 13.0751 1.81592 5
    endloop
  endfacet
  facet normal 0.671501 -0.741004 0
    outer loop
      vertex 13.6569 2.34315 5
      vertex 13.0751 1.81592 0
      vertex 13.6569 2.34315 0
    endloop
  endfacet
  facet normal 0.336885 -0.941546 0
    outer loop
      vertex 10.3223 0.344478 0
      vertex 11.0615 0.608964 5
      vertex 10.3223 0.344478 5
    endloop
  endfacet
  facet normal 0.336885 -0.941546 0
    outer loop
      vertex 11.0615 0.608964 5
      vertex 10.3223 0.344478 0
      vertex 11.0615 0.608964 0
    endloop
  endfacet
  facet normal 0.146731 -0.989176 0
    outer loop
      vertex 8.78414 0.0385227 0
      vertex 9.56072 0.153718 5
      vertex 8.78414 0.0385227 5
    endloop
  endfacet
  facet normal 0.146731 -0.989176 0
    outer loop
      vertex 9.56072 0.153718 5
      vertex 8.78414 0.0385227 0
      vertex 9.56072 0.153718 0
    endloop
  endfacet
  facet normal 0.904055 -0.427416 -2.6519e-18
    outer loop
      vertex 15.2156 4.56753 5
      vertex 15.391 4.93853 0
      vertex 15.391 4.93853 5
    endloop
  endfacet
  facet normal 0.904055 -0.427416 -2.6519e-18
    outer loop
      vertex 15.391 4.93853 0
      vertex 15.2156 4.56753 5
      vertex 15.2156 4.56753 0
    endloop
  endfacet
  facet normal 0.803237 -0.59566 1.64087e-18
    outer loop
      vertex 14.1841 2.92485 5
      vertex 14.5826 3.46222 0
      vertex 14.5826 3.46222 5
    endloop
  endfacet
  facet normal 0.803237 -0.59566 1.64087e-18
    outer loop
      vertex 14.5826 3.46222 0
      vertex 14.1841 2.92485 5
      vertex 14.1841 2.92485 0
    endloop
  endfacet
  facet normal 0.970019 -0.243027 -1.56741e-18
    outer loop
      vertex 15.6555 5.67772 5
      vertex 15.8463 6.43928 0
      vertex 15.8463 6.43928 5
    endloop
  endfacet
  facet normal 0.970019 -0.243027 -1.56741e-18
    outer loop
      vertex 15.8463 6.43928 0
      vertex 15.6555 5.67772 5
      vertex 15.6555 5.67772 0
    endloop
  endfacet
  facet normal 0.941539 -0.336905 -2.83104e-18
    outer loop
      vertex 15.391 4.93853 5
      vertex 15.6555 5.67772 0
      vertex 15.6555 5.67772 5
    endloop
  endfacet
  facet normal 0.941539 -0.336905 -2.83104e-18
    outer loop
      vertex 15.6555 5.67772 0
      vertex 15.391 4.93853 5
      vertex 15.391 4.93853 0
    endloop
  endfacet
  facet normal 0.998792 -0.0491478 0
    outer loop
      vertex 15.9615 7.21586 5
      vertex 15.9687 7.36218 0
      vertex 15.9687 7.36218 5
    endloop
  endfacet
  facet normal 0.998792 -0.0491478 0
    outer loop
      vertex 15.9687 7.36218 0
      vertex 15.9615 7.21586 5
      vertex 15.9615 7.21586 0
    endloop
  endfacet
  facet normal -0.146731 -0.989176 0
    outer loop
      vertex 6.43928 0.153718 0
      vertex 7.21586 0.0385227 5
      vertex 6.43928 0.153718 5
    endloop
  endfacet
  facet normal -0.146731 -0.989176 -0
    outer loop
      vertex 7.21586 0.0385227 5
      vertex 6.43928 0.153718 0
      vertex 7.21586 0.0385227 0
    endloop
  endfacet
  facet normal -0.336889 -0.941544 0
    outer loop
      vertex 4.93853 0.608964 0
      vertex 5.67772 0.344478 5
      vertex 4.93853 0.608964 5
    endloop
  endfacet
  facet normal -0.336889 -0.941544 -0
    outer loop
      vertex 5.67772 0.344478 5
      vertex 4.93853 0.608964 0
      vertex 5.67772 0.344478 0
    endloop
  endfacet
  facet normal -0.671564 -0.740946 0
    outer loop
      vertex 2.34315 2.34315 0
      vertex 2.92485 1.81592 5
      vertex 2.34315 2.34315 5
    endloop
  endfacet
  facet normal -0.671564 -0.740946 -0
    outer loop
      vertex 2.92485 1.81592 5
      vertex 2.34315 2.34315 0
      vertex 2.92485 1.81592 0
    endloop
  endfacet
  facet normal -0.803208 -0.595699 -3.34645e-18
    outer loop
      vertex 1.81592 2.92485 0
      vertex 1.41738 3.46222 5
      vertex 1.41738 3.46222 0
    endloop
  endfacet
  facet normal -0.803208 -0.595699 -3.34645e-18
    outer loop
      vertex 1.41738 3.46222 5
      vertex 1.81592 2.92485 0
      vertex 1.81592 2.92485 5
    endloop
  endfacet
  facet normal -0.970032 -0.242979 1.07372e-18
    outer loop
      vertex 0.344478 5.67772 0
      vertex 0.153718 6.43928 5
      vertex 0.153718 6.43928 0
    endloop
  endfacet
  facet normal -0.970032 -0.242979 1.07372e-18
    outer loop
      vertex 0.153718 6.43928 5
      vertex 0.344478 5.67772 0
      vertex 0.344478 5.67772 5
    endloop
  endfacet
  facet normal -0.941544 -0.336889 -1.7228e-18
    outer loop
      vertex 0.608964 4.93853 0
      vertex 0.344478 5.67772 5
      vertex 0.344478 5.67772 0
    endloop
  endfacet
  facet normal -0.941544 -0.336889 -1.7228e-18
    outer loop
      vertex 0.344478 5.67772 5
      vertex 0.608964 4.93853 0
      vertex 0.608964 4.93853 5
    endloop
  endfacet
  facet normal -0.989176 -0.146731 -2.91394e-18
    outer loop
      vertex 0.153718 6.43928 0
      vertex 0.0385227 7.21586 5
      vertex 0.0385227 7.21586 0
    endloop
  endfacet
  facet normal -0.989176 -0.146731 -2.91394e-18
    outer loop
      vertex 0.0385227 7.21586 5
      vertex 0.153718 6.43928 0
      vertex 0.153718 6.43928 5
    endloop
  endfacet
  facet normal 0.595749 -0.803171 0
    outer loop
      vertex 12.5378 1.41738 0
      vertex 13.0751 1.81592 5
      vertex 12.5378 1.41738 5
    endloop
  endfacet
  facet normal 0.595749 -0.803171 0
    outer loop
      vertex 13.0751 1.81592 5
      vertex 12.5378 1.41738 0
      vertex 13.0751 1.81592 0
    endloop
  endfacet
  facet normal 0.427555 -0.903989 0
    outer loop
      vertex 11.0615 0.608964 0
      vertex 11.4325 0.784434 5
      vertex 11.0615 0.608964 5
    endloop
  endfacet
  facet normal 0.427555 -0.903989 0
    outer loop
      vertex 11.4325 0.784434 5
      vertex 11.0615 0.608964 0
      vertex 11.4325 0.784434 0
    endloop
  endfacet
  facet normal 0.242973 -0.970033 0
    outer loop
      vertex 9.56072 0.153718 0
      vertex 10.3223 0.344478 5
      vertex 9.56072 0.153718 5
    endloop
  endfacet
  facet normal 0.242973 -0.970033 0
    outer loop
      vertex 10.3223 0.344478 5
      vertex 9.56072 0.153718 0
      vertex 10.3223 0.344478 0
    endloop
  endfacet
  facet normal 0.740965 -0.671543 -1.63654e-18
    outer loop
      vertex 13.6569 2.34315 5
      vertex 14.1841 2.92485 0
      vertex 14.1841 2.92485 5
    endloop
  endfacet
  facet normal 0.740965 -0.671543 -1.63654e-18
    outer loop
      vertex 14.1841 2.92485 0
      vertex 13.6569 2.34315 5
      vertex 13.6569 2.34315 0
    endloop
  endfacet
  facet normal 0.989176 -0.146737 4.90259e-19
    outer loop
      vertex 15.8463 6.43928 5
      vertex 15.9615 7.21586 0
      vertex 15.9615 7.21586 5
    endloop
  endfacet
  facet normal 0.989176 -0.146737 4.90259e-19
    outer loop
      vertex 15.9615 7.21586 0
      vertex 15.8463 6.43928 5
      vertex 15.8463 6.43928 0
    endloop
  endfacet
  facet normal -0.998796 -0.0490654 7.73334e-20
    outer loop
      vertex 0.0385227 7.21586 0
      vertex 0.0313348 7.36218 5
      vertex 0.0313348 7.36218 0
    endloop
  endfacet
  facet normal -0.998796 -0.0490654 7.73334e-20
    outer loop
      vertex 0.0313348 7.36218 5
      vertex 0.0385227 7.21586 0
      vertex 0.0385227 7.21586 5
    endloop
  endfacet
  facet normal -0.741004 -0.671501 -3.33354e-19
    outer loop
      vertex 0.168408 8.50751 0
      vertex 0.115685 8.56569 5
      vertex 0.115685 8.56569 0
    endloop
  endfacet
  facet normal -0.741004 -0.671501 -3.33354e-19
    outer loop
      vertex 0.115685 8.56569 5
      vertex 0.168408 8.50751 0
      vertex 0.168408 8.50751 5
    endloop
  endfacet
  facet normal -0.941544 0.33689 -1.13284e-20
    outer loop
      vertex 0.289104 7.69385 0
      vertex 0.315553 7.76777 5
      vertex 0.315553 7.76777 0
    endloop
  endfacet
  facet normal -0.941544 0.33689 -1.13284e-20
    outer loop
      vertex 0.315553 7.76777 5
      vertex 0.289104 7.69385 0
      vertex 0.289104 7.69385 5
    endloop
  endfacet
  facet normal -0.903986 -0.427562 5.50247e-20
    outer loop
      vertex 0.289104 8.30615 0
      vertex 0.255537 8.37712 5
      vertex 0.255537 8.37712 0
    endloop
  endfacet
  facet normal -0.903986 -0.427562 5.50247e-20
    outer loop
      vertex 0.255537 8.37712 5
      vertex 0.289104 8.30615 0
      vertex 0.289104 8.30615 5
    endloop
  endfacet
  facet normal -0.85774 -0.514084 3.94339e-19
    outer loop
      vertex 0.255537 8.37712 0
      vertex 0.215177 8.44446 5
      vertex 0.215177 8.44446 0
    endloop
  endfacet
  facet normal -0.85774 -0.514084 3.94339e-19
    outer loop
      vertex 0.215177 8.44446 5
      vertex 0.255537 8.37712 0
      vertex 0.255537 8.37712 5
    endloop
  endfacet
  facet normal -0.671544 0.740965 0
    outer loop
      vertex 0.115685 7.43431 0
      vertex 0.0575151 7.38159 5
      vertex 0.115685 7.43431 5
    endloop
  endfacet
  facet normal -0.671544 0.740965 0
    outer loop
      vertex 0.0575151 7.38159 5
      vertex 0.115685 7.43431 0
      vertex 0.0575151 7.38159 0
    endloop
  endfacet
  facet normal -0.741004 0.671501 3.33354e-19
    outer loop
      vertex 0.115685 7.43431 0
      vertex 0.168408 7.49249 5
      vertex 0.168408 7.49249 0
    endloop
  endfacet
  facet normal -0.741004 0.671501 3.33354e-19
    outer loop
      vertex 0.168408 7.49249 5
      vertex 0.115685 7.43431 0
      vertex 0.115685 7.43431 5
    endloop
  endfacet
  facet normal -0.989178 -0.146721 1.37424e-19
    outer loop
      vertex 0.346148 8.07841 0
      vertex 0.334629 8.15607 5
      vertex 0.334629 8.15607 0
    endloop
  endfacet
  facet normal -0.989178 -0.146721 1.37424e-19
    outer loop
      vertex 0.334629 8.15607 5
      vertex 0.346148 8.07841 0
      vertex 0.346148 8.07841 5
    endloop
  endfacet
  facet normal -0.941544 -0.33689 3.81389e-19
    outer loop
      vertex 0.315553 8.23223 0
      vertex 0.289104 8.30615 5
      vertex 0.289104 8.30615 0
    endloop
  endfacet
  facet normal -0.941544 -0.33689 3.81389e-19
    outer loop
      vertex 0.289104 8.30615 5
      vertex 0.315553 8.23223 0
      vertex 0.315553 8.23223 5
    endloop
  endfacet
  facet normal -0.998795 -0.0490672 4.33607e-20
    outer loop
      vertex 0.35 8 0
      vertex 0.346148 8.07841 5
      vertex 0.346148 8.07841 0
    endloop
  endfacet
  facet normal -0.998795 -0.0490672 4.33607e-20
    outer loop
      vertex 0.346148 8.07841 5
      vertex 0.35 8 0
      vertex 0.35 8 5
    endloop
  endfacet
  facet normal -0.595766 -0.803158 0
    outer loop
      vertex 0.0313348 8.63783 0
      vertex 0.0575151 8.61841 5
      vertex 0.0313348 8.63783 5
    endloop
  endfacet
  facet normal -0.595766 -0.803158 -0
    outer loop
      vertex 0.0575151 8.61841 5
      vertex 0.0313348 8.63783 0
      vertex 0.0575151 8.61841 0
    endloop
  endfacet
  facet normal -0.595568 0.803305 0
    outer loop
      vertex 0.0575151 7.38159 0
      vertex 0.0313348 7.36218 5
      vertex 0.0575151 7.38159 5
    endloop
  endfacet
  facet normal -0.595568 0.803305 0
    outer loop
      vertex 0.0313348 7.36218 5
      vertex 0.0575151 7.38159 0
      vertex 0.0313348 7.36218 0
    endloop
  endfacet
  facet normal -0.85774 0.514084 -1.56441e-20
    outer loop
      vertex 0.215177 7.55554 0
      vertex 0.255537 7.62288 5
      vertex 0.255537 7.62288 0
    endloop
  endfacet
  facet normal -0.85774 0.514084 -1.56441e-20
    outer loop
      vertex 0.255537 7.62288 5
      vertex 0.215177 7.55554 0
      vertex 0.215177 7.55554 5
    endloop
  endfacet
  facet normal -0.989178 0.146721 -1.37424e-19
    outer loop
      vertex 0.334629 7.84393 0
      vertex 0.346148 7.92159 5
      vertex 0.346148 7.92159 0
    endloop
  endfacet
  facet normal -0.989178 0.146721 -1.37424e-19
    outer loop
      vertex 0.346148 7.92159 5
      vertex 0.334629 7.84393 0
      vertex 0.334629 7.84393 5
    endloop
  endfacet
  facet normal -0.803159 -0.595764 -3.01577e-19
    outer loop
      vertex 0.215177 8.44446 0
      vertex 0.168408 8.50751 5
      vertex 0.168408 8.50751 0
    endloop
  endfacet
  facet normal -0.803159 -0.595764 -3.01577e-19
    outer loop
      vertex 0.168408 8.50751 5
      vertex 0.215177 8.44446 0
      vertex 0.215177 8.44446 5
    endloop
  endfacet
  facet normal -0.970035 -0.242967 7.47103e-20
    outer loop
      vertex 0.334629 8.15607 0
      vertex 0.315553 8.23223 5
      vertex 0.315553 8.23223 0
    endloop
  endfacet
  facet normal -0.970035 -0.242967 7.47103e-20
    outer loop
      vertex 0.315553 8.23223 5
      vertex 0.334629 8.15607 0
      vertex 0.334629 8.15607 5
    endloop
  endfacet
  facet normal -0.998795 0.0490672 -4.33607e-20
    outer loop
      vertex 0.346148 7.92159 0
      vertex 0.35 8 5
      vertex 0.35 8 0
    endloop
  endfacet
  facet normal -0.998795 0.0490672 -4.33607e-20
    outer loop
      vertex 0.35 8 5
      vertex 0.346148 7.92159 0
      vertex 0.346148 7.92159 5
    endloop
  endfacet
  facet normal -0.671544 -0.740965 0
    outer loop
      vertex 0.0575151 8.61841 0
      vertex 0.115685 8.56569 5
      vertex 0.0575151 8.61841 5
    endloop
  endfacet
  facet normal -0.671544 -0.740965 -0
    outer loop
      vertex 0.115685 8.56569 5
      vertex 0.0575151 8.61841 0
      vertex 0.115685 8.56569 0
    endloop
  endfacet
  facet normal -0.803159 0.595764 6.15023e-20
    outer loop
      vertex 0.168408 7.49249 0
      vertex 0.215177 7.55554 5
      vertex 0.215177 7.55554 0
    endloop
  endfacet
  facet normal -0.803159 0.595764 6.15023e-20
    outer loop
      vertex 0.215177 7.55554 5
      vertex 0.168408 7.49249 0
      vertex 0.168408 7.49249 5
    endloop
  endfacet
  facet normal -0.903986 0.427562 2.26033e-19
    outer loop
      vertex 0.255537 7.62288 0
      vertex 0.289104 7.69385 5
      vertex 0.289104 7.69385 0
    endloop
  endfacet
  facet normal -0.903986 0.427562 2.26033e-19
    outer loop
      vertex 0.289104 7.69385 5
      vertex 0.255537 7.62288 0
      vertex 0.255537 7.62288 5
    endloop
  endfacet
  facet normal -0.970035 0.242967 -1.49421e-19
    outer loop
      vertex 0.315553 7.76777 0
      vertex 0.334629 7.84393 5
      vertex 0.334629 7.84393 0
    endloop
  endfacet
  facet normal -0.970035 0.242967 -1.49421e-19
    outer loop
      vertex 0.334629 7.84393 5
      vertex 0.315553 7.76777 0
      vertex 0.315553 7.76777 5
    endloop
  endfacet
  facet normal -0.977507 -0.210902 -2.13194e-19
    outer loop
      vertex 1.4714 12.3553 0
      vertex 1.45483 12.4321 5
      vertex 1.45483 12.4321 0
    endloop
  endfacet
  facet normal -0.977507 -0.210902 -2.13194e-19
    outer loop
      vertex 1.45483 12.4321 5
      vertex 1.4714 12.3553 0
      vertex 1.4714 12.3553 5
    endloop
  endfacet
  facet normal -0.996647 0.0818219 7.54322e-20
    outer loop
      vertex 1.47524 12.1206 0
      vertex 1.48166 12.1988 5
      vertex 1.48166 12.1988 0
    endloop
  endfacet
  facet normal -0.996647 0.0818219 7.54322e-20
    outer loop
      vertex 1.48166 12.1988 5
      vertex 1.47524 12.1206 0
      vertex 1.47524 12.1206 5
    endloop
  endfacet
  facet normal -0.999865 -0.0164309 -1.01988e-20
    outer loop
      vertex 1.48166 12.1988 0
      vertex 1.48037 12.2773 5
      vertex 1.48037 12.2773 0
    endloop
  endfacet
  facet normal -0.999865 -0.0164309 -1.01988e-20
    outer loop
      vertex 1.48037 12.2773 5
      vertex 1.48166 12.1988 0
      vertex 1.48166 12.1988 5
    endloop
  endfacet
  facet normal -0.930006 0.367544 2.94056e-19
    outer loop
      vertex 1.41078 11.8948 0
      vertex 1.43963 11.9678 5
      vertex 1.43963 11.9678 0
    endloop
  endfacet
  facet normal -0.930006 0.367544 2.94056e-19
    outer loop
      vertex 1.43963 11.9678 5
      vertex 1.41078 11.8948 0
      vertex 1.41078 11.8948 5
    endloop
  endfacet
  facet normal -0.961562 0.274587 1.07608e-19
    outer loop
      vertex 1.43963 11.9678 0
      vertex 1.46119 12.0433 5
      vertex 1.46119 12.0433 0
    endloop
  endfacet
  facet normal -0.961562 0.274587 1.07608e-19
    outer loop
      vertex 1.46119 12.0433 5
      vertex 1.43963 11.9678 0
      vertex 1.43963 11.9678 5
    endloop
  endfacet
  facet normal -0.889428 0.457074 -4.98113e-19
    outer loop
      vertex 1.37491 11.825 0
      vertex 1.41078 11.8948 5
      vertex 1.41078 11.8948 0
    endloop
  endfacet
  facet normal -0.889428 0.457074 -4.98113e-19
    outer loop
      vertex 1.41078 11.8948 5
      vertex 1.37491 11.825 0
      vertex 1.37491 11.825 5
    endloop
  endfacet
  facet normal -0.917592 -0.397524 9.76239e-20
    outer loop
      vertex 1.43081 12.5068 0
      vertex 1.41738 12.5378 5
      vertex 1.41738 12.5378 0
    endloop
  endfacet
  facet normal -0.917592 -0.397524 9.76239e-20
    outer loop
      vertex 1.41738 12.5378 5
      vertex 1.43081 12.5068 0
      vertex 1.43081 12.5068 5
    endloop
  endfacet
  facet normal -0.951994 -0.306116 -1.25759e-19
    outer loop
      vertex 1.45483 12.4321 0
      vertex 1.43081 12.5068 5
      vertex 1.43081 12.5068 0
    endloop
  endfacet
  facet normal -0.951994 -0.306116 -1.25759e-19
    outer loop
      vertex 1.43081 12.5068 5
      vertex 1.45483 12.4321 0
      vertex 1.45483 12.4321 5
    endloop
  endfacet
  facet normal -0.993452 -0.114247 8.06425e-20
    outer loop
      vertex 1.48037 12.2773 0
      vertex 1.4714 12.3553 5
      vertex 1.4714 12.3553 0
    endloop
  endfacet
  facet normal -0.993452 -0.114247 8.06425e-20
    outer loop
      vertex 1.4714 12.3553 5
      vertex 1.48037 12.2773 0
      vertex 1.48037 12.2773 5
    endloop
  endfacet
  facet normal -0.98388 0.178829 -1.45545e-20
    outer loop
      vertex 1.46119 12.0433 0
      vertex 1.47524 12.1206 5
      vertex 1.47524 12.1206 0
    endloop
  endfacet
  facet normal -0.98388 0.178829 -1.45545e-20
    outer loop
      vertex 1.47524 12.1206 5
      vertex 1.46119 12.0433 0
      vertex 1.46119 12.0433 5
    endloop
  endfacet
  facet normal -0.840474 0.541851 1.06786e-19
    outer loop
      vertex 1.33236 11.759 0
      vertex 1.37491 11.825 5
      vertex 1.37491 11.825 0
    endloop
  endfacet
  facet normal -0.840474 0.541851 1.06786e-19
    outer loop
      vertex 1.37491 11.825 5
      vertex 1.33236 11.759 0
      vertex 1.33236 11.759 5
    endloop
  endfacet
  facet normal -0.305718 0.952122 0
    outer loop
      vertex 0.963886 11.4763 0
      vertex 0.889141 11.4523 5
      vertex 0.963886 11.4763 5
    endloop
  endfacet
  facet normal -0.305718 0.952122 0
    outer loop
      vertex 0.889141 11.4523 5
      vertex 0.963886 11.4763 0
      vertex 0.889141 11.4523 0
    endloop
  endfacet
  facet normal -0.647049 0.762448 0
    outer loop
      vertex 1.22896 11.6411 0
      vertex 1.1691 11.5903 5
      vertex 1.22896 11.6411 5
    endloop
  endfacet
  facet normal -0.647049 0.762448 0
    outer loop
      vertex 1.1691 11.5903 5
      vertex 1.22896 11.6411 0
      vertex 1.1691 11.5903 0
    endloop
  endfacet
  facet normal -0.211428 0.977394 0
    outer loop
      vertex 0.889141 11.4523 0
      vertex 0.812402 11.4357 5
      vertex 0.889141 11.4523 5
    endloop
  endfacet
  facet normal -0.211428 0.977394 0
    outer loop
      vertex 0.812402 11.4357 5
      vertex 0.889141 11.4523 0
      vertex 0.812402 11.4357 0
    endloop
  endfacet
  facet normal -0.397449 0.917624 0
    outer loop
      vertex 1.03592 11.5075 0
      vertex 0.963886 11.4763 5
      vertex 1.03592 11.5075 5
    endloop
  endfacet
  facet normal -0.397449 0.917624 0
    outer loop
      vertex 0.963886 11.4763 5
      vertex 1.03592 11.5075 0
      vertex 0.963886 11.4763 0
    endloop
  endfacet
  facet normal -0.56925 0.822165 0
    outer loop
      vertex 1.1691 11.5903 0
      vertex 1.10454 11.5456 5
      vertex 1.1691 11.5903 5
    endloop
  endfacet
  facet normal -0.56925 0.822165 0
    outer loop
      vertex 1.10454 11.5456 5
      vertex 1.1691 11.5903 0
      vertex 1.10454 11.5456 0
    endloop
  endfacet
  facet normal -0.718479 0.695549 -6.95977e-20
    outer loop
      vertex 1.22896 11.6411 0
      vertex 1.28356 11.6975 5
      vertex 1.28356 11.6975 0
    endloop
  endfacet
  facet normal -0.718479 0.695549 -6.95977e-20
    outer loop
      vertex 1.28356 11.6975 5
      vertex 1.22896 11.6411 0
      vertex 1.22896 11.6411 5
    endloop
  endfacet
  facet normal -0.783348 0.621583 -2.25489e-19
    outer loop
      vertex 1.28356 11.6975 0
      vertex 1.33236 11.759 5
      vertex 1.33236 11.759 0
    endloop
  endfacet
  facet normal -0.783348 0.621583 -2.25489e-19
    outer loop
      vertex 1.33236 11.759 5
      vertex 1.28356 11.6975 0
      vertex 1.28356 11.6975 5
    endloop
  endfacet
  facet normal -0.113675 0.993518 0
    outer loop
      vertex 0.812402 11.4357 0
      vertex 0.784434 11.4325 5
      vertex 0.812402 11.4357 5
    endloop
  endfacet
  facet normal -0.113675 0.993518 0
    outer loop
      vertex 0.784434 11.4325 5
      vertex 0.812402 11.4357 0
      vertex 0.784434 11.4325 0
    endloop
  endfacet
  facet normal -0.485427 0.874277 0
    outer loop
      vertex 1.10454 11.5456 0
      vertex 1.03592 11.5075 5
      vertex 1.10454 11.5456 5
    endloop
  endfacet
  facet normal -0.485427 0.874277 0
    outer loop
      vertex 1.03592 11.5075 5
      vertex 1.10454 11.5456 0
      vertex 1.03592 11.5075 0
    endloop
  endfacet
  facet normal -0.917416 0.397929 4.7974e-19
    outer loop
      vertex 4.4925 14.9641 0
      vertex 4.52373 15.0361 5
      vertex 4.52373 15.0361 0
    endloop
  endfacet
  facet normal -0.917416 0.397929 4.7974e-19
    outer loop
      vertex 4.52373 15.0361 5
      vertex 4.4925 14.9641 0
      vertex 4.4925 14.9641 5
    endloop
  endfacet
  facet normal -0.822449 0.568839 3.4886e-19
    outer loop
      vertex 4.40968 14.8309 0
      vertex 4.45436 14.8955 5
      vertex 4.45436 14.8955 0
    endloop
  endfacet
  facet normal -0.822449 0.568839 3.4886e-19
    outer loop
      vertex 4.45436 14.8955 5
      vertex 4.40968 14.8309 0
      vertex 4.40968 14.8309 5
    endloop
  endfacet
  facet normal -0.695485 0.718541 0
    outer loop
      vertex 4.35889 14.771 0
      vertex 4.30248 14.7164 5
      vertex 4.35889 14.771 5
    endloop
  endfacet
  facet normal -0.695485 0.718541 0
    outer loop
      vertex 4.30248 14.7164 5
      vertex 4.35889 14.771 0
      vertex 4.30248 14.7164 0
    endloop
  endfacet
  facet normal -0.541517 0.84069 0
    outer loop
      vertex 4.24098 14.6676 0
      vertex 4.175 14.6251 5
      vertex 4.24098 14.6676 5
    endloop
  endfacet
  facet normal -0.541517 0.84069 0
    outer loop
      vertex 4.175 14.6251 5
      vertex 4.24098 14.6676 0
      vertex 4.175 14.6251 0
    endloop
  endfacet
  facet normal -0.97745 0.211165 1.59218e-20
    outer loop
      vertex 4.54774 15.1109 0
      vertex 4.56431 15.1876 5
      vertex 4.56431 15.1876 0
    endloop
  endfacet
  facet normal -0.97745 0.211165 1.59218e-20
    outer loop
      vertex 4.56431 15.1876 5
      vertex 4.54774 15.1109 0
      vertex 4.54774 15.1109 5
    endloop
  endfacet
  facet normal 0.396992 0.917822 -0
    outer loop
      vertex 3.4932 14.5692 0
      vertex 3.46222 14.5826 5
      vertex 3.4932 14.5692 5
    endloop
  endfacet
  facet normal 0.396992 0.917822 0
    outer loop
      vertex 3.46222 14.5826 5
      vertex 3.4932 14.5692 0
      vertex 3.46222 14.5826 0
    endloop
  endfacet
  facet normal 0.114624 0.993409 -0
    outer loop
      vertex 3.72268 14.5196 0
      vertex 3.64468 14.5286 5
      vertex 3.72268 14.5196 5
    endloop
  endfacet
  facet normal 0.114624 0.993409 0
    outer loop
      vertex 3.64468 14.5286 5
      vertex 3.72268 14.5196 0
      vertex 3.64468 14.5286 0
    endloop
  endfacet
  facet normal 0.0165582 0.999863 -0
    outer loop
      vertex 3.80118 14.5183 0
      vertex 3.72268 14.5196 5
      vertex 3.80118 14.5183 5
    endloop
  endfacet
  facet normal 0.0165582 0.999863 0
    outer loop
      vertex 3.72268 14.5196 5
      vertex 3.80118 14.5183 0
      vertex 3.72268 14.5196 0
    endloop
  endfacet
  facet normal 0.211451 0.977389 -0
    outer loop
      vertex 3.64468 14.5286 0
      vertex 3.56795 14.5452 5
      vertex 3.64468 14.5286 5
    endloop
  endfacet
  facet normal 0.211451 0.977389 0
    outer loop
      vertex 3.56795 14.5452 5
      vertex 3.64468 14.5286 0
      vertex 3.56795 14.5452 0
    endloop
  endfacet
  facet normal -0.178347 0.983968 0
    outer loop
      vertex 3.95666 14.5388 0
      vertex 3.87942 14.5248 5
      vertex 3.95666 14.5388 5
    endloop
  endfacet
  facet normal -0.178347 0.983968 0
    outer loop
      vertex 3.87942 14.5248 5
      vertex 3.95666 14.5388 0
      vertex 3.87942 14.5248 0
    endloop
  endfacet
  facet normal -0.0827925 0.996567 0
    outer loop
      vertex 3.87942 14.5248 0
      vertex 3.80118 14.5183 5
      vertex 3.87942 14.5248 5
    endloop
  endfacet
  facet normal -0.0827925 0.996567 0
    outer loop
      vertex 3.80118 14.5183 5
      vertex 3.87942 14.5248 0
      vertex 3.80118 14.5183 0
    endloop
  endfacet
  facet normal -0.366905 0.930258 0
    outer loop
      vertex 4.10517 14.5892 0
      vertex 4.03215 14.5604 5
      vertex 4.10517 14.5892 5
    endloop
  endfacet
  facet normal -0.366905 0.930258 0
    outer loop
      vertex 4.03215 14.5604 5
      vertex 4.10517 14.5892 0
      vertex 4.03215 14.5604 0
    endloop
  endfacet
  facet normal -0.874001 0.485924 2.59e-19
    outer loop
      vertex 4.45436 14.8955 0
      vertex 4.4925 14.9641 5
      vertex 4.4925 14.9641 0
    endloop
  endfacet
  facet normal -0.874001 0.485924 2.59e-19
    outer loop
      vertex 4.4925 14.9641 5
      vertex 4.45436 14.8955 0
      vertex 4.45436 14.8955 5
    endloop
  endfacet
  facet normal -0.762724 0.646724 3.41362e-19
    outer loop
      vertex 4.35889 14.771 0
      vertex 4.40968 14.8309 5
      vertex 4.40968 14.8309 0
    endloop
  endfacet
  facet normal -0.762724 0.646724 3.41362e-19
    outer loop
      vertex 4.40968 14.8309 5
      vertex 4.35889 14.771 0
      vertex 4.35889 14.771 5
    endloop
  endfacet
  facet normal -0.621583 0.783348 0
    outer loop
      vertex 4.30248 14.7164 0
      vertex 4.24098 14.6676 5
      vertex 4.30248 14.7164 5
    endloop
  endfacet
  facet normal -0.621583 0.783348 0
    outer loop
      vertex 4.24098 14.6676 5
      vertex 4.30248 14.7164 0
      vertex 4.24098 14.6676 0
    endloop
  endfacet
  facet normal -0.457221 0.889353 0
    outer loop
      vertex 4.175 14.6251 0
      vertex 4.10517 14.5892 5
      vertex 4.175 14.6251 5
    endloop
  endfacet
  facet normal -0.457221 0.889353 0
    outer loop
      vertex 4.10517 14.5892 5
      vertex 4.175 14.6251 0
      vertex 4.10517 14.5892 0
    endloop
  endfacet
  facet normal -0.993452 0.114247 3.02409e-20
    outer loop
      vertex 4.56431 15.1876 0
      vertex 4.56753 15.2156 5
      vertex 4.56753 15.2156 0
    endloop
  endfacet
  facet normal -0.993452 0.114247 3.02409e-20
    outer loop
      vertex 4.56753 15.2156 5
      vertex 4.56431 15.1876 0
      vertex 4.56431 15.1876 5
    endloop
  endfacet
  facet normal -0.95215 0.30563 -1.2076e-19
    outer loop
      vertex 4.52373 15.0361 0
      vertex 4.54774 15.1109 5
      vertex 4.54774 15.1109 0
    endloop
  endfacet
  facet normal -0.95215 0.30563 -1.2076e-19
    outer loop
      vertex 4.54774 15.1109 5
      vertex 4.52373 15.0361 0
      vertex 4.52373 15.0361 5
    endloop
  endfacet
  facet normal 0.3057 0.952128 -0
    outer loop
      vertex 3.56795 14.5452 0
      vertex 3.4932 14.5692 5
      vertex 3.56795 14.5452 5
    endloop
  endfacet
  facet normal 0.3057 0.952128 0
    outer loop
      vertex 3.4932 14.5692 5
      vertex 3.56795 14.5452 0
      vertex 3.4932 14.5692 0
    endloop
  endfacet
  facet normal -0.275091 0.961418 0
    outer loop
      vertex 4.03215 14.5604 0
      vertex 3.95666 14.5388 5
      vertex 4.03215 14.5604 5
    endloop
  endfacet
  facet normal -0.275091 0.961418 0
    outer loop
      vertex 3.95666 14.5388 5
      vertex 4.03215 14.5604 0
      vertex 3.95666 14.5388 0
    endloop
  endfacet
  facet normal 0.741137 0.671353 2.12492e-19
    outer loop
      vertex 7.43431 15.8843 5
      vertex 7.38159 15.9425 0
      vertex 7.38159 15.9425 5
    endloop
  endfacet
  facet normal 0.741137 0.671353 2.12492e-19
    outer loop
      vertex 7.38159 15.9425 0
      vertex 7.43431 15.8843 5
      vertex 7.43431 15.8843 0
    endloop
  endfacet
  facet normal 0.427906 0.903823 -0
    outer loop
      vertex 7.69385 15.7109 0
      vertex 7.62288 15.7445 5
      vertex 7.69385 15.7109 5
    endloop
  endfacet
  facet normal 0.427906 0.903823 0
    outer loop
      vertex 7.62288 15.7445 5
      vertex 7.69385 15.7109 0
      vertex 7.62288 15.7445 0
    endloop
  endfacet
  facet normal -0.596019 0.80297 0
    outer loop
      vertex 8.50751 15.8316 0
      vertex 8.44446 15.7848 5
      vertex 8.50751 15.8316 5
    endloop
  endfacet
  facet normal -0.596019 0.80297 0
    outer loop
      vertex 8.44446 15.7848 5
      vertex 8.50751 15.8316 0
      vertex 8.44446 15.7848 0
    endloop
  endfacet
  facet normal -0.427906 0.903823 0
    outer loop
      vertex 8.37712 15.7445 0
      vertex 8.30615 15.7109 5
      vertex 8.37712 15.7445 5
    endloop
  endfacet
  facet normal -0.427906 0.903823 0
    outer loop
      vertex 8.30615 15.7109 5
      vertex 8.37712 15.7445 0
      vertex 8.30615 15.7109 0
    endloop
  endfacet
  facet normal -0.242056 0.970262 0
    outer loop
      vertex 8.23223 15.6844 0
      vertex 8.15607 15.6654 5
      vertex 8.23223 15.6844 5
    endloop
  endfacet
  facet normal -0.242056 0.970262 0
    outer loop
      vertex 8.15607 15.6654 5
      vertex 8.23223 15.6844 0
      vertex 8.15607 15.6654 0
    endloop
  endfacet
  facet normal -0.0496771 0.998765 0
    outer loop
      vertex 8.07841 15.6539 0
      vertex 8 15.65 5
      vertex 8.07841 15.6539 5
    endloop
  endfacet
  facet normal -0.0496771 0.998765 0
    outer loop
      vertex 8 15.65 5
      vertex 8.07841 15.6539 0
      vertex 8 15.65 0
    endloop
  endfacet
  facet normal -0.741137 0.671353 -4.26602e-19
    outer loop
      vertex 8.56569 15.8843 0
      vertex 8.61841 15.9425 5
      vertex 8.61841 15.9425 0
    endloop
  endfacet
  facet normal -0.741137 0.671353 -4.26602e-19
    outer loop
      vertex 8.61841 15.9425 5
      vertex 8.56569 15.8843 0
      vertex 8.56569 15.8843 5
    endloop
  endfacet
  facet normal 0.803519 0.595279 7.43602e-20
    outer loop
      vertex 7.38159 15.9425 5
      vertex 7.36218 15.9687 0
      vertex 7.36218 15.9687 5
    endloop
  endfacet
  facet normal 0.803519 0.595279 7.43602e-20
    outer loop
      vertex 7.36218 15.9687 0
      vertex 7.38159 15.9425 5
      vertex 7.38159 15.9425 0
    endloop
  endfacet
  facet normal 0.513521 0.858077 -0
    outer loop
      vertex 7.62288 15.7445 0
      vertex 7.55554 15.7848 5
      vertex 7.62288 15.7445 5
    endloop
  endfacet
  facet normal 0.513521 0.858077 0
    outer loop
      vertex 7.55554 15.7848 5
      vertex 7.62288 15.7445 0
      vertex 7.55554 15.7848 0
    endloop
  endfacet
  facet normal 0.67134 0.741149 -0
    outer loop
      vertex 7.49249 15.8316 0
      vertex 7.43431 15.8843 5
      vertex 7.49249 15.8316 5
    endloop
  endfacet
  facet normal 0.67134 0.741149 0
    outer loop
      vertex 7.43431 15.8843 5
      vertex 7.49249 15.8316 0
      vertex 7.43431 15.8843 0
    endloop
  endfacet
  facet normal 0.337466 0.941338 -0
    outer loop
      vertex 7.76777 15.6844 0
      vertex 7.69385 15.7109 5
      vertex 7.76777 15.6844 5
    endloop
  endfacet
  facet normal 0.337466 0.941338 0
    outer loop
      vertex 7.69385 15.7109 5
      vertex 7.76777 15.6844 0
      vertex 7.69385 15.7109 0
    endloop
  endfacet
  facet normal 0.146484 0.989213 -0
    outer loop
      vertex 7.92159 15.6539 0
      vertex 7.84393 15.6654 5
      vertex 7.92159 15.6539 5
    endloop
  endfacet
  facet normal 0.146484 0.989213 0
    outer loop
      vertex 7.84393 15.6654 5
      vertex 7.92159 15.6539 0
      vertex 7.84393 15.6654 0
    endloop
  endfacet
  facet normal -0.513521 0.858077 0
    outer loop
      vertex 8.44446 15.7848 0
      vertex 8.37712 15.7445 5
      vertex 8.44446 15.7848 5
    endloop
  endfacet
  facet normal -0.513521 0.858077 0
    outer loop
      vertex 8.37712 15.7445 5
      vertex 8.44446 15.7848 0
      vertex 8.37712 15.7445 0
    endloop
  endfacet
  facet normal -0.337466 0.941338 0
    outer loop
      vertex 8.30615 15.7109 0
      vertex 8.23223 15.6844 5
      vertex 8.30615 15.7109 5
    endloop
  endfacet
  facet normal -0.337466 0.941338 0
    outer loop
      vertex 8.23223 15.6844 5
      vertex 8.30615 15.7109 0
      vertex 8.23223 15.6844 0
    endloop
  endfacet
  facet normal -0.146484 0.989213 0
    outer loop
      vertex 8.15607 15.6654 0
      vertex 8.07841 15.6539 5
      vertex 8.15607 15.6654 5
    endloop
  endfacet
  facet normal -0.146484 0.989213 0
    outer loop
      vertex 8.07841 15.6539 5
      vertex 8.15607 15.6654 0
      vertex 8.07841 15.6539 0
    endloop
  endfacet
  facet normal 0.0496771 0.998765 -0
    outer loop
      vertex 8 15.65 0
      vertex 7.92159 15.6539 5
      vertex 8 15.65 5
    endloop
  endfacet
  facet normal 0.0496771 0.998765 0
    outer loop
      vertex 7.92159 15.6539 5
      vertex 8 15.65 0
      vertex 7.92159 15.6539 0
    endloop
  endfacet
  facet normal -0.803372 0.595477 7.4996e-20
    outer loop
      vertex 8.61841 15.9425 0
      vertex 8.63783 15.9687 5
      vertex 8.63783 15.9687 0
    endloop
  endfacet
  facet normal -0.803372 0.595477 7.4996e-20
    outer loop
      vertex 8.63783 15.9687 5
      vertex 8.61841 15.9425 0
      vertex 8.61841 15.9425 5
    endloop
  endfacet
  facet normal -0.67134 0.741149 0
    outer loop
      vertex 8.56569 15.8843 0
      vertex 8.50751 15.8316 5
      vertex 8.56569 15.8843 5
    endloop
  endfacet
  facet normal -0.67134 0.741149 0
    outer loop
      vertex 8.50751 15.8316 5
      vertex 8.56569 15.8843 0
      vertex 8.50751 15.8316 0
    endloop
  endfacet
  facet normal 0.596019 0.80297 -0
    outer loop
      vertex 7.55554 15.7848 0
      vertex 7.49249 15.8316 5
      vertex 7.55554 15.7848 5
    endloop
  endfacet
  facet normal 0.596019 0.80297 0
    outer loop
      vertex 7.49249 15.8316 5
      vertex 7.55554 15.7848 0
      vertex 7.49249 15.8316 0
    endloop
  endfacet
  facet normal 0.242056 0.970262 -0
    outer loop
      vertex 7.84393 15.6654 0
      vertex 7.76777 15.6844 5
      vertex 7.84393 15.6654 5
    endloop
  endfacet
  facet normal 0.242056 0.970262 0
    outer loop
      vertex 7.76777 15.6844 5
      vertex 7.84393 15.6654 0
      vertex 7.76777 15.6844 0
    endloop
  endfacet
  facet normal -0.114624 0.993409 0
    outer loop
      vertex 12.3553 14.5286 0
      vertex 12.2773 14.5196 5
      vertex 12.3553 14.5286 5
    endloop
  endfacet
  facet normal -0.114624 0.993409 0
    outer loop
      vertex 12.2773 14.5196 5
      vertex 12.3553 14.5286 0
      vertex 12.2773 14.5196 0
    endloop
  endfacet
  facet normal 0.0828345 0.996563 -0
    outer loop
      vertex 12.1988 14.5183 0
      vertex 12.1206 14.5248 5
      vertex 12.1988 14.5183 5
    endloop
  endfacet
  facet normal 0.0828345 0.996563 0
    outer loop
      vertex 12.1206 14.5248 5
      vertex 12.1988 14.5183 0
      vertex 12.1206 14.5248 0
    endloop
  endfacet
  facet normal 0.275057 0.961428 -0
    outer loop
      vertex 12.0433 14.5388 0
      vertex 11.9678 14.5604 5
      vertex 12.0433 14.5388 5
    endloop
  endfacet
  facet normal 0.275057 0.961428 0
    outer loop
      vertex 11.9678 14.5604 5
      vertex 12.0433 14.5388 0
      vertex 11.9678 14.5604 0
    endloop
  endfacet
  facet normal 0.457377 0.889273 -0
    outer loop
      vertex 11.8948 14.5892 0
      vertex 11.825 14.6251 5
      vertex 11.8948 14.5892 5
    endloop
  endfacet
  facet normal 0.457377 0.889273 0
    outer loop
      vertex 11.825 14.6251 5
      vertex 11.8948 14.5892 0
      vertex 11.825 14.6251 0
    endloop
  endfacet
  facet normal -0.305885 0.952068 0
    outer loop
      vertex 12.5068 14.5692 0
      vertex 12.4321 14.5452 5
      vertex 12.5068 14.5692 5
    endloop
  endfacet
  facet normal -0.305885 0.952068 0
    outer loop
      vertex 12.4321 14.5452 5
      vertex 12.5068 14.5692 0
      vertex 12.4321 14.5452 0
    endloop
  endfacet
  facet normal -0.0165582 0.999863 0
    outer loop
      vertex 12.2773 14.5196 0
      vertex 12.1988 14.5183 5
      vertex 12.2773 14.5196 5
    endloop
  endfacet
  facet normal -0.0165582 0.999863 0
    outer loop
      vertex 12.1988 14.5183 5
      vertex 12.2773 14.5196 0
      vertex 12.1988 14.5183 0
    endloop
  endfacet
  facet normal 0.178213 0.983992 -0
    outer loop
      vertex 12.1206 14.5248 0
      vertex 12.0433 14.5388 5
      vertex 12.1206 14.5248 5
    endloop
  endfacet
  facet normal 0.178213 0.983992 0
    outer loop
      vertex 12.0433 14.5388 5
      vertex 12.1206 14.5248 0
      vertex 12.0433 14.5388 0
    endloop
  endfacet
  facet normal 0.366992 0.930224 -0
    outer loop
      vertex 11.9678 14.5604 0
      vertex 11.8948 14.5892 5
      vertex 11.9678 14.5604 5
    endloop
  endfacet
  facet normal 0.366992 0.930224 0
    outer loop
      vertex 11.8948 14.5892 5
      vertex 11.9678 14.5604 0
      vertex 11.8948 14.5892 0
    endloop
  endfacet
  facet normal 0.541401 0.840764 -0
    outer loop
      vertex 11.825 14.6251 0
      vertex 11.759 14.6676 5
      vertex 11.825 14.6251 5
    endloop
  endfacet
  facet normal 0.541401 0.840764 0
    outer loop
      vertex 11.759 14.6676 5
      vertex 11.825 14.6251 0
      vertex 11.759 14.6676 0
    endloop
  endfacet
  facet normal -0.396776 0.917915 0
    outer loop
      vertex 12.5378 14.5826 0
      vertex 12.5068 14.5692 5
      vertex 12.5378 14.5826 5
    endloop
  endfacet
  facet normal -0.396776 0.917915 0
    outer loop
      vertex 12.5068 14.5692 5
      vertex 12.5378 14.5826 0
      vertex 12.5068 14.5692 0
    endloop
  endfacet
  facet normal -0.211267 0.977428 0
    outer loop
      vertex 12.4321 14.5452 0
      vertex 12.3553 14.5286 5
      vertex 12.4321 14.5452 5
    endloop
  endfacet
  facet normal -0.211267 0.977428 0
    outer loop
      vertex 12.3553 14.5286 5
      vertex 12.4321 14.5452 0
      vertex 12.3553 14.5286 0
    endloop
  endfacet
  facet normal 0.762661 0.646798 6.14724e-20
    outer loop
      vertex 11.6411 14.771 5
      vertex 11.5903 14.8309 0
      vertex 11.5903 14.8309 5
    endloop
  endfacet
  facet normal 0.762661 0.646798 6.14724e-20
    outer loop
      vertex 11.5903 14.8309 0
      vertex 11.6411 14.771 5
      vertex 11.6411 14.771 0
    endloop
  endfacet
  facet normal 0.621583 0.783348 -0
    outer loop
      vertex 11.759 14.6676 0
      vertex 11.6975 14.7164 5
      vertex 11.759 14.6676 5
    endloop
  endfacet
  facet normal 0.621583 0.783348 0
    outer loop
      vertex 11.6975 14.7164 5
      vertex 11.759 14.6676 0
      vertex 11.6975 14.7164 0
    endloop
  endfacet
  facet normal 0.917556 0.397607 1.58139e-19
    outer loop
      vertex 11.5075 14.9641 5
      vertex 11.4763 15.0361 0
      vertex 11.4763 15.0361 5
    endloop
  endfacet
  facet normal 0.917556 0.397607 1.58139e-19
    outer loop
      vertex 11.4763 15.0361 0
      vertex 11.5075 14.9641 5
      vertex 11.5075 14.9641 0
    endloop
  endfacet
  facet normal 0.977371 0.21153 -2.71458e-19
    outer loop
      vertex 11.4523 15.1109 5
      vertex 11.4357 15.1876 0
      vertex 11.4357 15.1876 5
    endloop
  endfacet
  facet normal 0.977371 0.21153 -2.71458e-19
    outer loop
      vertex 11.4357 15.1876 0
      vertex 11.4523 15.1109 5
      vertex 11.4523 15.1109 0
    endloop
  endfacet
  facet normal 0.82233 0.569011 -3.1808e-19
    outer loop
      vertex 11.5903 14.8309 5
      vertex 11.5456 14.8955 0
      vertex 11.5456 14.8955 5
    endloop
  endfacet
  facet normal 0.82233 0.569011 -3.1808e-19
    outer loop
      vertex 11.5456 14.8955 0
      vertex 11.5903 14.8309 5
      vertex 11.5903 14.8309 0
    endloop
  endfacet
  facet normal 0.695549 0.718479 -0
    outer loop
      vertex 11.6975 14.7164 0
      vertex 11.6411 14.771 5
      vertex 11.6975 14.7164 5
    endloop
  endfacet
  facet normal 0.695549 0.718479 0
    outer loop
      vertex 11.6411 14.771 5
      vertex 11.6975 14.7164 0
      vertex 11.6411 14.771 0
    endloop
  endfacet
  facet normal 0.993533 0.113547 -8.31223e-21
    outer loop
      vertex 11.4357 15.1876 5
      vertex 11.4325 15.2156 0
      vertex 11.4325 15.2156 5
    endloop
  endfacet
  facet normal 0.993533 0.113547 -8.31223e-21
    outer loop
      vertex 11.4325 15.2156 0
      vertex 11.4357 15.1876 5
      vertex 11.4357 15.1876 0
    endloop
  endfacet
  facet normal 0.874217 0.485535 4.77109e-19
    outer loop
      vertex 11.5456 14.8955 5
      vertex 11.5075 14.9641 0
      vertex 11.5075 14.9641 5
    endloop
  endfacet
  facet normal 0.874217 0.485535 4.77109e-19
    outer loop
      vertex 11.5075 14.9641 0
      vertex 11.5456 14.8955 5
      vertex 11.5456 14.8955 0
    endloop
  endfacet
  facet normal 0.952187 0.305515 2.9652e-20
    outer loop
      vertex 11.4763 15.0361 5
      vertex 11.4523 15.1109 0
      vertex 11.4523 15.1109 5
    endloop
  endfacet
  facet normal 0.952187 0.305515 2.9652e-20
    outer loop
      vertex 11.4523 15.1109 0
      vertex 11.4763 15.0361 5
      vertex 11.4763 15.0361 0
    endloop
  endfacet
  facet normal 0.952068 -0.305885 -4.99298e-20
    outer loop
      vertex 14.5452 12.4321 5
      vertex 14.5692 12.5068 0
      vertex 14.5692 12.5068 5
    endloop
  endfacet
  facet normal 0.952068 -0.305885 -4.99298e-20
    outer loop
      vertex 14.5692 12.5068 0
      vertex 14.5452 12.4321 5
      vertex 14.5452 12.4321 0
    endloop
  endfacet
  facet normal 0.983992 0.178213 1.45292e-19
    outer loop
      vertex 14.5388 12.0433 5
      vertex 14.5248 12.1206 0
      vertex 14.5248 12.1206 5
    endloop
  endfacet
  facet normal 0.983992 0.178213 1.45292e-19
    outer loop
      vertex 14.5248 12.1206 0
      vertex 14.5388 12.0433 5
      vertex 14.5388 12.0433 0
    endloop
  endfacet
  facet normal 0.569011 0.82233 -0
    outer loop
      vertex 14.8955 11.5456 0
      vertex 14.8309 11.5903 5
      vertex 14.8955 11.5456 5
    endloop
  endfacet
  facet normal 0.569011 0.82233 0
    outer loop
      vertex 14.8309 11.5903 5
      vertex 14.8955 11.5456 0
      vertex 14.8309 11.5903 0
    endloop
  endfacet
  facet normal 0.305515 0.952187 -0
    outer loop
      vertex 15.1109 11.4523 0
      vertex 15.0361 11.4763 5
      vertex 15.1109 11.4523 5
    endloop
  endfacet
  facet normal 0.305515 0.952187 0
    outer loop
      vertex 15.0361 11.4763 5
      vertex 15.1109 11.4523 0
      vertex 15.0361 11.4763 0
    endloop
  endfacet
  facet normal 0.397607 0.917556 -0
    outer loop
      vertex 15.0361 11.4763 0
      vertex 14.9641 11.5075 5
      vertex 15.0361 11.4763 5
    endloop
  endfacet
  facet normal 0.397607 0.917556 0
    outer loop
      vertex 14.9641 11.5075 5
      vertex 15.0361 11.4763 0
      vertex 14.9641 11.5075 0
    endloop
  endfacet
  facet normal 0.485535 0.874217 -0
    outer loop
      vertex 14.9641 11.5075 0
      vertex 14.8955 11.5456 5
      vertex 14.9641 11.5075 5
    endloop
  endfacet
  facet normal 0.485535 0.874217 0
    outer loop
      vertex 14.8955 11.5456 5
      vertex 14.9641 11.5075 0
      vertex 14.8955 11.5456 0
    endloop
  endfacet
  facet normal 0.783348 0.621583 2.25489e-19
    outer loop
      vertex 14.7164 11.6975 5
      vertex 14.6676 11.759 0
      vertex 14.6676 11.759 5
    endloop
  endfacet
  facet normal 0.783348 0.621583 2.25489e-19
    outer loop
      vertex 14.6676 11.759 0
      vertex 14.7164 11.6975 5
      vertex 14.7164 11.6975 0
    endloop
  endfacet
  facet normal 0.718479 0.695549 -3.38817e-19
    outer loop
      vertex 14.771 11.6411 5
      vertex 14.7164 11.6975 0
      vertex 14.7164 11.6975 5
    endloop
  endfacet
  facet normal 0.718479 0.695549 -3.38817e-19
    outer loop
      vertex 14.7164 11.6975 0
      vertex 14.771 11.6411 5
      vertex 14.771 11.6411 0
    endloop
  endfacet
  facet normal 0.840764 0.541401 3.98699e-19
    outer loop
      vertex 14.6676 11.759 5
      vertex 14.6251 11.825 0
      vertex 14.6251 11.825 5
    endloop
  endfacet
  facet normal 0.840764 0.541401 3.98699e-19
    outer loop
      vertex 14.6251 11.825 0
      vertex 14.6676 11.759 5
      vertex 14.6676 11.759 0
    endloop
  endfacet
  facet normal 0.113547 0.993533 -0
    outer loop
      vertex 15.2156 11.4325 0
      vertex 15.1876 11.4357 5
      vertex 15.2156 11.4325 5
    endloop
  endfacet
  facet normal 0.113547 0.993533 0
    outer loop
      vertex 15.1876 11.4357 5
      vertex 15.2156 11.4325 0
      vertex 15.1876 11.4357 0
    endloop
  endfacet
  facet normal 0.21153 0.977371 -0
    outer loop
      vertex 15.1876 11.4357 0
      vertex 15.1109 11.4523 5
      vertex 15.1876 11.4357 5
    endloop
  endfacet
  facet normal 0.21153 0.977371 0
    outer loop
      vertex 15.1109 11.4523 5
      vertex 15.1876 11.4357 0
      vertex 15.1109 11.4523 0
    endloop
  endfacet
  facet normal 0.999863 -0.0165582 -1.5846e-20
    outer loop
      vertex 14.5183 12.1988 5
      vertex 14.5196 12.2773 0
      vertex 14.5196 12.2773 5
    endloop
  endfacet
  facet normal 0.999863 -0.0165582 -1.5846e-20
    outer loop
      vertex 14.5196 12.2773 0
      vertex 14.5183 12.1988 5
      vertex 14.5183 12.1988 0
    endloop
  endfacet
  facet normal 0.993409 -0.114624 -1.21228e-19
    outer loop
      vertex 14.5196 12.2773 5
      vertex 14.5286 12.3553 0
      vertex 14.5286 12.3553 5
    endloop
  endfacet
  facet normal 0.993409 -0.114624 -1.21228e-19
    outer loop
      vertex 14.5286 12.3553 0
      vertex 14.5196 12.2773 5
      vertex 14.5196 12.2773 0
    endloop
  endfacet
  facet normal 0.996563 0.0828345 1.43026e-20
    outer loop
      vertex 14.5248 12.1206 5
      vertex 14.5183 12.1988 0
      vertex 14.5183 12.1988 5
    endloop
  endfacet
  facet normal 0.996563 0.0828345 1.43026e-20
    outer loop
      vertex 14.5183 12.1988 0
      vertex 14.5248 12.1206 5
      vertex 14.5248 12.1206 0
    endloop
  endfacet
  facet normal 0.930224 0.366992 -3.3568e-19
    outer loop
      vertex 14.5892 11.8948 5
      vertex 14.5604 11.9678 0
      vertex 14.5604 11.9678 5
    endloop
  endfacet
  facet normal 0.930224 0.366992 -3.3568e-19
    outer loop
      vertex 14.5604 11.9678 0
      vertex 14.5892 11.8948 5
      vertex 14.5892 11.8948 0
    endloop
  endfacet
  facet normal 0.646798 0.762661 -0
    outer loop
      vertex 14.8309 11.5903 0
      vertex 14.771 11.6411 5
      vertex 14.8309 11.5903 5
    endloop
  endfacet
  facet normal 0.646798 0.762661 0
    outer loop
      vertex 14.771 11.6411 5
      vertex 14.8309 11.5903 0
      vertex 14.771 11.6411 0
    endloop
  endfacet
  facet normal 0.889273 0.457377 -1.40828e-19
    outer loop
      vertex 14.6251 11.825 5
      vertex 14.5892 11.8948 0
      vertex 14.5892 11.8948 5
    endloop
  endfacet
  facet normal 0.889273 0.457377 -1.40828e-19
    outer loop
      vertex 14.5892 11.8948 0
      vertex 14.6251 11.825 5
      vertex 14.6251 11.825 0
    endloop
  endfacet
  facet normal 0.917915 -0.396776 7.00695e-20
    outer loop
      vertex 14.5692 12.5068 5
      vertex 14.5826 12.5378 0
      vertex 14.5826 12.5378 5
    endloop
  endfacet
  facet normal 0.917915 -0.396776 7.00695e-20
    outer loop
      vertex 14.5826 12.5378 0
      vertex 14.5692 12.5068 5
      vertex 14.5692 12.5068 0
    endloop
  endfacet
  facet normal 0.977428 -0.211267 -2.64922e-19
    outer loop
      vertex 14.5286 12.3553 5
      vertex 14.5452 12.4321 0
      vertex 14.5452 12.4321 5
    endloop
  endfacet
  facet normal 0.977428 -0.211267 -2.64922e-19
    outer loop
      vertex 14.5452 12.4321 0
      vertex 14.5286 12.3553 5
      vertex 14.5286 12.3553 0
    endloop
  endfacet
  facet normal 0.961428 0.275057 2.71004e-19
    outer loop
      vertex 14.5604 11.9678 5
      vertex 14.5388 12.0433 0
      vertex 14.5388 12.0433 5
    endloop
  endfacet
  facet normal 0.961428 0.275057 2.71004e-19
    outer loop
      vertex 14.5388 12.0433 0
      vertex 14.5604 11.9678 5
      vertex 14.5604 11.9678 0
    endloop
  endfacet
  facet normal 0.998765 -0.0496771 5.11816e-20
    outer loop
      vertex 15.65 8 5
      vertex 15.6539 8.07841 0
      vertex 15.6539 8.07841 5
    endloop
  endfacet
  facet normal 0.998765 -0.0496771 5.11816e-20
    outer loop
      vertex 15.6539 8.07841 0
      vertex 15.65 8 5
      vertex 15.65 8 0
    endloop
  endfacet
  facet normal 0.671353 -0.741137 0
    outer loop
      vertex 15.8843 8.56569 0
      vertex 15.9425 8.61841 5
      vertex 15.8843 8.56569 5
    endloop
  endfacet
  facet normal 0.671353 -0.741137 0
    outer loop
      vertex 15.9425 8.61841 5
      vertex 15.8843 8.56569 0
      vertex 15.9425 8.61841 0
    endloop
  endfacet
  facet normal 0.941338 -0.337466 -2.21125e-20
    outer loop
      vertex 15.6844 8.23223 5
      vertex 15.7109 8.30615 0
      vertex 15.7109 8.30615 5
    endloop
  endfacet
  facet normal 0.941338 -0.337466 -2.21125e-20
    outer loop
      vertex 15.7109 8.30615 0
      vertex 15.6844 8.23223 5
      vertex 15.6844 8.23223 0
    endloop
  endfacet
  facet normal 0.903823 0.427906 -4.09914e-20
    outer loop
      vertex 15.7445 7.62288 5
      vertex 15.7109 7.69385 0
      vertex 15.7109 7.69385 5
    endloop
  endfacet
  facet normal 0.903823 0.427906 -4.09914e-20
    outer loop
      vertex 15.7109 7.69385 0
      vertex 15.7445 7.62288 5
      vertex 15.7445 7.62288 0
    endloop
  endfacet
  facet normal 0.741149 0.67134 -2.83245e-19
    outer loop
      vertex 15.8843 7.43431 5
      vertex 15.8316 7.49249 0
      vertex 15.8316 7.49249 5
    endloop
  endfacet
  facet normal 0.741149 0.67134 -2.83245e-19
    outer loop
      vertex 15.8316 7.49249 0
      vertex 15.8843 7.43431 5
      vertex 15.8843 7.43431 0
    endloop
  endfacet
  facet normal 0.741149 -0.67134 2.83245e-19
    outer loop
      vertex 15.8316 8.50751 5
      vertex 15.8843 8.56569 0
      vertex 15.8843 8.56569 5
    endloop
  endfacet
  facet normal 0.741149 -0.67134 2.83245e-19
    outer loop
      vertex 15.8843 8.56569 0
      vertex 15.8316 8.50751 5
      vertex 15.8316 8.50751 0
    endloop
  endfacet
  facet normal 0.970262 -0.242056 -1.86145e-19
    outer loop
      vertex 15.6654 8.15607 5
      vertex 15.6844 8.23223 0
      vertex 15.6844 8.23223 5
    endloop
  endfacet
  facet normal 0.970262 -0.242056 -1.86145e-19
    outer loop
      vertex 15.6844 8.23223 0
      vertex 15.6654 8.15607 5
      vertex 15.6654 8.15607 0
    endloop
  endfacet
  facet normal 0.80297 0.596019 1.08952e-19
    outer loop
      vertex 15.8316 7.49249 5
      vertex 15.7848 7.55554 0
      vertex 15.7848 7.55554 5
    endloop
  endfacet
  facet normal 0.80297 0.596019 1.08952e-19
    outer loop
      vertex 15.7848 7.55554 0
      vertex 15.8316 7.49249 5
      vertex 15.8316 7.49249 0
    endloop
  endfacet
  facet normal 0.858077 0.513521 -3.32433e-19
    outer loop
      vertex 15.7848 7.55554 5
      vertex 15.7445 7.62288 0
      vertex 15.7445 7.62288 5
    endloop
  endfacet
  facet normal 0.858077 0.513521 -3.32433e-19
    outer loop
      vertex 15.7445 7.62288 0
      vertex 15.7848 7.55554 5
      vertex 15.7848 7.55554 0
    endloop
  endfacet
  facet normal 0.989213 0.146484 -5.12491e-20
    outer loop
      vertex 15.6654 7.84393 5
      vertex 15.6539 7.92159 0
      vertex 15.6539 7.92159 5
    endloop
  endfacet
  facet normal 0.989213 0.146484 -5.12491e-20
    outer loop
      vertex 15.6539 7.92159 0
      vertex 15.6654 7.84393 5
      vertex 15.6654 7.84393 0
    endloop
  endfacet
  facet normal 0.970262 0.242056 8.90259e-20
    outer loop
      vertex 15.6844 7.76777 5
      vertex 15.6654 7.84393 0
      vertex 15.6654 7.84393 5
    endloop
  endfacet
  facet normal 0.970262 0.242056 8.90259e-20
    outer loop
      vertex 15.6654 7.84393 0
      vertex 15.6844 7.76777 5
      vertex 15.6844 7.76777 0
    endloop
  endfacet
  facet normal 0.998765 0.0496771 -5.11816e-20
    outer loop
      vertex 15.6539 7.92159 5
      vertex 15.65 8 0
      vertex 15.65 8 5
    endloop
  endfacet
  facet normal 0.998765 0.0496771 -5.11816e-20
    outer loop
      vertex 15.65 8 0
      vertex 15.6539 7.92159 5
      vertex 15.6539 7.92159 0
    endloop
  endfacet
  facet normal 0.595279 0.803519 -0
    outer loop
      vertex 15.9687 7.36218 0
      vertex 15.9425 7.38159 5
      vertex 15.9687 7.36218 5
    endloop
  endfacet
  facet normal 0.595279 0.803519 0
    outer loop
      vertex 15.9425 7.38159 5
      vertex 15.9687 7.36218 0
      vertex 15.9425 7.38159 0
    endloop
  endfacet
  facet normal 0.671353 0.741137 -0
    outer loop
      vertex 15.9425 7.38159 0
      vertex 15.8843 7.43431 5
      vertex 15.9425 7.38159 5
    endloop
  endfacet
  facet normal 0.671353 0.741137 0
    outer loop
      vertex 15.8843 7.43431 5
      vertex 15.9425 7.38159 0
      vertex 15.8843 7.43431 0
    endloop
  endfacet
  facet normal 0.595477 -0.803372 0
    outer loop
      vertex 15.9425 8.61841 0
      vertex 15.9687 8.63783 5
      vertex 15.9425 8.61841 5
    endloop
  endfacet
  facet normal 0.595477 -0.803372 0
    outer loop
      vertex 15.9687 8.63783 5
      vertex 15.9425 8.61841 0
      vertex 15.9687 8.63783 0
    endloop
  endfacet
  facet normal 0.858077 -0.513521 -1.82406e-19
    outer loop
      vertex 15.7445 8.37712 5
      vertex 15.7848 8.44446 0
      vertex 15.7848 8.44446 5
    endloop
  endfacet
  facet normal 0.858077 -0.513521 -1.82406e-19
    outer loop
      vertex 15.7848 8.44446 0
      vertex 15.7445 8.37712 5
      vertex 15.7445 8.37712 0
    endloop
  endfacet
  facet normal 0.80297 -0.596019 6.09485e-20
    outer loop
      vertex 15.7848 8.44446 5
      vertex 15.8316 8.50751 0
      vertex 15.8316 8.50751 5
    endloop
  endfacet
  facet normal 0.80297 -0.596019 6.09485e-20
    outer loop
      vertex 15.8316 8.50751 0
      vertex 15.7848 8.44446 5
      vertex 15.7848 8.44446 0
    endloop
  endfacet
  facet normal 0.903823 -0.427906 -1.66123e-19
    outer loop
      vertex 15.7109 8.30615 5
      vertex 15.7445 8.37712 0
      vertex 15.7445 8.37712 5
    endloop
  endfacet
  facet normal 0.903823 -0.427906 -1.66123e-19
    outer loop
      vertex 15.7445 8.37712 0
      vertex 15.7109 8.30615 5
      vertex 15.7109 8.30615 0
    endloop
  endfacet
  facet normal 0.989213 -0.146484 5.12491e-20
    outer loop
      vertex 15.6539 8.07841 5
      vertex 15.6654 8.15607 0
      vertex 15.6654 8.15607 5
    endloop
  endfacet
  facet normal 0.989213 -0.146484 5.12491e-20
    outer loop
      vertex 15.6654 8.15607 0
      vertex 15.6539 8.07841 5
      vertex 15.6539 8.07841 0
    endloop
  endfacet
  facet normal 0.941338 0.337466 5.25846e-19
    outer loop
      vertex 15.7109 7.69385 5
      vertex 15.6844 7.76777 0
      vertex 15.6844 7.76777 5
    endloop
  endfacet
  facet normal 0.941338 0.337466 5.25846e-19
    outer loop
      vertex 15.6844 7.76777 0
      vertex 15.7109 7.69385 5
      vertex 15.7109 7.69385 0
    endloop
  endfacet
  facet normal 0.84069 -0.541517 6.52949e-20
    outer loop
      vertex 14.6251 4.175 5
      vertex 14.6676 4.24098 0
      vertex 14.6676 4.24098 5
    endloop
  endfacet
  facet normal 0.84069 -0.541517 6.52949e-20
    outer loop
      vertex 14.6676 4.24098 0
      vertex 14.6251 4.175 5
      vertex 14.6251 4.175 0
    endloop
  endfacet
  facet normal 0.996567 -0.0827925 -1.80714e-20
    outer loop
      vertex 14.5183 3.80118 5
      vertex 14.5248 3.87942 0
      vertex 14.5248 3.87942 5
    endloop
  endfacet
  facet normal 0.996567 -0.0827925 -1.80714e-20
    outer loop
      vertex 14.5248 3.87942 0
      vertex 14.5183 3.80118 5
      vertex 14.5183 3.80118 0
    endloop
  endfacet
  facet normal 0.977389 0.211451 1.08165e-19
    outer loop
      vertex 14.5452 3.56795 5
      vertex 14.5286 3.64468 0
      vertex 14.5286 3.64468 5
    endloop
  endfacet
  facet normal 0.977389 0.211451 1.08165e-19
    outer loop
      vertex 14.5286 3.64468 0
      vertex 14.5452 3.56795 5
      vertex 14.5452 3.56795 0
    endloop
  endfacet
  facet normal 0.930258 -0.366905 5.49802e-19
    outer loop
      vertex 14.5604 4.03215 5
      vertex 14.5892 4.10517 0
      vertex 14.5892 4.10517 5
    endloop
  endfacet
  facet normal 0.930258 -0.366905 5.49802e-19
    outer loop
      vertex 14.5892 4.10517 0
      vertex 14.5604 4.03215 5
      vertex 14.5604 4.03215 0
    endloop
  endfacet
  facet normal 0.993409 0.114624 8.36056e-20
    outer loop
      vertex 14.5286 3.64468 5
      vertex 14.5196 3.72268 0
      vertex 14.5196 3.72268 5
    endloop
  endfacet
  facet normal 0.993409 0.114624 8.36056e-20
    outer loop
      vertex 14.5196 3.72268 0
      vertex 14.5286 3.64468 5
      vertex 14.5286 3.64468 0
    endloop
  endfacet
  facet normal 0.999863 0.0165582 1.5846e-20
    outer loop
      vertex 14.5196 3.72268 5
      vertex 14.5183 3.80118 0
      vertex 14.5183 3.80118 5
    endloop
  endfacet
  facet normal 0.999863 0.0165582 1.5846e-20
    outer loop
      vertex 14.5183 3.80118 0
      vertex 14.5196 3.72268 5
      vertex 14.5196 3.72268 0
    endloop
  endfacet
  facet normal 0.983968 -0.178347 -2.23092e-19
    outer loop
      vertex 14.5248 3.87942 5
      vertex 14.5388 3.95666 0
      vertex 14.5388 3.95666 5
    endloop
  endfacet
  facet normal 0.983968 -0.178347 -2.23092e-19
    outer loop
      vertex 14.5388 3.95666 0
      vertex 14.5248 3.87942 5
      vertex 14.5248 3.87942 0
    endloop
  endfacet
  facet normal 0.889353 -0.457221 8.09084e-21
    outer loop
      vertex 14.5892 4.10517 5
      vertex 14.6251 4.175 0
      vertex 14.6251 4.175 5
    endloop
  endfacet
  facet normal 0.889353 -0.457221 8.09084e-21
    outer loop
      vertex 14.6251 4.175 0
      vertex 14.5892 4.10517 5
      vertex 14.5892 4.10517 0
    endloop
  endfacet
  facet normal 0.917822 0.396992 -5.05025e-20
    outer loop
      vertex 14.5826 3.46222 5
      vertex 14.5692 3.4932 0
      vertex 14.5692 3.4932 5
    endloop
  endfacet
  facet normal 0.917822 0.396992 -5.05025e-20
    outer loop
      vertex 14.5692 3.4932 0
      vertex 14.5826 3.46222 5
      vertex 14.5826 3.46222 0
    endloop
  endfacet
  facet normal 0.952128 0.3057 2.32235e-19
    outer loop
      vertex 14.5692 3.4932 5
      vertex 14.5452 3.56795 0
      vertex 14.5452 3.56795 5
    endloop
  endfacet
  facet normal 0.952128 0.3057 2.32235e-19
    outer loop
      vertex 14.5452 3.56795 0
      vertex 14.5692 3.4932 5
      vertex 14.5692 3.4932 0
    endloop
  endfacet
  facet normal 0.961418 -0.275091 1.78264e-19
    outer loop
      vertex 14.5388 3.95666 5
      vertex 14.5604 4.03215 0
      vertex 14.5604 4.03215 5
    endloop
  endfacet
  facet normal 0.961418 -0.275091 1.78264e-19
    outer loop
      vertex 14.5604 4.03215 0
      vertex 14.5388 3.95666 5
      vertex 14.5388 3.95666 0
    endloop
  endfacet
  facet normal 0.211165 -0.97745 0
    outer loop
      vertex 15.1109 4.54774 0
      vertex 15.1876 4.56431 5
      vertex 15.1109 4.54774 5
    endloop
  endfacet
  facet normal 0.211165 -0.97745 0
    outer loop
      vertex 15.1876 4.56431 5
      vertex 15.1109 4.54774 0
      vertex 15.1876 4.56431 0
    endloop
  endfacet
  facet normal 0.30563 -0.95215 0
    outer loop
      vertex 15.0361 4.52373 0
      vertex 15.1109 4.54774 5
      vertex 15.0361 4.52373 5
    endloop
  endfacet
  facet normal 0.30563 -0.95215 0
    outer loop
      vertex 15.1109 4.54774 5
      vertex 15.0361 4.52373 0
      vertex 15.1109 4.54774 0
    endloop
  endfacet
  facet normal 0.646724 -0.762724 0
    outer loop
      vertex 14.771 4.35889 0
      vertex 14.8309 4.40968 5
      vertex 14.771 4.35889 5
    endloop
  endfacet
  facet normal 0.646724 -0.762724 0
    outer loop
      vertex 14.8309 4.40968 5
      vertex 14.771 4.35889 0
      vertex 14.8309 4.40968 0
    endloop
  endfacet
  facet normal 0.718541 -0.695485 3.06418e-19
    outer loop
      vertex 14.7164 4.30248 5
      vertex 14.771 4.35889 0
      vertex 14.771 4.35889 5
    endloop
  endfacet
  facet normal 0.718541 -0.695485 3.06418e-19
    outer loop
      vertex 14.771 4.35889 0
      vertex 14.7164 4.30248 5
      vertex 14.7164 4.30248 0
    endloop
  endfacet
  facet normal 0.783348 -0.621583 -2.89144e-19
    outer loop
      vertex 14.6676 4.24098 5
      vertex 14.7164 4.30248 0
      vertex 14.7164 4.30248 5
    endloop
  endfacet
  facet normal 0.783348 -0.621583 -2.89144e-19
    outer loop
      vertex 14.7164 4.30248 0
      vertex 14.6676 4.24098 5
      vertex 14.6676 4.24098 0
    endloop
  endfacet
  facet normal 0.114247 -0.993452 0
    outer loop
      vertex 15.1876 4.56431 0
      vertex 15.2156 4.56753 5
      vertex 15.1876 4.56431 5
    endloop
  endfacet
  facet normal 0.114247 -0.993452 0
    outer loop
      vertex 15.2156 4.56753 5
      vertex 15.1876 4.56431 0
      vertex 15.2156 4.56753 0
    endloop
  endfacet
  facet normal 0.397929 -0.917416 0
    outer loop
      vertex 14.9641 4.4925 0
      vertex 15.0361 4.52373 5
      vertex 14.9641 4.4925 5
    endloop
  endfacet
  facet normal 0.397929 -0.917416 0
    outer loop
      vertex 15.0361 4.52373 5
      vertex 14.9641 4.4925 0
      vertex 15.0361 4.52373 0
    endloop
  endfacet
  facet normal 0.485924 -0.874001 0
    outer loop
      vertex 14.8955 4.45436 0
      vertex 14.9641 4.4925 5
      vertex 14.8955 4.45436 5
    endloop
  endfacet
  facet normal 0.485924 -0.874001 0
    outer loop
      vertex 14.9641 4.4925 5
      vertex 14.8955 4.45436 0
      vertex 14.9641 4.4925 0
    endloop
  endfacet
  facet normal 0.568839 -0.822449 0
    outer loop
      vertex 14.8309 4.40968 0
      vertex 14.8955 4.45436 5
      vertex 14.8309 4.40968 5
    endloop
  endfacet
  facet normal 0.568839 -0.822449 0
    outer loop
      vertex 14.8955 4.45436 5
      vertex 14.8309 4.40968 0
      vertex 14.8955 4.45436 0
    endloop
  endfacet
  facet normal 0.457074 -0.889428 0
    outer loop
      vertex 11.825 1.37491 0
      vertex 11.8948 1.41078 5
      vertex 11.825 1.37491 5
    endloop
  endfacet
  facet normal 0.457074 -0.889428 0
    outer loop
      vertex 11.8948 1.41078 5
      vertex 11.825 1.37491 0
      vertex 11.8948 1.41078 0
    endloop
  endfacet
  facet normal -0.306116 -0.951994 0
    outer loop
      vertex 12.4321 1.45483 0
      vertex 12.5068 1.43081 5
      vertex 12.4321 1.45483 5
    endloop
  endfacet
  facet normal -0.306116 -0.951994 -0
    outer loop
      vertex 12.5068 1.43081 5
      vertex 12.4321 1.45483 0
      vertex 12.5068 1.43081 0
    endloop
  endfacet
  facet normal 0.952122 -0.305718 4.90933e-20
    outer loop
      vertex 11.4523 0.889141 5
      vertex 11.4763 0.963886 0
      vertex 11.4763 0.963886 5
    endloop
  endfacet
  facet normal 0.952122 -0.305718 4.90933e-20
    outer loop
      vertex 11.4763 0.963886 0
      vertex 11.4523 0.889141 5
      vertex 11.4523 0.889141 0
    endloop
  endfacet
  facet normal 0.178829 -0.98388 0
    outer loop
      vertex 12.0433 1.46119 0
      vertex 12.1206 1.47524 5
      vertex 12.0433 1.46119 5
    endloop
  endfacet
  facet normal 0.178829 -0.98388 0
    outer loop
      vertex 12.1206 1.47524 5
      vertex 12.0433 1.46119 0
      vertex 12.1206 1.47524 0
    endloop
  endfacet
  facet normal 0.822165 -0.56925 1.80141e-19
    outer loop
      vertex 11.5456 1.10454 5
      vertex 11.5903 1.1691 0
      vertex 11.5903 1.1691 5
    endloop
  endfacet
  facet normal 0.822165 -0.56925 1.80141e-19
    outer loop
      vertex 11.5903 1.1691 0
      vertex 11.5456 1.10454 5
      vertex 11.5456 1.10454 0
    endloop
  endfacet
  facet normal 0.874277 -0.485427 2.44977e-19
    outer loop
      vertex 11.5075 1.03592 5
      vertex 11.5456 1.10454 0
      vertex 11.5456 1.10454 5
    endloop
  endfacet
  facet normal 0.874277 -0.485427 2.44977e-19
    outer loop
      vertex 11.5456 1.10454 0
      vertex 11.5075 1.03592 5
      vertex 11.5075 1.03592 0
    endloop
  endfacet
  facet normal -0.210902 -0.977507 0
    outer loop
      vertex 12.3553 1.4714 0
      vertex 12.4321 1.45483 5
      vertex 12.3553 1.4714 5
    endloop
  endfacet
  facet normal -0.210902 -0.977507 -0
    outer loop
      vertex 12.4321 1.45483 5
      vertex 12.3553 1.4714 0
      vertex 12.4321 1.45483 0
    endloop
  endfacet
  facet normal 0.274587 -0.961562 0
    outer loop
      vertex 11.9678 1.43963 0
      vertex 12.0433 1.46119 5
      vertex 11.9678 1.43963 5
    endloop
  endfacet
  facet normal 0.274587 -0.961562 0
    outer loop
      vertex 12.0433 1.46119 5
      vertex 11.9678 1.43963 0
      vertex 12.0433 1.46119 0
    endloop
  endfacet
  facet normal 0.621583 -0.783348 0
    outer loop
      vertex 11.6975 1.28356 0
      vertex 11.759 1.33236 5
      vertex 11.6975 1.28356 5
    endloop
  endfacet
  facet normal 0.621583 -0.783348 0
    outer loop
      vertex 11.759 1.33236 5
      vertex 11.6975 1.28356 0
      vertex 11.759 1.33236 0
    endloop
  endfacet
  facet normal 0.917624 -0.397449 -4.44015e-19
    outer loop
      vertex 11.4763 0.963886 5
      vertex 11.5075 1.03592 0
      vertex 11.5075 1.03592 5
    endloop
  endfacet
  facet normal 0.917624 -0.397449 -4.44015e-19
    outer loop
      vertex 11.5075 1.03592 0
      vertex 11.4763 0.963886 5
      vertex 11.4763 0.963886 0
    endloop
  endfacet
  facet normal 0.762448 -0.647049 -1.48346e-19
    outer loop
      vertex 11.5903 1.1691 5
      vertex 11.6411 1.22896 0
      vertex 11.6411 1.22896 5
    endloop
  endfacet
  facet normal 0.762448 -0.647049 -1.48346e-19
    outer loop
      vertex 11.6411 1.22896 0
      vertex 11.5903 1.1691 5
      vertex 11.5903 1.1691 0
    endloop
  endfacet
  facet normal 0.695549 -0.718479 0
    outer loop
      vertex 11.6411 1.22896 0
      vertex 11.6975 1.28356 5
      vertex 11.6411 1.22896 5
    endloop
  endfacet
  facet normal 0.695549 -0.718479 0
    outer loop
      vertex 11.6975 1.28356 5
      vertex 11.6411 1.22896 0
      vertex 11.6975 1.28356 0
    endloop
  endfacet
  facet normal 0.541851 -0.840474 0
    outer loop
      vertex 11.759 1.33236 0
      vertex 11.825 1.37491 5
      vertex 11.759 1.33236 5
    endloop
  endfacet
  facet normal 0.541851 -0.840474 0
    outer loop
      vertex 11.825 1.37491 5
      vertex 11.759 1.33236 0
      vertex 11.825 1.37491 0
    endloop
  endfacet
  facet normal 0.993518 -0.113675 2.83969e-20
    outer loop
      vertex 11.4325 0.784434 5
      vertex 11.4357 0.812402 0
      vertex 11.4357 0.812402 5
    endloop
  endfacet
  facet normal 0.993518 -0.113675 2.83969e-20
    outer loop
      vertex 11.4357 0.812402 0
      vertex 11.4325 0.784434 5
      vertex 11.4325 0.784434 0
    endloop
  endfacet
  facet normal 0.977394 -0.211428 -2.15766e-21
    outer loop
      vertex 11.4357 0.812402 5
      vertex 11.4523 0.889141 0
      vertex 11.4523 0.889141 5
    endloop
  endfacet
  facet normal 0.977394 -0.211428 -2.15766e-21
    outer loop
      vertex 11.4523 0.889141 0
      vertex 11.4357 0.812402 5
      vertex 11.4357 0.812402 0
    endloop
  endfacet
  facet normal -0.0164309 -0.999865 0
    outer loop
      vertex 12.1988 1.48166 0
      vertex 12.2773 1.48037 5
      vertex 12.1988 1.48166 5
    endloop
  endfacet
  facet normal -0.0164309 -0.999865 -0
    outer loop
      vertex 12.2773 1.48037 5
      vertex 12.1988 1.48166 0
      vertex 12.2773 1.48037 0
    endloop
  endfacet
  facet normal -0.114247 -0.993452 0
    outer loop
      vertex 12.2773 1.48037 0
      vertex 12.3553 1.4714 5
      vertex 12.2773 1.48037 5
    endloop
  endfacet
  facet normal -0.114247 -0.993452 -0
    outer loop
      vertex 12.3553 1.4714 5
      vertex 12.2773 1.48037 0
      vertex 12.3553 1.4714 0
    endloop
  endfacet
  facet normal 0.0818219 -0.996647 0
    outer loop
      vertex 12.1206 1.47524 0
      vertex 12.1988 1.48166 5
      vertex 12.1206 1.47524 5
    endloop
  endfacet
  facet normal 0.0818219 -0.996647 0
    outer loop
      vertex 12.1988 1.48166 5
      vertex 12.1206 1.47524 0
      vertex 12.1988 1.48166 0
    endloop
  endfacet
  facet normal 0.367544 -0.930006 0
    outer loop
      vertex 11.8948 1.41078 0
      vertex 11.9678 1.43963 5
      vertex 11.8948 1.41078 5
    endloop
  endfacet
  facet normal 0.367544 -0.930006 0
    outer loop
      vertex 11.9678 1.43963 5
      vertex 11.8948 1.41078 0
      vertex 11.9678 1.43963 0
    endloop
  endfacet
  facet normal -0.397524 -0.917592 0
    outer loop
      vertex 12.5068 1.43081 0
      vertex 12.5378 1.41738 5
      vertex 12.5068 1.43081 5
    endloop
  endfacet
  facet normal -0.397524 -0.917592 -0
    outer loop
      vertex 12.5378 1.41738 5
      vertex 12.5068 1.43081 0
      vertex 12.5378 1.41738 0
    endloop
  endfacet
  facet normal -0.0490672 -0.998795 0
    outer loop
      vertex 8 0.35 0
      vertex 8.07841 0.346148 5
      vertex 8 0.35 5
    endloop
  endfacet
  facet normal -0.0490672 -0.998795 -0
    outer loop
      vertex 8.07841 0.346148 5
      vertex 8 0.35 0
      vertex 8.07841 0.346148 0
    endloop
  endfacet
  facet normal -0.740965 -0.671544 4.63946e-19
    outer loop
      vertex 8.61841 0.0575151 0
      vertex 8.56569 0.115685 5
      vertex 8.56569 0.115685 0
    endloop
  endfacet
  facet normal -0.740965 -0.671544 4.63946e-19
    outer loop
      vertex 8.56569 0.115685 5
      vertex 8.61841 0.0575151 0
      vertex 8.61841 0.0575151 5
    endloop
  endfacet
  facet normal 0.671501 -0.741004 0
    outer loop
      vertex 7.43431 0.115685 0
      vertex 7.49249 0.168408 5
      vertex 7.43431 0.115685 5
    endloop
  endfacet
  facet normal 0.671501 -0.741004 0
    outer loop
      vertex 7.49249 0.168408 5
      vertex 7.43431 0.115685 0
      vertex 7.49249 0.168408 0
    endloop
  endfacet
  facet normal -0.427562 -0.903986 0
    outer loop
      vertex 8.30615 0.289104 0
      vertex 8.37712 0.255537 5
      vertex 8.30615 0.289104 5
    endloop
  endfacet
  facet normal -0.427562 -0.903986 -0
    outer loop
      vertex 8.37712 0.255537 5
      vertex 8.30615 0.289104 0
      vertex 8.37712 0.255537 0
    endloop
  endfacet
  facet normal 0.33689 -0.941544 0
    outer loop
      vertex 7.69385 0.289104 0
      vertex 7.76777 0.315553 5
      vertex 7.69385 0.289104 5
    endloop
  endfacet
  facet normal 0.33689 -0.941544 0
    outer loop
      vertex 7.76777 0.315553 5
      vertex 7.69385 0.289104 0
      vertex 7.76777 0.315553 0
    endloop
  endfacet
  facet normal -0.242967 -0.970035 0
    outer loop
      vertex 8.15607 0.334629 0
      vertex 8.23223 0.315553 5
      vertex 8.15607 0.334629 5
    endloop
  endfacet
  facet normal -0.242967 -0.970035 -0
    outer loop
      vertex 8.23223 0.315553 5
      vertex 8.15607 0.334629 0
      vertex 8.23223 0.315553 0
    endloop
  endfacet
  facet normal 0.146721 -0.989178 0
    outer loop
      vertex 7.84393 0.334629 0
      vertex 7.92159 0.346148 5
      vertex 7.84393 0.334629 5
    endloop
  endfacet
  facet normal 0.146721 -0.989178 0
    outer loop
      vertex 7.92159 0.346148 5
      vertex 7.84393 0.334629 0
      vertex 7.92159 0.346148 0
    endloop
  endfacet
  facet normal 0.514084 -0.85774 0
    outer loop
      vertex 7.55554 0.215177 0
      vertex 7.62288 0.255537 5
      vertex 7.55554 0.215177 5
    endloop
  endfacet
  facet normal 0.514084 -0.85774 0
    outer loop
      vertex 7.62288 0.255537 5
      vertex 7.55554 0.215177 0
      vertex 7.62288 0.255537 0
    endloop
  endfacet
  facet normal 0.595764 -0.803159 0
    outer loop
      vertex 7.49249 0.168408 0
      vertex 7.55554 0.215177 5
      vertex 7.49249 0.168408 5
    endloop
  endfacet
  facet normal 0.595764 -0.803159 0
    outer loop
      vertex 7.55554 0.215177 5
      vertex 7.49249 0.168408 0
      vertex 7.55554 0.215177 0
    endloop
  endfacet
  facet normal 0.427562 -0.903986 0
    outer loop
      vertex 7.62288 0.255537 0
      vertex 7.69385 0.289104 5
      vertex 7.62288 0.255537 5
    endloop
  endfacet
  facet normal 0.427562 -0.903986 0
    outer loop
      vertex 7.69385 0.289104 5
      vertex 7.62288 0.255537 0
      vertex 7.69385 0.289104 0
    endloop
  endfacet
  facet normal 0.242967 -0.970035 0
    outer loop
      vertex 7.76777 0.315553 0
      vertex 7.84393 0.334629 5
      vertex 7.76777 0.315553 5
    endloop
  endfacet
  facet normal 0.242967 -0.970035 0
    outer loop
      vertex 7.84393 0.334629 5
      vertex 7.76777 0.315553 0
      vertex 7.84393 0.334629 0
    endloop
  endfacet
  facet normal 0.0490672 -0.998795 0
    outer loop
      vertex 7.92159 0.346148 0
      vertex 8 0.35 5
      vertex 7.92159 0.346148 5
    endloop
  endfacet
  facet normal 0.0490672 -0.998795 0
    outer loop
      vertex 8 0.35 5
      vertex 7.92159 0.346148 0
      vertex 8 0.35 0
    endloop
  endfacet
  facet normal 0.803305 -0.595568 -1.38072e-19
    outer loop
      vertex 7.36218 0.0313348 5
      vertex 7.38159 0.0575151 0
      vertex 7.38159 0.0575151 5
    endloop
  endfacet
  facet normal 0.803305 -0.595568 -1.38072e-19
    outer loop
      vertex 7.38159 0.0575151 0
      vertex 7.36218 0.0313348 5
      vertex 7.36218 0.0313348 0
    endloop
  endfacet
  facet normal 0.740965 -0.671544 -3.18289e-19
    outer loop
      vertex 7.38159 0.0575151 5
      vertex 7.43431 0.115685 0
      vertex 7.43431 0.115685 5
    endloop
  endfacet
  facet normal 0.740965 -0.671544 -3.18289e-19
    outer loop
      vertex 7.43431 0.115685 0
      vertex 7.38159 0.0575151 5
      vertex 7.38159 0.0575151 0
    endloop
  endfacet
  facet normal -0.803158 -0.595766 9.09483e-21
    outer loop
      vertex 8.63783 0.0313348 0
      vertex 8.61841 0.0575151 5
      vertex 8.61841 0.0575151 0
    endloop
  endfacet
  facet normal -0.803158 -0.595766 9.09483e-21
    outer loop
      vertex 8.61841 0.0575151 5
      vertex 8.63783 0.0313348 0
      vertex 8.63783 0.0313348 5
    endloop
  endfacet
  facet normal -0.595764 -0.803159 0
    outer loop
      vertex 8.44446 0.215177 0
      vertex 8.50751 0.168408 5
      vertex 8.44446 0.215177 5
    endloop
  endfacet
  facet normal -0.595764 -0.803159 -0
    outer loop
      vertex 8.50751 0.168408 5
      vertex 8.44446 0.215177 0
      vertex 8.50751 0.168408 0
    endloop
  endfacet
  facet normal -0.514084 -0.85774 0
    outer loop
      vertex 8.37712 0.255537 0
      vertex 8.44446 0.215177 5
      vertex 8.37712 0.255537 5
    endloop
  endfacet
  facet normal -0.514084 -0.85774 -0
    outer loop
      vertex 8.44446 0.215177 5
      vertex 8.37712 0.255537 0
      vertex 8.44446 0.215177 0
    endloop
  endfacet
  facet normal -0.671501 -0.741004 0
    outer loop
      vertex 8.50751 0.168408 0
      vertex 8.56569 0.115685 5
      vertex 8.50751 0.168408 5
    endloop
  endfacet
  facet normal -0.671501 -0.741004 -0
    outer loop
      vertex 8.56569 0.115685 5
      vertex 8.50751 0.168408 0
      vertex 8.56569 0.115685 0
    endloop
  endfacet
  facet normal -0.33689 -0.941544 0
    outer loop
      vertex 8.23223 0.315553 0
      vertex 8.30615 0.289104 5
      vertex 8.23223 0.315553 5
    endloop
  endfacet
  facet normal -0.33689 -0.941544 -0
    outer loop
      vertex 8.30615 0.289104 5
      vertex 8.23223 0.315553 0
      vertex 8.30615 0.289104 0
    endloop
  endfacet
  facet normal -0.146721 -0.989178 0
    outer loop
      vertex 8.07841 0.346148 0
      vertex 8.15607 0.334629 5
      vertex 8.07841 0.346148 5
    endloop
  endfacet
  facet normal -0.146721 -0.989178 -0
    outer loop
      vertex 8.15607 0.334629 5
      vertex 8.07841 0.346148 0
      vertex 8.15607 0.334629 0
    endloop
  endfacet
  facet normal -0.541967 -0.8404 0
    outer loop
      vertex 4.175 1.37491 0
      vertex 4.24098 1.33236 5
      vertex 4.175 1.37491 5
    endloop
  endfacet
  facet normal -0.541967 -0.8404 -0
    outer loop
      vertex 4.24098 1.33236 5
      vertex 4.175 1.37491 0
      vertex 4.24098 1.33236 0
    endloop
  endfacet
  facet normal 0.211086 -0.977467 0
    outer loop
      vertex 3.56795 1.45483 0
      vertex 3.64468 1.4714 5
      vertex 3.56795 1.45483 5
    endloop
  endfacet
  facet normal 0.211086 -0.977467 0
    outer loop
      vertex 3.64468 1.4714 5
      vertex 3.56795 1.45483 0
      vertex 3.64468 1.4714 0
    endloop
  endfacet
  facet normal -0.0817804 -0.99665 0
    outer loop
      vertex 3.80118 1.48166 0
      vertex 3.87942 1.47524 5
      vertex 3.80118 1.48166 5
    endloop
  endfacet
  facet normal -0.0817804 -0.99665 -0
    outer loop
      vertex 3.87942 1.47524 5
      vertex 3.80118 1.48166 0
      vertex 3.87942 1.47524 0
    endloop
  endfacet
  facet normal 0.0164309 -0.999865 0
    outer loop
      vertex 3.72268 1.48037 0
      vertex 3.80118 1.48166 5
      vertex 3.72268 1.48037 5
    endloop
  endfacet
  facet normal 0.0164309 -0.999865 0
    outer loop
      vertex 3.80118 1.48166 5
      vertex 3.72268 1.48037 0
      vertex 3.80118 1.48166 0
    endloop
  endfacet
  facet normal -0.367457 -0.930041 0
    outer loop
      vertex 4.03215 1.43963 0
      vertex 4.10517 1.41078 5
      vertex 4.03215 1.43963 5
    endloop
  endfacet
  facet normal -0.367457 -0.930041 -0
    outer loop
      vertex 4.10517 1.41078 5
      vertex 4.03215 1.43963 0
      vertex 4.10517 1.41078 0
    endloop
  endfacet
  facet normal 0.114247 -0.993452 0
    outer loop
      vertex 3.64468 1.4714 0
      vertex 3.72268 1.48037 5
      vertex 3.64468 1.4714 5
    endloop
  endfacet
  facet normal 0.114247 -0.993452 0
    outer loop
      vertex 3.72268 1.48037 5
      vertex 3.64468 1.4714 0
      vertex 3.72268 1.48037 0
    endloop
  endfacet
  facet normal -0.178964 -0.983856 0
    outer loop
      vertex 3.87942 1.47524 0
      vertex 3.95666 1.46119 5
      vertex 3.87942 1.47524 5
    endloop
  endfacet
  facet normal -0.178964 -0.983856 -0
    outer loop
      vertex 3.95666 1.46119 5
      vertex 3.87942 1.47524 0
      vertex 3.95666 1.46119 0
    endloop
  endfacet
  facet normal -0.27462 -0.961553 0
    outer loop
      vertex 3.95666 1.46119 0
      vertex 4.03215 1.43963 5
      vertex 3.95666 1.46119 5
    endloop
  endfacet
  facet normal -0.27462 -0.961553 -0
    outer loop
      vertex 4.03215 1.43963 5
      vertex 3.95666 1.46119 0
      vertex 4.03215 1.43963 0
    endloop
  endfacet
  facet normal -0.456919 -0.889508 0
    outer loop
      vertex 4.10517 1.41078 0
      vertex 4.175 1.37491 5
      vertex 4.10517 1.41078 5
    endloop
  endfacet
  facet normal -0.456919 -0.889508 -0
    outer loop
      vertex 4.175 1.37491 5
      vertex 4.10517 1.41078 0
      vertex 4.175 1.37491 0
    endloop
  endfacet
  facet normal 0.39774 -0.917498 0
    outer loop
      vertex 3.46222 1.41738 0
      vertex 3.4932 1.43081 5
      vertex 3.46222 1.41738 5
    endloop
  endfacet
  facet normal 0.39774 -0.917498 0
    outer loop
      vertex 3.4932 1.43081 5
      vertex 3.46222 1.41738 0
      vertex 3.4932 1.43081 0
    endloop
  endfacet
  facet normal 0.305931 -0.952054 0
    outer loop
      vertex 3.4932 1.43081 0
      vertex 3.56795 1.45483 5
      vertex 3.4932 1.43081 5
    endloop
  endfacet
  facet normal 0.305931 -0.952054 0
    outer loop
      vertex 3.56795 1.45483 5
      vertex 3.4932 1.43081 0
      vertex 3.56795 1.45483 0
    endloop
  endfacet
  facet normal -0.977473 -0.211062 -2.48151e-20
    outer loop
      vertex 4.56431 0.812402 0
      vertex 4.54774 0.889141 5
      vertex 4.54774 0.889141 0
    endloop
  endfacet
  facet normal -0.977473 -0.211062 -2.48151e-20
    outer loop
      vertex 4.54774 0.889141 5
      vertex 4.56431 0.812402 0
      vertex 4.56431 0.812402 5
    endloop
  endfacet
  facet normal -0.952085 -0.305834 -1.69932e-20
    outer loop
      vertex 4.54774 0.889141 0
      vertex 4.52373 0.963886 5
      vertex 4.52373 0.963886 0
    endloop
  endfacet
  facet normal -0.952085 -0.305834 -1.69932e-20
    outer loop
      vertex 4.52373 0.963886 5
      vertex 4.54774 0.889141 0
      vertex 4.54774 0.889141 5
    endloop
  endfacet
  facet normal -0.762511 -0.646975 5.27077e-19
    outer loop
      vertex 4.40968 1.1691 0
      vertex 4.35889 1.22896 5
      vertex 4.35889 1.22896 0
    endloop
  endfacet
  facet normal -0.762511 -0.646975 5.27077e-19
    outer loop
      vertex 4.35889 1.22896 5
      vertex 4.40968 1.1691 0
      vertex 4.40968 1.1691 5
    endloop
  endfacet
  facet normal -0.695485 -0.718541 0
    outer loop
      vertex 4.30248 1.28356 0
      vertex 4.35889 1.22896 5
      vertex 4.30248 1.28356 5
    endloop
  endfacet
  facet normal -0.695485 -0.718541 -0
    outer loop
      vertex 4.35889 1.22896 5
      vertex 4.30248 1.28356 0
      vertex 4.35889 1.22896 0
    endloop
  endfacet
  facet normal -0.621583 -0.783348 0
    outer loop
      vertex 4.24098 1.33236 0
      vertex 4.30248 1.28356 5
      vertex 4.24098 1.33236 5
    endloop
  endfacet
  facet normal -0.621583 -0.783348 -0
    outer loop
      vertex 4.30248 1.28356 5
      vertex 4.24098 1.33236 0
      vertex 4.30248 1.28356 0
    endloop
  endfacet
  facet normal -0.993438 -0.114376 -3.57284e-21
    outer loop
      vertex 4.56753 0.784434 0
      vertex 4.56431 0.812402 5
      vertex 4.56431 0.812402 0
    endloop
  endfacet
  facet normal -0.993438 -0.114376 -3.57284e-21
    outer loop
      vertex 4.56431 0.812402 5
      vertex 4.56753 0.784434 0
      vertex 4.56753 0.784434 5
    endloop
  endfacet
  facet normal -0.917485 -0.397771 2.8212e-19
    outer loop
      vertex 4.52373 0.963886 0
      vertex 4.4925 1.03592 5
      vertex 4.4925 1.03592 0
    endloop
  endfacet
  facet normal -0.917485 -0.397771 2.8212e-19
    outer loop
      vertex 4.4925 1.03592 5
      vertex 4.52373 0.963886 0
      vertex 4.52373 0.963886 5
    endloop
  endfacet
  facet normal -0.874061 -0.485816 5.15187e-19
    outer loop
      vertex 4.4925 1.03592 0
      vertex 4.45436 1.10454 5
      vertex 4.45436 1.10454 0
    endloop
  endfacet
  facet normal -0.874061 -0.485816 5.15187e-19
    outer loop
      vertex 4.45436 1.10454 5
      vertex 4.4925 1.03592 0
      vertex 4.4925 1.03592 5
    endloop
  endfacet
  facet normal -0.822284 -0.569078 5.55605e-20
    outer loop
      vertex 4.45436 1.10454 0
      vertex 4.40968 1.1691 5
      vertex 4.40968 1.1691 0
    endloop
  endfacet
  facet normal -0.822284 -0.569078 5.55605e-20
    outer loop
      vertex 4.40968 1.1691 5
      vertex 4.45436 1.10454 0
      vertex 4.45436 1.10454 5
    endloop
  endfacet
  facet normal -0.889508 -0.456919 3.9706e-19
    outer loop
      vertex 1.41078 4.10517 0
      vertex 1.37491 4.175 5
      vertex 1.37491 4.175 0
    endloop
  endfacet
  facet normal -0.889508 -0.456919 3.9706e-19
    outer loop
      vertex 1.37491 4.175 5
      vertex 1.41078 4.10517 0
      vertex 1.41078 4.10517 5
    endloop
  endfacet
  facet normal -0.305834 -0.952085 0
    outer loop
      vertex 0.889141 4.54774 0
      vertex 0.963886 4.52373 5
      vertex 0.889141 4.54774 5
    endloop
  endfacet
  facet normal -0.305834 -0.952085 -0
    outer loop
      vertex 0.963886 4.52373 5
      vertex 0.889141 4.54774 0
      vertex 0.963886 4.52373 0
    endloop
  endfacet
  facet normal -0.983856 -0.178964 -1.18412e-19
    outer loop
      vertex 1.47524 3.87942 0
      vertex 1.46119 3.95666 5
      vertex 1.46119 3.95666 0
    endloop
  endfacet
  facet normal -0.983856 -0.178964 -1.18412e-19
    outer loop
      vertex 1.46119 3.95666 5
      vertex 1.47524 3.87942 0
      vertex 1.47524 3.87942 5
    endloop
  endfacet
  facet normal -0.569078 -0.822284 0
    outer loop
      vertex 1.10454 4.45436 0
      vertex 1.1691 4.40968 5
      vertex 1.10454 4.45436 5
    endloop
  endfacet
  facet normal -0.569078 -0.822284 -0
    outer loop
      vertex 1.1691 4.40968 5
      vertex 1.10454 4.45436 0
      vertex 1.1691 4.40968 0
    endloop
  endfacet
  facet normal -0.485816 -0.874061 0
    outer loop
      vertex 1.03592 4.4925 0
      vertex 1.10454 4.45436 5
      vertex 1.03592 4.4925 5
    endloop
  endfacet
  facet normal -0.485816 -0.874061 -0
    outer loop
      vertex 1.10454 4.45436 5
      vertex 1.03592 4.4925 0
      vertex 1.10454 4.45436 0
    endloop
  endfacet
  facet normal -0.952054 0.305931 -2.12798e-19
    outer loop
      vertex 1.43081 3.4932 0
      vertex 1.45483 3.56795 5
      vertex 1.45483 3.56795 0
    endloop
  endfacet
  facet normal -0.952054 0.305931 -2.12798e-19
    outer loop
      vertex 1.45483 3.56795 5
      vertex 1.43081 3.4932 0
      vertex 1.43081 3.4932 5
    endloop
  endfacet
  facet normal -0.977467 0.211086 1.92339e-19
    outer loop
      vertex 1.45483 3.56795 0
      vertex 1.4714 3.64468 5
      vertex 1.4714 3.64468 0
    endloop
  endfacet
  facet normal -0.977467 0.211086 1.92339e-19
    outer loop
      vertex 1.4714 3.64468 5
      vertex 1.45483 3.56795 0
      vertex 1.45483 3.56795 5
    endloop
  endfacet
  facet normal -0.961553 -0.27462 1.90967e-19
    outer loop
      vertex 1.46119 3.95666 0
      vertex 1.43963 4.03215 5
      vertex 1.43963 4.03215 0
    endloop
  endfacet
  facet normal -0.961553 -0.27462 1.90967e-19
    outer loop
      vertex 1.43963 4.03215 5
      vertex 1.46119 3.95666 0
      vertex 1.46119 3.95666 5
    endloop
  endfacet
  facet normal -0.783348 -0.621583 2.89144e-19
    outer loop
      vertex 1.33236 4.24098 0
      vertex 1.28356 4.30248 5
      vertex 1.28356 4.30248 0
    endloop
  endfacet
  facet normal -0.783348 -0.621583 2.89144e-19
    outer loop
      vertex 1.28356 4.30248 5
      vertex 1.33236 4.24098 0
      vertex 1.33236 4.24098 5
    endloop
  endfacet
  facet normal -0.397771 -0.917485 0
    outer loop
      vertex 0.963886 4.52373 0
      vertex 1.03592 4.4925 5
      vertex 0.963886 4.52373 5
    endloop
  endfacet
  facet normal -0.397771 -0.917485 -0
    outer loop
      vertex 1.03592 4.4925 5
      vertex 0.963886 4.52373 0
      vertex 1.03592 4.4925 0
    endloop
  endfacet
  facet normal -0.646975 -0.762511 0
    outer loop
      vertex 1.1691 4.40968 0
      vertex 1.22896 4.35889 5
      vertex 1.1691 4.40968 5
    endloop
  endfacet
  facet normal -0.646975 -0.762511 -0
    outer loop
      vertex 1.22896 4.35889 5
      vertex 1.1691 4.40968 0
      vertex 1.22896 4.35889 0
    endloop
  endfacet
  facet normal -0.718541 -0.695485 8.46964e-20
    outer loop
      vertex 1.28356 4.30248 0
      vertex 1.22896 4.35889 5
      vertex 1.22896 4.35889 0
    endloop
  endfacet
  facet normal -0.718541 -0.695485 8.46964e-20
    outer loop
      vertex 1.22896 4.35889 5
      vertex 1.28356 4.30248 0
      vertex 1.28356 4.30248 5
    endloop
  endfacet
  facet normal -0.8404 -0.541967 5.25415e-19
    outer loop
      vertex 1.37491 4.175 0
      vertex 1.33236 4.24098 5
      vertex 1.33236 4.24098 0
    endloop
  endfacet
  facet normal -0.8404 -0.541967 5.25415e-19
    outer loop
      vertex 1.33236 4.24098 5
      vertex 1.37491 4.175 0
      vertex 1.37491 4.175 5
    endloop
  endfacet
  facet normal -0.114376 -0.993438 0
    outer loop
      vertex 0.784434 4.56753 0
      vertex 0.812402 4.56431 5
      vertex 0.784434 4.56753 5
    endloop
  endfacet
  facet normal -0.114376 -0.993438 -0
    outer loop
      vertex 0.812402 4.56431 5
      vertex 0.784434 4.56753 0
      vertex 0.812402 4.56431 0
    endloop
  endfacet
  facet normal -0.211062 -0.977473 0
    outer loop
      vertex 0.812402 4.56431 0
      vertex 0.889141 4.54774 5
      vertex 0.812402 4.56431 5
    endloop
  endfacet
  facet normal -0.211062 -0.977473 -0
    outer loop
      vertex 0.889141 4.54774 5
      vertex 0.812402 4.56431 0
      vertex 0.889141 4.54774 0
    endloop
  endfacet
  facet normal -0.917498 0.39774 1.59607e-19
    outer loop
      vertex 1.41738 3.46222 0
      vertex 1.43081 3.4932 5
      vertex 1.43081 3.4932 0
    endloop
  endfacet
  facet normal -0.917498 0.39774 1.59607e-19
    outer loop
      vertex 1.43081 3.4932 5
      vertex 1.41738 3.46222 0
      vertex 1.41738 3.46222 5
    endloop
  endfacet
  facet normal -0.999865 0.0164309 1.01988e-20
    outer loop
      vertex 1.48037 3.72268 0
      vertex 1.48166 3.80118 5
      vertex 1.48166 3.80118 0
    endloop
  endfacet
  facet normal -0.999865 0.0164309 1.01988e-20
    outer loop
      vertex 1.48166 3.80118 5
      vertex 1.48037 3.72268 0
      vertex 1.48037 3.72268 5
    endloop
  endfacet
  facet normal -0.99665 -0.0817804 -2.48166e-20
    outer loop
      vertex 1.48166 3.80118 0
      vertex 1.47524 3.87942 5
      vertex 1.47524 3.87942 0
    endloop
  endfacet
  facet normal -0.99665 -0.0817804 -2.48166e-20
    outer loop
      vertex 1.47524 3.87942 5
      vertex 1.48166 3.80118 0
      vertex 1.48166 3.80118 5
    endloop
  endfacet
  facet normal -0.930041 -0.367457 -2.72409e-19
    outer loop
      vertex 1.43963 4.03215 0
      vertex 1.41078 4.10517 5
      vertex 1.41078 4.10517 0
    endloop
  endfacet
  facet normal -0.930041 -0.367457 -2.72409e-19
    outer loop
      vertex 1.41078 4.10517 5
      vertex 1.43963 4.03215 0
      vertex 1.43963 4.03215 5
    endloop
  endfacet
  facet normal -0.993452 0.114247 -9.17005e-21
    outer loop
      vertex 1.4714 3.64468 0
      vertex 1.48037 3.72268 5
      vertex 1.48037 3.72268 0
    endloop
  endfacet
  facet normal -0.993452 0.114247 -9.17005e-21
    outer loop
      vertex 1.48037 3.72268 5
      vertex 1.4714 3.64468 0
      vertex 1.4714 3.64468 5
    endloop
  endfacet
  facet normal -1 0 0
    outer loop
      vertex 8.7 8 0
      vertex 8.7 14.5 0.599999
      vertex 8.7 14.5 0
    endloop
  endfacet
  facet normal -1 -0 0
    outer loop
      vertex 8.7 14.5 0.599999
      vertex 8.7 8 0
      vertex 8.7 8 0.599999
    endloop
  endfacet
  facet normal 0 0 -1
    outer loop
      vertex 7.3 8 0.599999
      vertex 8.7 14.5 0.599999
      vertex 8.7 8 0.599999
    endloop
  endfacet
  facet normal -0 0 -1
    outer loop
      vertex 8.7 14.5 0.599999
      vertex 7.3 8 0.599999
      vertex 7.3 14.5 0.599999
    endloop
  endfacet
  facet normal 1 -0 0
    outer loop
      vertex 7.3 8 0.599999
      vertex 7.3 14.5 0
      vertex 7.3 14.5 0.599999
    endloop
  endfacet
  facet normal 1 0 0
    outer loop
      vertex 7.3 14.5 0
      vertex 7.3 8 0.599999
      vertex 7.3 8 0
    endloop
  endfacet
  facet normal 0 -1 0
    outer loop
      vertex 7.3 14.5 0
      vertex 8.7 14.5 0.599999
      vertex 7.3 14.5 0.599999
    endloop
  endfacet
  facet normal 0 -1 -0
    outer loop
      vertex 8.7 14.5 0.599999
      vertex 7.3 14.5 0
      vertex 8.7 14.5 0
    endloop
  endfacet
  facet normal 0 1 -0
    outer loop
      vertex 8.7 8 0
      vertex 7.3 8 0.599999
      vertex 8.7 8 0.599999
    endloop
  endfacet
  facet normal 0 1 0
    outer loop
      vertex 7.3 8 0.599999
      vertex 8.7 8 0
      vertex 7.3 8 0
    endloop
  endfacet
endsolid OpenSCAD_Model
